date,tavg_om,tmax_om,tmin_om,precip_om_mm,et0_mm,wind_max_kmh,solar_mj_m2,water_balance_mm,cumulative_water_mm,tavg_imgw,precip_imgw_mm
2025-01-01,3.4,6.2,0.2,0.0,1.25,26.6,2.62,-1.25,-1.25,3.8,
2025-01-02,5.1,8.8,-1.5,1.7,1.69,29.4,0.72,0.010000000000000009,-1.24,5.4,0.2
2025-01-03,-0.2,1.9,-2.2,2.0,0.43,26.4,1.67,1.57,0.33000000000000007,0.0,2.5
2025-01-04,-2.8,-0.9,-5.5,0.2,0.62,27.0,4.16,-0.42,-0.08999999999999991,-3.0,0.0
2025-01-05,-3.7,-2.2,-5.8,0.0,0.26,14.4,3.56,-0.26,-0.3499999999999999,-3.9,1.8
2025-01-06,1.8,4.9,-2.5,6.1,0.28,20.9,2.31,5.819999999999999,5.47,2.0,2.0
2025-01-07,3.6,4.7,2.5,4.1,0.16,21.8,0.57,3.9399999999999995,9.41,4.6,2.0
2025-01-08,1.2,2.7,-0.4,0.4,0.31,21.2,2.53,0.09000000000000002,9.5,2.0,1.1
2025-01-09,2.0,6.7,-2.0,2.6,0.2,20.3,1.87,2.4,11.9,2.7,4.1
2025-01-10,2.4,6.7,0.3,2.3,0.45,29.5,1.55,1.8499999999999999,13.75,3.0,0.5
2025-01-11,-0.3,0.6,-0.8,7.9,0.31,26.5,1.22,7.590000000000001,21.34,0.3,4.4
2025-01-12,-0.1,0.8,-1.5,4.0,0.14,21.7,1.04,3.86,25.2,0.3,2.5
2025-01-13,-2.1,-0.9,-4.7,0.0,0.26,17.0,3.73,-0.26,24.939999999999998,-0.7,
2025-01-14,-1.2,0.6,-3.2,3.2,0.38,20.9,3.02,2.8200000000000003,27.759999999999998,0.0,6.8
2025-01-15,0.9,1.6,0.0,3.3,0.15,19.4,1.26,3.15,30.909999999999997,1.3,0.9
2025-01-16,1.3,2.0,0.8,0.0,0.17,17.6,1.6,-0.17,30.739999999999995,2.0,0.0
2025-01-17,1.8,3.0,1.3,0.0,0.19,19.0,1.76,-0.19,30.549999999999994,2.3,
2025-01-18,1.6,4.2,0.1,0.0,0.4,16.3,4.31,-0.4,30.149999999999995,2.1,0.0
2025-01-19,0.6,2.9,-2.3,0.0,0.25,7.4,2.13,-0.25,29.899999999999995,0.3,
2025-01-20,-0.2,5.2,-2.6,0.0,0.43,7.8,5.02,-0.43,29.469999999999995,0.3,
2025-01-21,0.9,3.8,-1.3,0.0,0.33,9.9,3.44,-0.33,29.139999999999997,1.2,
2025-01-22,0.1,2.0,-1.6,0.0,0.23,5.7,2.47,-0.23,28.909999999999997,1.1,
2025-01-23,0.5,2.5,-1.4,0.1,0.23,17.7,2.22,-0.13,28.779999999999998,1.0,
2025-01-24,2.7,6.4,0.0,0.2,0.49,14.6,4.73,-0.29,28.49,3.8,0.0
2025-01-25,5.7,9.4,1.0,0.7,0.97,19.8,4.85,-0.27,28.22,6.1,
2025-01-26,5.5,7.4,3.5,0.5,0.43,15.0,2.03,0.07,28.29,6.2,0.0
2025-01-27,5.6,10.9,1.6,0.0,0.58,14.4,5.29,-0.58,27.71,6.0,
2025-01-28,7.0,10.2,3.2,0.4,0.79,18.9,4.96,-0.39,27.32,7.7,0.0
2025-01-29,8.3,10.8,6.2,0.5,0.86,21.4,3.65,-0.36,26.96,9.7,0.0
2025-01-30,6.1,10.3,3.0,0.0,0.77,15.7,5.99,-0.77,26.19,6.5,
2025-01-31,3.9,6.8,0.9,0.8,0.46,23.5,2.39,0.34,26.53,3.1,1.1
2025-02-01,2.3,4.0,0.9,0.1,0.54,18.7,2.66,-0.44000000000000006,26.09,2.2,0.0
2025-02-02,1.0,2.9,-0.9,1.8,0.37,11.6,3.14,1.4300000000000002,27.52,1.3,0.0
2025-02-03,-1.1,1.3,-4.4,0.0,0.49,14.0,5.19,-0.49,27.03,-0.6,0.0
2025-02-04,1.3,4.6,-0.5,0.3,0.61,10.9,6.74,-0.31,26.720000000000002,2.3,
2025-02-05,0.5,4.7,-2.5,0.0,0.66,11.6,6.55,-0.66,26.060000000000002,1.9,0.3
2025-02-06,1.4,3.8,-1.8,0.6,0.25,9.0,1.9,0.35,26.410000000000004,2.5,0.3
2025-02-07,-0.3,1.0,-2.3,0.5,0.74,21.0,4.1,-0.24,26.170000000000005,0.3,
2025-02-08,-1.6,1.6,-2.9,0.0,0.98,20.3,5.96,-0.98,25.190000000000005,-1.6,
2025-02-09,-2.6,2.5,-5.7,0.0,0.9,14.8,7.97,-0.9,24.290000000000006,-3.0,
2025-02-10,-3.8,1.4,-7.3,0.0,0.77,11.0,8.46,-0.77,23.520000000000007,-3.4,
2025-02-11,-5.8,-1.5,-8.1,0.0,0.64,16.2,6.82,-0.64,22.880000000000006,-6.6,0.0
2025-02-12,-3.6,2.7,-7.3,0.0,0.96,14.9,8.71,-0.96,21.920000000000005,-4.1,
2025-02-13,-2.1,2.2,-6.3,0.1,0.6,13.2,3.71,-0.5,21.420000000000005,-2.3,1.5
2025-02-14,-1.8,-0.6,-4.8,1.3,0.64,16.5,4.33,0.66,22.080000000000005,-1.7,0.0
2025-02-15,-3.9,-0.2,-6.3,0.9,0.69,16.9,7.3,0.21000000000000008,22.290000000000006,-3.6,0.1
2025-02-16,-5.0,-0.2,-7.9,0.6,0.74,15.5,8.1,-0.14,22.150000000000006,-5.2,0.0
2025-02-17,-6.3,-0.3,-10.8,0.0,0.92,13.4,9.43,-0.92,21.230000000000004,-7.2,
2025-02-18,-5.5,-1.0,-10.1,0.0,0.6,13.9,5.61,-0.6,20.630000000000003,-6.7,0.0
2025-02-19,-2.6,0.7,-6.4,0.0,0.53,17.0,4.87,-0.53,20.1,-2.7,0.0
2025-02-20,-2.1,1.5,-4.3,0.1,0.67,11.8,5.5,-0.5700000000000001,19.53,-2.1,0.0
2025-02-21,-2.9,2.4,-7.3,0.0,1.2,17.8,8.05,-1.2,18.330000000000002,-2.1,
2025-02-22,-0.7,5.3,-5.0,0.0,1.62,15.4,10.32,-1.62,16.71,-0.2,
2025-02-23,0.7,7.1,-3.2,0.0,1.4,15.7,9.68,-1.4,15.31,1.4,
2025-02-24,2.4,6.9,-0.8,0.4,0.81,7.4,6.84,-0.41000000000000003,14.9,3.1,
2025-02-25,3.8,9.2,0.9,0.0,0.9,13.2,8.1,-0.9,14.0,4.2,
2025-02-26,4.4,10.0,-0.6,0.0,0.79,9.8,6.21,-0.79,13.21,4.6,0.0
2025-02-27,5.5,9.5,3.2,0.4,0.67,8.0,4.9,-0.27,12.940000000000001,6.7,2.5
2025-02-28,4.5,8.6,2.3,2.4,0.76,15.2,5.9,1.64,14.580000000000002,4.8,1.0
2025-03-01,1.8,2.3,1.2,3.9,0.25,16.5,2.24,3.65,18.23,2.4,3.4
2025-03-02,1.7,3.9,-1.2,0.1,0.56,20.2,3.45,-0.4600000000000001,17.77,1.6,0.0
2025-03-03,5.0,8.2,2.7,0.0,1.14,26.8,6.44,-1.14,16.63,5.0,
2025-03-04,6.3,10.6,2.7,0.0,1.87,24.6,11.99,-1.87,14.759999999999998,7.0,
2025-03-05,7.8,14.6,2.8,0.0,3.02,22.2,12.98,-3.02,11.739999999999998,9.7,
2025-03-06,9.6,18.2,4.3,0.0,2.63,18.4,13.14,-2.63,9.11,11.4,
2025-03-07,8.0,16.2,1.9,0.0,1.65,9.5,11.62,-1.65,7.459999999999999,7.8,
2025-03-08,6.8,17.2,-0.8,0.0,1.91,7.7,13.42,-1.91,5.549999999999999,10.3,
2025-03-09,7.2,15.7,0.0,0.0,1.64,9.1,10.77,-1.64,3.9099999999999993,10.9,
2025-03-10,10.6,20.4,2.8,0.0,2.45,15.7,12.71,-2.45,1.459999999999999,12.6,
2025-03-11,10.2,14.9,5.6,0.0,2.04,16.5,12.31,-2.04,-0.580000000000001,11.3,0.0
2025-03-12,9.1,15.6,3.3,4.2,1.88,14.6,12.75,2.3200000000000003,1.7399999999999993,10.4,6.1
2025-03-13,8.7,11.8,3.8,10.8,0.48,25.2,2.85,10.32,12.059999999999999,8.7,10.9
2025-03-14,3.3,6.8,1.2,4.4,0.95,25.8,6.5,3.45,15.509999999999998,3.6,0.2
2025-03-15,2.0,6.6,-1.8,0.0,1.56,11.7,14.26,-1.56,13.949999999999998,3.1,
2025-03-16,1.5,7.2,-4.1,0.0,1.8,11.6,15.5,-1.8,12.149999999999997,2.8,0.2
2025-03-17,0.4,3.7,-3.7,1.5,1.75,22.8,15.45,-0.25,11.899999999999997,0.7,
2025-03-18,0.3,6.4,-4.9,0.0,1.68,23.3,11.34,-1.68,10.219999999999997,1.6,
2025-03-19,2.9,9.6,-2.1,0.0,2.24,16.1,16.08,-2.24,7.979999999999997,4.2,
2025-03-20,4.6,13.2,-2.2,0.0,2.29,9.3,16.34,-2.29,5.689999999999997,5.2,
2025-03-21,6.9,15.1,-1.0,0.0,2.18,11.4,15.61,-2.18,3.5099999999999967,8.0,
2025-03-22,8.0,14.4,3.0,0.1,2.7,23.3,12.52,-2.6,0.9099999999999966,8.9,
2025-03-23,8.1,13.4,4.4,2.5,2.54,22.5,13.69,-0.040000000000000036,0.8699999999999966,8.4,2.6
2025-03-24,7.0,10.9,5.6,1.6,0.95,13.5,6.24,0.6500000000000001,1.5199999999999967,6.0,0.0
2025-03-25,6.4,12.7,-0.9,0.0,2.01,10.9,14.69,-2.01,-0.4900000000000031,5.7,
2025-03-26,8.5,13.7,3.7,0.2,1.88,11.4,11.7,-1.68,-2.170000000000003,7.8,0.0
2025-03-27,7.8,9.8,6.4,0.5,1.07,10.5,6.9,-0.5700000000000001,-2.740000000000003,6.9,
2025-03-28,7.4,13.9,-0.2,0.0,2.42,12.6,17.76,-2.42,-5.160000000000003,7.2,
2025-03-29,10.0,16.5,5.3,0.0,2.85,17.2,17.82,-2.85,-8.010000000000003,11.0,
2025-03-30,9.0,16.4,2.3,1.8,2.34,14.4,14.57,-0.5399999999999998,-8.550000000000002,9.8,0.5
2025-03-31,8.3,12.7,3.8,0.5,1.85,15.1,11.55,-1.35,-9.900000000000002,8.6,0.0
2025-04-01,9.6,14.4,5.2,0.8,2.37,16.5,14.86,-1.57,-11.470000000000002,9.8,0.0
2025-04-02,11.0,16.9,6.1,0.0,3.36,19.0,18.76,-3.36,-14.830000000000002,12.0,
2025-04-03,11.6,18.5,5.2,0.0,3.0,12.2,18.46,-3.0,-17.830000000000002,13.1,
2025-04-04,12.5,19.6,4.4,0.0,3.22,14.3,18.7,-3.22,-21.05,14.1,
2025-04-05,4.9,9.8,1.0,3.0,2.48,29.3,16.19,0.52,-20.53,3.9,0.9
2025-04-06,1.3,4.2,-1.1,0.0,2.35,25.9,16.5,-2.35,-22.880000000000003,1.7,
2025-04-07,2.7,7.4,-3.2,0.5,2.18,21.7,15.0,-1.6800000000000002,-24.560000000000002,3.4,
2025-04-08,4.6,8.9,0.3,0.4,2.45,24.7,14.41,-2.0500000000000003,-26.610000000000003,5.2,
2025-04-09,3.7,9.7,-2.9,1.3,2.23,21.2,16.06,-0.9299999999999999,-27.540000000000003,4.2,3.2
2025-04-10,2.8,5.9,-1.6,3.5,1.97,28.0,14.37,1.53,-26.01,2.1,3.5
2025-04-11,6.3,9.6,2.5,7.3,0.95,25.5,5.13,6.35,-19.660000000000004,6.2,2.6
2025-04-12,8.4,15.2,0.4,0.0,2.61,11.4,17.64,-2.61,-22.270000000000003,8.7,
2025-04-13,12.3,20.2,3.8,0.0,3.64,17.1,20.78,-3.64,-25.910000000000004,13.5,
2025-04-14,16.8,22.5,12.4,0.1,3.58,12.6,17.48,-3.48,-29.390000000000004,17.8,
2025-04-15,14.1,19.4,9.3,1.8,2.76,25.5,14.28,-0.9599999999999997,-30.350000000000005,14.3,2.5
2025-04-16,17.2,24.2,11.6,0.7,3.17,17.7,15.47,-2.4699999999999998,-32.82000000000001,17.4,
2025-04-17,19.9,27.8,11.9,0.0,4.74,18.8,20.53,-4.74,-37.56000000000001,20.6,
2025-04-18,19.9,26.8,14.9,0.1,3.82,16.2,17.04,-3.7199999999999998,-41.28000000000001,19.9,4.8
2025-04-19,15.7,20.0,11.1,0.0,3.22,14.7,16.97,-3.22,-44.50000000000001,15.2,
2025-04-20,16.6,24.0,8.8,0.0,4.12,13.4,20.76,-4.12,-48.620000000000005,17.6,
2025-04-21,17.8,24.8,8.5,0.0,3.86,9.0,19.52,-3.86,-52.480000000000004,18.0,
2025-04-22,16.5,21.0,10.1,0.0,3.62,16.4,19.07,-3.62,-56.1,15.9,0.0
2025-04-23,15.5,21.8,8.4,0.0,3.72,8.1,21.59,-3.72,-59.82,15.8,
2025-04-24,16.7,23.4,9.9,2.0,3.96,15.0,20.7,-1.96,-61.78,16.7,12.5
2025-04-25,12.5,16.5,8.9,9.6,3.22,19.1,17.96,6.379999999999999,-55.400000000000006,12.0,0.1
2025-04-26,7.8,12.4,2.3,0.0,3.54,14.6,24.12,-3.54,-58.940000000000005,7.9,
2025-04-27,7.8,14.1,0.4,0.0,3.42,10.2,24.58,-3.42,-62.36000000000001,8.3,
2025-04-28,10.8,18.6,0.2,0.0,3.87,8.4,24.84,-3.87,-66.23,11.2,
2025-04-29,13.7,20.4,4.3,0.0,3.97,20.7,18.89,-3.97,-70.2,13.9,
2025-04-30,14.3,20.0,6.0,0.0,4.21,15.9,23.95,-4.21,-74.41,14.9,
2025-05-01,14.5,19.6,8.1,0.0,4.19,11.8,24.73,-4.19,-78.6,14.2,
2025-05-02,16.5,24.8,6.4,0.0,4.87,17.1,23.18,-4.87,-83.47,16.6,5.2
2025-05-03,17.3,21.6,13.1,2.0,3.37,14.9,19.03,-1.37,-84.84,17.4,7.3
2025-05-04,13.8,15.9,9.4,9.6,3.37,26.9,20.51,6.2299999999999995,-78.61,13.4,
2025-05-05,8.1,10.8,5.2,0.0,1.92,15.5,9.52,-1.92,-80.53,7.9,0.0
2025-05-06,8.9,14.5,1.8,0.0,3.46,12.3,22.74,-3.46,-83.99,9.7,
2025-05-07,8.6,13.5,3.6,0.0,3.66,17.9,23.78,-3.66,-87.64999999999999,8.7,
2025-05-08,7.2,11.8,1.0,0.0,3.32,14.5,21.88,-3.32,-90.96999999999998,6.9,
2025-05-09,7.4,11.5,2.2,1.0,2.39,15.2,14.53,-1.3900000000000001,-92.35999999999999,7.3,4.9
2025-05-10,8.6,11.0,6.2,7.4,1.71,17.7,11.79,5.69,-86.66999999999999,8.3,0.1
2025-05-11,8.2,12.8,3.8,2.4,3.09,9.9,22.79,-0.69,-87.35999999999999,8.8,
2025-05-12,9.0,13.3,3.1,0.0,2.98,12.3,19.07,-2.98,-90.33999999999999,10.2,
2025-05-13,10.4,15.8,4.2,0.0,4.09,14.7,26.8,-4.09,-94.42999999999999,11.2,0.9
2025-05-14,12.6,19.0,8.1,8.7,3.19,24.9,18.83,5.51,-88.91999999999999,13.1,19.3
2025-05-15,6.7,11.3,3.3,1.6,2.68,19.1,21.9,-1.08,-89.99999999999999,6.0,8.2
2025-05-16,6.6,8.9,4.1,8.9,1.55,28.3,11.85,7.3500000000000005,-82.64999999999999,6.8,8.9
2025-05-17,7.1,10.1,4.1,6.6,1.86,29.2,14.89,4.739999999999999,-77.91,7.4,1.2
2025-05-18,7.1,10.6,3.3,1.2,1.92,9.0,14.89,-0.72,-78.63,8.1,0.9
2025-05-19,9.5,14.5,3.0,0.1,3.02,12.6,20.61,-2.92,-81.55,10.7,0.0
2025-05-20,13.9,20.2,7.7,0.6,4.13,17.8,25.83,-3.53,-85.08,15.8,
2025-05-21,16.5,22.2,10.4,0.0,4.62,15.9,25.4,-4.62,-89.7,15.5,0.7
2025-05-22,14.8,20.0,11.2,3.9,3.05,16.2,16.56,0.8500000000000001,-88.85000000000001,14.0,5.8
2025-05-23,11.4,14.8,8.7,4.7,2.49,13.8,14.98,2.21,-86.64000000000001,11.9,
2025-05-24,11.7,15.4,7.9,0.0,2.76,10.9,15.93,-2.76,-89.40000000000002,12.5,
2025-05-25,12.7,18.7,4.6,0.0,4.09,9.0,25.06,-4.09,-93.49000000000002,13.5,
2025-05-26,13.9,19.9,6.1,3.4,3.38,14.6,20.34,0.020000000000000018,-93.47000000000003,14.5,
2025-05-27,15.6,21.2,9.1,0.0,4.93,13.7,28.06,-4.93,-98.40000000000003,16.3,
2025-05-28,17.5,23.2,9.6,0.0,4.37,14.9,22.04,-4.37,-102.77000000000004,17.9,3.8
2025-05-29,14.5,17.6,11.3,10.2,1.94,25.0,9.81,8.26,-94.51000000000003,14.5,4.7
2025-05-30,13.8,20.0,6.7,0.1,3.53,18.4,20.57,-3.4299999999999997,-97.94000000000003,14.4,0.7
2025-05-31,18.6,23.0,14.1,0.7,4.38,18.3,25.11,-3.6799999999999997,-101.62000000000003,18.8,0.0
2025-06-01,19.6,25.5,12.8,0.5,4.77,11.4,25.62,-4.27,-105.89000000000003,20.8,1.9
2025-06-02,20.3,24.6,17.0,0.1,4.29,16.6,22.1,-4.19,-110.08000000000003,20.5,12.6
2025-06-03,18.3,22.2,14.8,9.6,2.9,15.6,16.25,6.699999999999999,-103.38000000000002,17.2,0.0
2025-06-04,19.7,26.2,11.6,0.3,4.29,16.2,21.39,-3.99,-107.37000000000002,20.4,0.7
2025-06-05,21.6,25.2,17.5,4.1,4.67,21.8,24.72,-0.5700000000000003,-107.94000000000003,21.8,0.1
2025-06-06,21.3,26.5,16.1,1.8,4.65,20.2,22.35,-2.8500000000000005,-110.79000000000002,21.1,1.1
2025-06-07,18.7,23.8,14.7,5.4,2.82,15.7,13.85,2.5800000000000005,-108.21000000000002,17.9,4.1
2025-06-08,17.6,21.6,15.1,1.7,3.15,16.6,16.99,-1.45,-109.66000000000003,17.3,2.0
2025-06-09,14.0,17.2,10.6,1.1,3.66,27.0,22.37,-2.56,-112.22000000000003,12.5,2.1
2025-06-10,14.7,20.5,6.7,1.6,4.15,16.2,22.98,-2.5500000000000003,-114.77000000000002,14.6,8.5
2025-06-11,15.4,19.5,13.1,2.9,3.51,24.0,21.6,-0.6099999999999999,-115.38000000000002,15.6,0.9
2025-06-12,14.1,18.4,8.7,0.0,4.18,22.3,24.65,-4.18,-119.56000000000003,14.5,
2025-06-13,14.5,19.6,8.8,0.1,2.9,16.4,16.34,-2.8,-122.36000000000003,15.0,
2025-06-14,17.0,23.1,10.1,0.0,5.06,8.9,29.28,-5.06,-127.42000000000003,17.6,
2025-06-15,20.0,26.3,11.4,0.0,5.41,7.5,29.14,-5.41,-132.83000000000004,20.2,
2025-06-16,19.8,27.6,13.2,1.3,4.84,24.0,23.37,-3.54,-136.37000000000003,19.8,0.0
2025-06-17,17.6,21.9,12.5,0.1,4.17,21.2,21.87,-4.07,-140.44000000000003,18.1,
2025-06-18,20.2,25.6,13.0,0.3,5.51,25.8,25.37,-5.21,-145.65000000000003,21.2,0.0
2025-06-19,17.0,21.2,13.2,0.1,4.18,28.3,17.85,-4.08,-149.73000000000005,17.2,0.9
2025-06-20,16.0,20.8,10.4,0.5,5.37,25.2,26.45,-4.87,-154.60000000000005,16.3,
2025-06-21,17.1,23.5,8.2,0.0,5.82,18.8,29.08,-5.82,-160.42000000000004,18.2,
2025-06-22,20.2,25.5,15.4,0.1,6.08,19.5,27.0,-5.98,-166.40000000000003,21.4,
2025-06-23,20.9,30.8,12.6,7.7,5.49,21.8,22.39,2.21,-164.19000000000003,21.9,0.9
2025-06-24,17.3,19.9,12.9,0.1,4.27,25.9,18.78,-4.17,-168.36,17.5,
2025-06-25,18.3,23.2,14.1,1.0,3.75,32.0,16.12,-2.75,-171.11,19.2,3.7
2025-06-26,18.3,24.1,11.4,0.0,5.01,14.8,28.47,-5.01,-176.12,19.7,0.3
2025-06-27,19.8,24.7,15.6,6.4,3.98,26.6,20.29,2.4200000000000004,-173.70000000000002,19.5,7.9
2025-06-28,18.1,21.9,13.3,0.2,3.87,23.6,19.28,-3.67,-177.37,18.9,
2025-06-29,21.4,25.5,18.0,1.5,4.48,25.8,20.35,-2.9800000000000004,-180.35,22.1,0.0
2025-06-30,17.6,22.4,12.9,0.1,4.85,23.9,21.76,-4.75,-185.1,17.8,
2025-07-01,18.1,25.3,9.4,0.0,5.33,15.7,27.3,-5.33,-190.43,19.6,
2025-07-02,23.0,30.4,12.6,0.0,5.79,11.0,28.86,-5.79,-196.22,24.2,
2025-07-03,25.8,35.0,17.9,0.0,7.57,24.1,27.82,-7.57,-203.79,25.7,0.0
2025-07-04,18.7,23.4,13.6,0.0,5.25,18.2,24.68,-5.25,-209.04,18.8,
2025-07-05,19.7,26.6,9.8,0.0,5.51,12.7,28.61,-5.51,-214.54999999999998,20.6,
2025-07-06,24.5,30.7,17.1,0.0,6.21,15.5,24.38,-6.21,-220.76,23.7,0.2
2025-07-07,20.5,23.9,17.2,12.2,3.17,12.7,13.18,9.03,-211.73,20.8,0.6
2025-07-08,18.6,25.0,14.2,6.1,3.27,12.1,18.25,2.8299999999999996,-208.89999999999998,19.1,7.8
2025-07-09,15.3,16.8,14.3,41.8,0.66,18.8,3.41,41.14,-167.76,15.7,16.8
2025-07-10,16.0,19.6,13.0,2.1,2.67,23.8,12.95,-0.5699999999999998,-168.32999999999998,16.7,0.3
2025-07-11,15.3,17.5,13.8,0.5,2.17,23.6,7.96,-1.67,-169.99999999999997,15.3,0.4
2025-07-12,15.7,19.1,12.9,1.7,1.81,19.1,8.8,-0.1100000000000001,-170.10999999999999,15.9,0.4
2025-07-13,18.8,23.8,13.4,0.2,3.56,12.7,19.97,-3.36,-173.47,19.1,0.0
2025-07-14,19.7,24.0,14.3,2.3,3.95,8.6,22.5,-1.6500000000000004,-175.12,20.2,2.3
2025-07-15,20.5,25.0,15.2,0.8,4.53,13.2,24.57,-3.7300000000000004,-178.85,21.9,2.2
2025-07-16,17.7,20.5,14.9,5.9,2.84,19.9,17.2,3.0600000000000005,-175.79,17.8,5.7
2025-07-17,17.9,22.3,12.6,0.0,4.21,8.0,24.01,-4.21,-180.0,18.3,
2025-07-18,18.7,23.7,13.6,0.4,3.91,14.3,20.93,-3.5100000000000002,-183.51,19.7,0.3
2025-07-19,18.7,22.9,15.0,5.0,2.56,15.5,13.74,2.44,-181.07,19.0,0.2
2025-07-20,19.9,24.4,16.5,13.2,3.0,18.8,16.88,10.2,-170.87,20.4,7.3
2025-07-21,22.7,28.5,15.8,0.0,4.73,8.5,24.73,-4.73,-175.6,23.1,0.0
2025-07-22,21.7,25.2,18.1,4.1,4.4,22.8,20.08,-0.3000000000000007,-175.9,21.7,
2025-07-23,19.8,24.5,15.4,0.5,4.11,18.7,21.18,-3.6100000000000003,-179.51000000000002,20.1,1.9
2025-07-24,20.7,24.7,16.4,1.1,4.5,21.8,22.66,-3.4,-182.91000000000003,20.9,
2025-07-25,20.3,24.8,15.3,1.1,3.9,12.1,20.47,-2.8,-185.71000000000004,20.7,
2025-07-26,22.3,27.1,15.9,0.8,4.44,10.9,22.39,-3.6400000000000006,-189.35000000000002,23.0,1.0
2025-07-27,20.7,25.4,18.7,16.5,2.55,11.0,12.86,13.95,-175.40000000000003,21.7,1.9
2025-07-28,19.7,24.4,16.5,10.4,2.72,24.2,14.82,7.68,-167.72000000000003,20.1,4.5
2025-07-29,18.1,21.1,15.9,0.9,3.13,26.1,15.54,-2.23,-169.95000000000002,18.3,
2025-07-30,17.5,22.4,12.3,0.0,4.22,15.9,24.12,-4.22,-174.17000000000002,19.2,0.0
2025-07-31,16.6,21.2,12.8,4.6,2.79,15.2,16.12,1.8099999999999996,-172.36,17.2,0.0
2025-08-01,16.6,21.6,11.5,2.1,3.18,14.3,18.67,-1.08,-173.44000000000003,17.3,0.2
2025-08-02,19.3,25.2,13.8,0.4,3.88,8.4,21.83,-3.48,-176.92000000000002,19.7,
2025-08-03,19.9,26.7,15.9,13.3,3.73,12.9,19.77,9.57,-167.35000000000002,21.3,
2025-08-04,18.3,22.6,13.8,0.6,4.0,14.4,22.85,-3.4,-170.75000000000003,19.1,
2025-08-05,19.7,25.9,13.1,5.7,4.71,15.3,24.02,0.9900000000000002,-169.76000000000002,20.1,2.2
2025-08-06,17.0,19.7,13.6,4.0,3.66,19.2,21.6,0.33999999999999986,-169.42000000000002,17.0,
2025-08-07,17.0,22.5,10.1,0.0,3.71,8.9,20.05,-3.71,-173.13000000000002,17.5,
2025-08-08,18.7,25.8,12.4,0.0,3.35,13.7,15.06,-3.35,-176.48000000000002,19.9,
2025-08-09,21.5,28.5,13.0,0.0,4.53,8.4,23.43,-4.53,-181.01000000000002,22.5,
2025-08-10,20.8,27.0,14.8,0.2,4.69,25.6,20.34,-4.49,-185.50000000000003,21.4,
2025-08-11,18.1,23.4,12.1,0.0,4.33,14.5,23.06,-4.33,-189.83000000000004,18.3,
2025-08-12,20.0,26.5,12.3,0.0,4.69,9.4,23.74,-4.69,-194.52000000000004,20.5,
2025-08-13,22.7,30.1,13.6,0.0,5.2,10.4,23.15,-5.2,-199.72000000000003,23.5,
2025-08-14,24.8,31.0,17.1,0.0,5.53,12.2,23.19,-5.53,-205.25000000000003,25.2,
2025-08-15,25.2,31.4,17.9,0.0,5.64,12.5,23.01,-5.64,-210.89000000000001,25.4,
2025-08-16,24.0,28.6,19.1,0.0,5.4,17.3,22.33,-5.4,-216.29000000000002,23.7,
2025-08-17,19.1,23.2,13.6,0.0,4.08,19.1,17.42,-4.08,-220.37000000000003,19.2,
2025-08-18,16.7,20.5,11.8,0.6,2.55,14.6,11.81,-1.9499999999999997,-222.32000000000002,17.1,0.0
2025-08-19,18.0,24.0,10.2,0.0,3.41,10.3,17.49,-3.41,-225.73000000000002,18.7,
2025-08-20,19.2,25.6,12.7,0.0,4.33,18.4,19.47,-4.33,-230.06000000000003,19.2,
2025-08-21,16.5,22.2,9.3,0.0,3.83,10.3,21.88,-3.83,-233.89000000000004,17.2,
2025-08-22,16.0,21.1,9.4,0.0,3.83,19.8,18.9,-3.83,-237.72000000000006,17.3,
2025-08-23,14.5,18.3,10.4,0.1,3.82,21.3,19.13,-3.7199999999999998,-241.44000000000005,14.4,2.3
2025-08-24,13.6,18.0,8.6,0.8,3.44,23.5,16.66,-2.6399999999999997,-244.08000000000004,13.9,
2025-08-25,13.9,18.0,10.9,4.5,2.91,25.3,14.13,1.5899999999999999,-242.49000000000004,14.3,4.0
2025-08-26,14.2,19.5,9.0,0.6,3.05,18.4,17.28,-2.4499999999999997,-244.94000000000003,14.7,
2025-08-27,16.0,23.8,8.4,0.0,3.32,12.4,16.55,-3.32,-248.26000000000002,16.7,
2025-08-28,22.5,31.4,13.6,0.0,5.25,20.1,19.46,-5.25,-253.51000000000002,23.1,
2025-08-29,26.3,32.4,21.4,0.0,6.09,23.8,16.54,-6.09,-259.6,25.3,0.0
2025-08-30,22.2,28.1,17.4,0.5,3.73,19.7,16.04,-3.23,-262.83000000000004,22.2,1.3
2025-08-31,20.2,23.9,17.2,1.3,2.69,13.8,13.38,-1.39,-264.22,20.0,
2025-09-01,19.6,24.8,15.3,0.0,2.54,7.8,13.85,-2.54,-266.76000000000005,18.0,
2025-09-02,21.2,27.4,15.2,0.0,3.59,12.5,18.18,-3.59,-270.35,22.3,0.0
2025-09-03,19.0,21.3,16.7,1.4,1.54,12.4,7.87,-0.14000000000000012,-270.49,18.6,2.4
2025-09-04,19.6,26.1,12.4,0.0,3.35,6.2,18.76,-3.35,-273.84000000000003,20.2,
2025-09-05,21.2,28.4,15.5,0.7,3.09,12.3,16.34,-2.3899999999999997,-276.23,22.3,0.0
2025-09-06,18.5,22.0,16.1,18.2,1.57,14.5,8.05,16.63,-259.6,18.8,0.2
2025-09-07,17.5,20.1,15.6,0.5,1.8,11.9,10.32,-1.3,-260.90000000000003,16.8,0.0
2025-09-08,18.6,23.6,14.4,2.4,3.39,16.3,17.92,-0.9900000000000002,-261.89000000000004,20.1,
2025-09-09,18.0,22.9,13.9,0.5,3.02,17.5,15.81,-2.52,-264.41,19.3,
2025-09-10,18.5,23.6,13.1,0.0,3.29,17.9,16.24,-3.29,-267.70000000000005,18.5,6.8
2025-09-11,18.2,20.8,14.8,12.2,1.46,26.2,5.72,10.739999999999998,-256.96000000000004,18.1,5.7
2025-09-12,16.9,22.6,12.4,0.0,2.91,11.3,16.98,-2.91,-259.87000000000006,17.3,
2025-09-13,17.3,23.4,11.5,0.2,2.79,14.9,14.86,-2.59,-262.46000000000004,17.2,0.0
2025-09-14,16.2,20.4,14.2,14.4,0.93,14.1,4.6,13.47,-248.99000000000004,15.8,1.8
2025-09-15,16.4,20.4,12.4,0.0,2.58,15.8,14.13,-2.58,-251.57000000000005,17.3,
2025-09-16,16.8,19.6,13.9,0.0,2.75,20.8,13.2,-2.75,-254.32000000000005,17.2,
2025-09-17,13.8,16.5,11.6,0.3,2.24,18.6,12.97,-1.9400000000000002,-256.26000000000005,14.4,1.4
2025-09-18,14.8,19.1,10.2,0.3,2.27,15.9,12.16,-1.97,-258.2300000000001,15.6,0.2
2025-09-19,17.9,21.4,14.6,1.6,1.88,22.9,9.94,-0.2799999999999998,-258.51000000000005,18.3,0.0
2025-09-20,19.9,27.0,13.6,0.0,3.21,15.5,15.71,-3.21,-261.72,20.8,
2025-09-21,21.9,28.3,17.6,0.0,3.76,16.0,15.62,-3.76,-265.48,22.5,
2025-09-22,17.9,22.2,13.8,0.0,2.74,16.2,13.77,-2.74,-268.22,17.8,1.8
2025-09-23,12.6,15.4,9.8,1.7,1.59,13.3,8.79,0.10999999999999988,-268.11,12.9,
2025-09-24,10.4,15.0,6.9,0.0,2.35,15.0,15.44,-2.35,-270.46000000000004,11.6,
2025-09-25,9.5,14.9,4.3,0.0,2.48,17.1,15.32,-2.48,-272.94000000000005,10.6,
2025-09-26,9.9,15.5,5.2,0.0,2.53,18.3,15.11,-2.53,-275.47,10.8,
2025-09-27,9.7,16.8,4.1,0.0,2.21,11.3,14.0,-2.21,-277.68,11.4,
2025-09-28,9.5,14.9,3.9,0.1,1.45,12.0,8.93,-1.3499999999999999,-279.03000000000003,10.9,
2025-09-29,8.8,10.6,7.5,0.4,1.11,17.2,6.56,-0.7100000000000001,-279.74,9.3,0.3
2025-09-30,9.1,12.6,7.2,3.5,1.01,14.5,5.94,2.49,-277.25,8.8,0.4
2025-10-01,8.9,12.3,5.1,0.8,1.44,15.4,9.41,-0.6399999999999999,-277.89,9.1,0.1
2025-10-02,5.5,11.2,1.0,0.0,1.65,9.8,13.65,-1.65,-279.53999999999996,6.8,
2025-10-03,4.9,10.7,-0.6,0.0,1.14,9.4,8.77,-1.14,-280.67999999999995,6.2,
2025-10-04,8.1,12.8,2.9,1.5,1.49,23.1,10.5,0.010000000000000009,-280.66999999999996,9.0,10.5
2025-10-05,10.2,13.4,8.3,6.3,1.41,23.6,9.2,4.89,-275.78,10.2,
2025-10-06,9.7,12.9,6.6,5.0,1.02,16.3,7.56,3.98,-271.79999999999995,9.9,2.1
2025-10-07,10.6,13.8,7.4,0.9,1.01,10.8,7.12,-0.10999999999999999,-271.90999999999997,10.5,0.2
2025-10-08,8.9,14.8,2.9,0.0,1.41,6.8,9.99,-1.41,-273.32,8.5,
2025-10-09,10.4,13.8,6.9,0.0,0.7,12.0,4.2,-0.7,-274.02,11.2,1.5
2025-10-10,11.2,14.4,9.1,2.8,1.39,24.9,8.61,1.41,-272.60999999999996,11.4,1.0
2025-10-11,11.8,13.8,8.4,2.6,0.7,24.7,3.45,1.9000000000000001,-270.71,11.6,1.0
2025-10-12,11.0,12.6,6.4,4.0,0.76,26.0,3.27,3.24,-267.46999999999997,10.6,1.0
2025-10-13,7.3,11.2,3.4,0.2,1.38,20.9,9.71,-1.18,-268.65,7.4,0.1
2025-10-14,7.3,10.8,4.4,0.3,1.02,11.6,7.52,-0.72,-269.37,8.3,
2025-10-15,6.1,10.6,1.9,0.0,1.06,12.7,8.11,-1.06,-270.43,6.8,
2025-10-16,9.2,11.9,6.4,0.5,0.71,17.6,3.55,-0.20999999999999996,-270.64,9.4,0.7
2025-10-17,10.0,12.3,8.6,1.4,0.7,16.0,5.07,0.7,-269.94,10.8,0.0
2025-10-18,6.2,8.4,4.2,4.7,0.58,27.8,1.79,4.12,-265.82,6.1,6.3
2025-10-19,5.0,9.4,2.4,0.0,0.65,13.0,4.9,-0.65,-266.46999999999997,5.8,
2025-10-20,2.7,8.5,-2.2,0.0,1.17,15.4,9.98,-1.17,-267.64,4.1,
2025-10-21,5.5,11.3,0.4,0.0,1.28,15.9,9.12,-1.28,-268.91999999999996,6.1,
2025-10-22,9.2,15.4,4.9,3.3,1.0,13.6,6.5,2.3,-266.61999999999995,9.5,3.8
2025-10-23,12.9,17.7,9.8,0.5,1.29,17.5,7.9,-0.79,-267.40999999999997,13.2,1.4
2025-10-24,10.7,13.6,8.2,18.4,0.3,20.9,0.84,18.099999999999998,-249.30999999999997,10.9,24.3
2025-10-25,8.2,11.2,5.5,0.0,1.33,20.4,7.66,-1.33,-250.64,8.8,0.0
2025-10-26,8.2,12.1,5.2,5.9,1.01,24.4,5.54,4.890000000000001,-245.75,8.5,4.2
2025-10-27,7.5,9.3,5.4,4.4,1.29,30.4,5.49,3.1100000000000003,-242.64,7.3,3.6
2025-10-28,7.3,8.6,5.8,4.5,0.58,28.7,2.84,3.92,-238.72,7.6,1.3
2025-10-29,9.3,12.4,6.4,1.1,1.15,25.9,6.59,-0.04999999999999982,-238.77,9.5,0.1
2025-10-30,9.4,15.2,5.6,0.2,1.36,29.3,5.34,-1.1600000000000001,-239.93,8.8,5.5
2025-10-31,8.2,11.1,3.2,0.0,1.44,28.8,7.24,-1.44,-241.37,8.1,
2025-11-01,6.4,12.5,0.7,0.0,0.95,15.5,6.92,-0.95,-242.32,7.1,
2025-11-02,11.8,15.7,8.6,0.6,0.75,11.6,4.38,-0.15000000000000002,-242.47,12.3,4.1
2025-11-03,10.0,10.8,8.9,12.6,0.23,16.6,1.24,12.37,-230.1,10.5,4.7
2025-11-04,8.0,12.1,5.1,0.0,0.8,13.7,6.83,-0.8,-230.9,8.6,
2025-11-05,6.8,12.1,2.8,0.0,0.83,14.6,5.91,-0.83,-231.73000000000002,7.0,
2025-11-06,6.9,12.6,3.0,0.0,0.76,12.2,6.78,-0.76,-232.49,7.9,
2025-11-07,6.2,10.8,2.8,0.0,0.67,11.9,6.67,-0.67,-233.16,6.9,
2025-11-08,5.0,6.7,3.2,0.0,0.28,11.5,2.58,-0.28,-233.44,5.6,0.0
2025-11-09,6.9,8.2,5.6,0.1,0.32,8.6,1.84,-0.22,-233.66,6.5,0.3
2025-11-10,6.8,8.8,3.3,0.8,0.35,8.7,2.33,0.45000000000000007,-233.21,7.3,0.4
2025-11-11,6.2,7.3,4.8,3.7,0.23,7.5,1.09,3.47,-229.74,6.6,1.5
2025-11-12,5.9,9.2,3.7,0.1,0.35,13.1,2.84,-0.24999999999999997,-229.99,7.0,
2025-11-13,7.6,11.9,4.2,0.0,0.86,15.3,5.8,-0.86,-230.85000000000002,7.5,
2025-11-14,8.9,11.0,7.1,0.0,0.81,16.0,2.96,-0.81,-231.66000000000003,8.8,0.2
2025-11-15,4.7,8.6,-0.2,0.6,0.46,16.0,2.32,0.13999999999999996,-231.52000000000004,4.7,0.0
2025-11-16,4.3,7.8,-0.2,1.2,0.34,14.4,2.49,0.8599999999999999,-230.66000000000003,4.2,0.8
2025-11-17,5.4,7.6,3.4,2.1,0.28,17.7,1.37,1.82,-228.84000000000003,5.5,0.0
2025-11-18,2.7,4.0,0.1,0.1,0.51,22.0,3.24,-0.41000000000000003,-229.25000000000003,2.8,0.3
2025-11-19,1.5,4.7,-1.3,0.0,0.53,14.5,4.89,-0.53,-229.78000000000003,2.2,
2025-11-20,0.3,3.2,-2.3,0.1,0.43,13.6,4.13,-0.32999999999999996,-230.11000000000004,0.4,0.0
2025-11-21,0.0,1.3,-1.3,0.0,0.3,12.4,2.35,-0.3,-230.41000000000005,0.4,0.0
2025-11-22,-0.6,2.1,-3.3,0.0,0.33,10.9,3.71,-0.33,-230.74000000000007,0.0,
2025-11-23,-2.2,-1.2,-3.3,4.0,0.17,11.9,1.29,3.83,-226.91000000000005,-1.6,2.2
2025-11-24,-1.2,0.5,-3.6,1.9,0.21,14.9,2.21,1.69,-225.22000000000006,-1.3,1.3
2025-11-25,0.4,0.7,0.1,3.6,0.15,14.0,1.58,3.45,-221.77000000000007,0.9,9.9
2025-11-26,0.8,1.5,0.2,14.6,0.15,14.8,1.08,14.45,-207.32000000000008,1.6,3.5
2025-11-27,0.1,1.4,-1.0,0.2,0.16,16.7,1.23,0.04000000000000001,-207.2800000000001,0.9,0.0
2025-11-28,-1.3,0.3,-3.0,0.0,0.2,12.0,2.92,-0.2,-207.48000000000008,-0.4,
2025-11-29,0.4,1.6,-0.4,0.0,0.22,10.8,1.94,-0.22,-207.70000000000007,0.6,
2025-11-30,0.7,2.1,-1.0,0.0,0.16,6.0,1.0,-0.16,-207.86000000000007,2.0,0.0
2025-12-01,1.2,2.1,0.6,0.3,0.14,9.8,1.05,0.15999999999999998,-207.70000000000007,2.0,
2025-12-02,2.6,4.5,0.9,0.0,0.18,14.1,1.53,-0.18,-207.88000000000008,2.6,
2025-12-03,4.2,5.8,2.8,0.0,0.32,14.7,2.05,-0.32,-208.20000000000007,4.6,
2025-12-04,3.9,5.4,2.7,0.4,0.2,10.7,1.37,0.2,-208.00000000000009,3.7,
2025-12-05,5.4,7.8,2.9,0.0,0.16,18.9,1.21,-0.16,-208.16000000000008,6.1,0.0
2025-12-06,5.5,6.4,3.0,0.3,0.26,17.3,1.26,0.03999999999999998,-208.1200000000001,5.8,
2025-12-07,3.9,5.9,2.7,0.0,0.28,14.1,2.31,-0.28,-208.4000000000001,3.4,
2025-12-08,5.5,8.7,2.2,0.0,0.24,15.4,1.72,-0.24,-208.6400000000001,6.1,4.0
2025-12-09,9.2,10.5,7.4,6.6,0.21,15.9,1.53,6.39,-202.2500000000001,9.5,2.1
2025-12-10,9.5,10.9,8.6,0.1,0.27,13.2,2.03,-0.17,-202.4200000000001,9.8,0.5
2025-12-11,9.1,10.6,7.3,1.9,0.38,18.2,2.76,1.52,-200.9000000000001,9.6,0.1
2025-12-12,7.0,7.8,5.8,0.5,0.38,16.9,1.13,0.12,-200.7800000000001,7.1,0.0
2025-12-13,4.9,6.5,2.8,0.1,0.29,15.4,1.82,-0.18999999999999997,-200.97000000000008,5.1,0.3
2025-12-14,4.7,5.8,3.4,0.5,0.32,19.0,1.77,0.18,-200.79000000000008,5.3,
2025-12-15,2.5,4.1,-0.1,0.0,0.21,13.7,1.55,-0.21,-201.00000000000009,2.9,
2025-12-16,-0.2,2.2,-2.0,0.0,0.21,10.3,2.63,-0.21,-201.2100000000001,0.4,
2025-12-17,1.5,7.1,-0.8,0.0,0.37,14.5,2.96,-0.37,-201.5800000000001,1.2,
2025-12-18,1.4,4.0,-0.9,0.0,0.14,12.3,1.22,-0.14,-201.72000000000008,1.5,
2025-12-19,1.8,4.4,-0.2,0.0,0.24,11.8,3.13,-0.24,-201.9600000000001,1.8,
2025-12-20,2.4,4.9,-0.2,0.6,0.18,9.7,1.65,0.42,-201.5400000000001,3.2,0.0
2025-12-21,2.3,3.8,1.2,0.1,0.15,7.1,0.99,-0.04999999999999999,-201.59000000000012,3.2,
2025-12-22,1.7,3.1,0.9,0.0,0.24,10.0,1.61,-0.24,-201.83000000000013,2.2,
2025-12-23,1.0,2.8,-0.9,0.3,0.25,14.9,1.52,0.04999999999999999,-201.78000000000011,1.6,0.1
2025-12-24,-6.4,-1.0,-9.6,0.0,0.42,16.6,3.23,-0.42,-202.2000000000001,-7.3,0.0
2025-12-25,-8.9,-5.3,-11.4,0.0,0.21,11.3,3.78,-0.21,-202.4100000000001,-8.8,
2025-12-26,-3.3,0.3,-8.1,0.0,0.33,17.4,1.26,-0.33,-202.74000000000012,-3.9,0.0
2025-12-27,0.4,1.3,-0.5,0.7,0.1,26.6,0.83,0.6,-202.14000000000013,0.3,0.3
2025-12-28,1.5,2.6,-0.4,0.1,0.84,25.3,1.18,-0.74,-202.88000000000014,1.7,0.1
2025-12-29,-0.3,1.5,-2.7,1.1,0.26,21.9,1.47,0.8400000000000001,-202.04000000000013,0.1,0.0
2025-12-30,-2.4,-1.4,-3.7,4.8,0.73,27.8,3.41,4.07,-197.97000000000014,-2.0,4.5
2025-12-31,-3.7,-2.2,-4.6,5.5,0.3,24.2,2.64,5.2,-192.77000000000015,-3.2,6.8
2026-01-01,-1.0,1.4,-3.5,1.7,0.22,24.8,1.36,1.48,-191.29000000000016,-0.9,1.6
2026-01-02,0.6,1.5,0.1,1.9,0.48,25.8,3.74,1.42,-189.87000000000018,1.5,1.1
2026-01-03,-1.3,0.3,-2.5,1.0,0.5,24.6,3.87,0.5,-189.37000000000018,-0.2,1.1
2026-01-04,-3.1,-1.9,-4.7,0.8,0.47,24.5,4.14,0.33000000000000007,-189.04000000000016,-1.6,0.6
2026-01-05,-5.1,-1.1,-9.6,0.0,0.26,17.8,4.12,-0.26,-189.30000000000015,-4.2,
2026-01-06,-11.3,-7.6,-15.1,0.0,0.11,10.1,2.83,-0.11,-189.41000000000017,-7.6,
2026-01-07,-10.1,-7.8,-11.3,0.0,0.11,6.8,2.35,-0.11,-189.52000000000018,-9.4,0.0
2026-01-08,-8.9,-7.2,-11.6,1.6,0.14,13.9,2.21,1.46,-188.06000000000017,-8.7,0.0
2026-01-09,-10.9,-8.6,-13.9,0.0,0.18,17.3,4.38,-0.18,-188.24000000000018,-9.8,0.0
2026-01-10,-11.1,-5.2,-15.7,1.5,0.15,17.6,3.21,1.35,-186.89000000000019,-10.4,2.7
2026-01-11,-4.2,-2.7,-6.4,4.1,0.2,16.4,2.7,3.8999999999999995,-182.99000000000018,-4.3,4.4
2026-01-12,-4.8,-3.0,-7.4,1.6,0.19,14.4,2.64,1.4100000000000001,-181.58000000000018,-4.9,0.0
2026-01-13,-7.9,-5.1,-11.5,0.1,0.18,12.0,3.15,-0.07999999999999999,-181.6600000000002,-6.6,
2026-01-14,-6.5,1.2,-12.1,6.2,0.14,23.4,1.47,6.0600000000000005,-175.6000000000002,-5.8,7.8
2026-01-15,0.1,1.8,-1.9,0.4,0.19,14.7,2.03,0.21000000000000002,-175.39000000000019,0.1,0.0
2026-01-16,-4.0,-2.0,-7.6,0.0,0.2,18.4,3.11,-0.2,-175.59000000000017,-4.8,
2026-01-17,-8.1,-4.1,-10.7,0.0,0.4,19.3,5.17,-0.4,-175.99000000000018,-7.0,
2026-01-18,-11.1,-7.8,-14.8,0.0,0.29,19.4,5.31,-0.29,-176.28000000000017,-10.1,
2026-01-19,-11.6,-7.9,-13.5,0.0,0.21,17.3,4.84,-0.21,-176.49000000000018,-10.5,
2026-01-20,-10.5,-3.9,-15.0,0.0,0.28,11.5,5.54,-0.28,-176.77000000000018,-8.8,
2026-01-21,-9.3,-2.3,-13.4,0.0,0.32,12.0,5.76,-0.32,-177.09000000000017,-7.4,
2026-01-22,-10.7,-5.8,-14.4,0.0,0.29,18.5,5.84,-0.29,-177.38000000000017,-9.0,0.0
2026-01-23,-7.2,-5.0,-9.6,0.4,0.19,17.1,1.93,0.21000000000000002,-177.17000000000016,-7.0,0.0
2026-01-24,-6.1,-5.2,-7.5,0.0,0.23,17.3,2.42,-0.23,-177.40000000000015,-6.0,0.0
2026-01-25,-4.8,-3.6,-5.5,0.4,0.19,18.9,2.11,0.21000000000000002,-177.19000000000014,-4.9,0.0
2026-01-26,-0.7,1.2,-4.2,1.9,0.24,20.2,2.2,1.66,-175.53000000000014,-1.1,0.2
2026-01-27,-0.7,0.8,-2.8,0.0,0.25,8.3,3.37,-0.25,-175.78000000000014,0.0,1.6
2026-01-28,-0.9,0.0,-1.5,3.4,0.28,9.8,3.93,3.12,-172.66000000000014,-0.1,0.0
2026-01-29,-3.3,-0.6,-4.6,0.0,0.22,13.4,3.11,-0.22,-172.88000000000014,-3.1,0.0
2026-01-30,-5.5,-4.1,-9.6,0.0,0.23,17.8,2.8,-0.23,-173.11000000000013,-5.9,
2026-01-31,-12.3,-10.3,-13.6,0.0,0.35,22.0,6.69,-0.35,-173.46000000000012,-11.8,
2026-02-01,-15.1,-11.3,-17.4,0.0,0.3,15.5,7.29,-0.3,-173.76000000000013,-13.7,
2026-02-02,-16.9,-12.1,-20.2,0.0,0.29,14.1,7.52,-0.29,-174.05000000000013,-15.3,
2026-02-03,-16.2,-10.1,-23.0,0.0,0.35,17.5,7.64,-0.35,-174.40000000000012,-13.6,0.2
2026-02-04,-8.1,-6.7,-10.2,0.4,0.24,19.0,1.86,0.16000000000000003,-174.24000000000012,-8.1,0.0
2026-02-05,-2.4,0.0,-6.4,0.3,0.26,19.8,3.14,0.03999999999999998,-174.20000000000013,-2.8,0.0
2026-02-06,0.4,1.6,-0.7,0.9,0.3,15.5,3.66,0.6000000000000001,-173.60000000000014,0.3,0.0
2026-02-07,0.4,1.0,-0.2,3.4,0.27,9.9,2.43,3.13,-170.47000000000014,0.7,0.4
2026-02-08,-1.9,-0.3,-3.0,1.4,0.22,14.8,1.98,1.18,-169.29000000000013,-1.5,0.2
2026-02-09,-7.1,-3.4,-9.6,0.0,0.3,18.0,5.59,-0.3,-169.59000000000015,-6.9,0.0
2026-02-10,-4.7,0.8,-9.3,1.2,0.24,12.6,3.1,0.96,-168.63000000000014,-4.3,0.8
2026-02-11,1.4,2.5,-0.6,0.0,0.55,14.9,7.54,-0.55,-169.18000000000015,1.9,1.0
2026-02-12,1.9,2.8,1.1,2.4,0.28,11.5,2.56,2.12,-167.06000000000014,3.1,0.2
2026-02-13,2.7,4.1,0.6,1.3,0.32,20.6,3.09,0.98,-166.08000000000015,3.5,0.0
2026-02-14,-2.0,0.3,-3.9,1.4,0.31,13.5,3.06,1.0899999999999999,-164.99000000000015,-2.4,0.0
2026-02-15,-6.5,-4.3,-11.9,0.4,0.34,13.0,3.97,0.06,-164.93000000000015,-6.1,0.0
2026-02-16,-10.5,-5.8,-15.1,0.1,0.52,17.0,8.44,-0.42000000000000004,-165.35000000000014,-9.1,0.4
2026-02-17,-5.9,-4.0,-7.7,3.1,0.31,17.7,2.86,2.79,-162.56000000000014,-5.7,0.4
2026-02-18,-3.7,-1.7,-9.6,0.9,0.28,10.9,2.95,0.62,-161.94000000000014,-3.6,0.3
2026-02-19,-5.5,-3.0,-9.2,0.0,0.59,9.9,9.35,-0.59,-162.53000000000014,-4.2,0.0
2026-02-20,-6.3,-1.6,-11.0,0.0,0.67,12.7,10.31,-0.67,-163.20000000000013,-4.7,
2026-02-21,-3.9,2.4,-9.7,0.4,0.59,16.3,7.78,-0.18999999999999995,-163.39000000000013,-3.4,1.6
2026-02-22,3.4,6.3,2.3,6.4,0.52,17.3,4.64,5.880000000000001,-157.51000000000013,4.4,11.9
2026-02-23,5.5,8.0,4.0,5.0,0.51,22.7,3.83,4.49,-153.02000000000012,6.0,1.1
2026-02-24,2.7,4.2,1.0,1.2,0.48,20.9,3.2,0.72,-152.30000000000013,3.1,0.0
2026-02-25,1.1,2.5,-1.3,0.7,0.63,17.5,4.68,0.06999999999999995,-152.23000000000013,1.2,
2026-02-26,0.8,5.4,-3.4,0.0,1.18,13.9,11.09,-1.18,-153.41000000000014,1.1,
2026-02-27,4.8,11.4,-0.2,0.0,1.29,13.4,9.32,-1.29,-154.70000000000013,4.6,
2026-02-28,7.5,15.4,2.3,0.0,1.56,11.9,11.36,-1.56,-156.26000000000013,7.4,
2026-03-01,7.0,12.4,2.8,0.3,1.51,17.7,11.13,-1.21,-157.47000000000014,6.6,0.1
2026-03-02,5.5,11.8,-0.2,0.1,1.57,12.6,11.5,-1.47,-158.94000000000014,5.5,
2026-03-03,6.6,12.8,3.0,0.0,1.35,11.6,8.59,-1.35,-160.29000000000013,7.9,
2026-03-04,5.4,10.5,1.6,0.0,1.77,15.8,12.21,-1.77,-162.06000000000014,4.9,
2026-03-05,3.0,9.7,-1.8,0.0,1.23,11.9,10.77,-1.23,-163.29000000000013,3.5,
2026-03-06,3.3,10.2,-2.8,0.0,1.45,5.8,12.91,-1.45,-164.74000000000012,4.3,
2026-03-07,4.0,12.9,-2.3,0.0,1.68,5.9,13.1,-1.68,-166.42000000000013,4.9,
2026-03-08,4.7,13.0,-1.0,0.0,1.8,8.7,12.87,-1.8,-168.22000000000014,6.7,
2026-03-09,6.4,14.4,0.3,0.0,1.99,14.3,13.52,-1.99,-170.21000000000015,8.9,
2026-03-10,8.3,16.0,1.0,0.0,2.4,16.7,13.38,-2.4,-172.61000000000016,9.1,0.0
2026-03-11,10.3,17.6,5.2,0.1,2.21,11.9,13.48,-2.11,-174.72000000000017,11.1,
2026-03-12,9.5,15.4,5.0,0.2,2.01,12.3,12.68,-1.8099999999999998,-176.53000000000017,9.5,0.0
2026-03-13,9.0,16.2,2.6,0.3,1.9,14.8,12.03,-1.5999999999999999,-178.13000000000017,10.5,
2026-03-14,11.2,17.7,5.6,0.0,3.18,23.2,14.36,-3.18,-181.31000000000017,12.0,
2026-03-15,9.4,17.0,3.8,0.3,2.44,18.0,12.52,-2.14,-183.45000000000016,10.2,0.0
2026-03-16,6.6,12.4,0.7,1.0,1.77,13.0,12.87,-0.77,-184.22000000000017,7.8,0.6
2026-03-17,5.9,10.6,0.8,0.0,1.54,9.5,10.94,-1.54,-185.76000000000016,6.5,
2026-03-18,7.3,14.0,0.9,0.0,2.07,9.6,14.45,-2.07,-187.83000000000015,8.1,
2026-03-19,6.4,12.2,0.3,0.0,1.79,7.1,12.69,-1.79,-189.62000000000015,7.6,0.0
2026-03-20,5.1,10.3,-0.2,0.9,1.1,12.0,7.25,-0.20000000000000007,-189.82000000000014,6.1,0.0
2026-03-21,5.0,10.9,0.2,0.0,1.84,13.0,13.26,-1.84,-191.66000000000014,6.1,
2026-03-22,6.4,13.6,-0.7,0.0,2.23,13.9,14.04,-2.23,-193.89000000000013,8.0,
2026-03-23,7.4,14.1,-0.2,0.0,2.03,9.9,13.91,-2.03,-195.92000000000013,8.0,
2026-03-24,9.0,15.6,1.7,0.0,2.53,12.4,15.83,-2.53,-198.45000000000013,9.3,
2026-03-25,9.9,16.0,5.1,0.5,2.57,23.4,9.5,-2.07,-200.52000000000012,9.9,1.7
2026-03-26,6.8,8.4,4.1,5.2,0.99,12.9,4.68,4.21,-196.31000000000012,7.4,
2026-03-27,6.1,9.2,3.0,0.0,1.75,16.2,8.13,-1.75,-198.06000000000012,7.1,0.0
2026-03-28,8.5,14.4,3.2,0.0,2.31,15.5,14.1,-2.31,-200.37000000000012,9.6,
2026-03-29,9.6,16.0,4.2,0.0,2.66,18.4,15.39,-2.66,-203.03000000000011,10.3,
2026-03-30,6.0,10.4,1.7,0.0,1.01,12.0,6.54,-1.01,-204.0400000000001,6.1,
2026-03-31,8.2,11.1,5.8,0.0,2.31,19.9,9.48,-2.31,-206.3500000000001,8.3,
2026-04-01,7.1,13.1,1.1,0.0,2.7,15.7,18.1,-2.7,-209.0500000000001,7.7,
2026-04-02,8.0,12.9,1.5,0.0,2.22,9.2,11.87,-2.22,-211.2700000000001,8.6,
2026-04-03,7.4,13.5,-0.9,0.0,2.6,19.1,15.58,-2.6,-213.8700000000001,8.2,
2026-04-04,8.4,13.5,0.6,0.4,2.12,25.1,10.5,-1.7200000000000002,-215.5900000000001,8.7,0.0
2026-04-05,11.4,20.0,1.5,0.2,3.81,22.7,18.66,-3.61,-219.2000000000001,11.5,4.3
2026-04-06,8.0,10.5,4.6,5.8,2.56,32.2,15.95,3.2399999999999998,-215.9600000000001,8.1,0.0
2026-04-07,6.6,9.9,4.2,0.4,2.44,31.7,13.98,-2.04,-218.00000000000009,6.8,0.6
2026-04-08,5.1,8.9,1.7,2.1,1.76,23.5,10.65,0.3400000000000001,-217.66000000000008,5.1,1.3
2026-04-09,3.0,6.9,-1.4,0.1,1.82,15.1,13.15,-1.72,-219.38000000000008,2.8,
2026-04-10,4.4,8.8,-0.6,0.0,1.97,7.0,15.52,-1.97,-221.35000000000008,3.7,
2026-04-11,5.7,10.6,1.1,0.0,1.85,12.6,11.31,-1.85,-223.20000000000007,6.4,
2026-04-12,7.6,14.8,-0.6,0.0,3.16,12.6,19.53,-3.16,-226.36000000000007,8.1,
2026-04-13,8.4,13.4,2.0,0.0,3.63,20.4,21.27,-3.63,-229.99000000000007,8.4,
2026-04-14,10.4,14.1,6.6,0.3,2.67,19.9,7.24,-2.37,-232.36000000000007,11.0,0.1
2026-04-15,12.0,16.2,8.7,0.5,2.04,13.5,9.84,-1.54,-233.90000000000006,11.4,
2026-04-16,10.6,15.3,4.4,0.1,2.83,17.3,15.52,-2.73,-236.63000000000005,11.1,0.3
2026-04-17,10.1,14.5,4.9,0.4,2.86,20.8,17.13,-2.46,-239.09000000000006,9.9,
2026-04-18,10.3,17.5,2.1,0.0,3.36,10.4,21.61,-3.36,-242.45000000000007,10.6,
2026-04-19,13.1,18.6,6.2,0.0,3.15,14.9,15.68,-3.15,-245.60000000000008,12.3,
2026-04-20,10.9,13.8,7.6,0.0,3.41,20.9,15.46,-3.41,-249.01000000000008,10.6,
2026-04-21,8.9,14.5,1.1,0.0,3.93,17.5,22.23,-3.93,-252.94000000000008,9.1,
2026-04-22,9.7,16.2,1.9,0.0,4.09,22.1,22.72,-4.09,-257.0300000000001,10.0,
2026-04-23,11.6,16.9,6.2,0.0,4.59,26.2,22.16,-4.59,-261.62000000000006,11.6,
2026-04-24,10.9,17.0,3.0,0.0,3.37,19.6,15.09,-3.37,-264.99000000000007,11.3,
2026-04-25,13.3,17.5,8.4,0.0,4.36,27.9,21.84,-4.36,-269.3500000000001,13.2,0.6
2026-04-26,7.3,10.4,3.5,2.0,3.61,31.7,21.54,-1.6099999999999999,-270.9600000000001,6.1,0.1
2026-04-27,7.5,13.9,-1.4,0.0,3.91,20.6,21.28,-3.91,-274.8700000000001,8.1,
2026-04-28,6.2,10.4,-0.3,0.0,2.85,18.0,15.22,-2.85,-277.72000000000014,6.0,
2026-04-29,4.3,7.7,-0.9,0.7,2.14,17.6,14.31,-1.4400000000000002,-279.16000000000014,4.4,
2026-04-30,6.1,12.5,-2.2,0.0,3.16,12.5,22.02,-3.16,-282.32000000000016,6.2,0.0
2026-05-01,13.7,20.5,5.6,0.0,4.36,15.2,23.81,-4.36,-286.6800000000002,,
2026-05-02,16.6,24.3,5.5,0.0,4.78,8.2,24.81,-4.78,-291.46000000000015,,
2026-05-03,19.7,26.5,10.9,0.0,6.12,20.3,25.13,-6.12,-297.58000000000015,,
2026-05-04,20.5,26.3,13.1,0.0,6.01,15.3,23.47,-6.01,-303.59000000000015,,
2026-05-05,20.5,27.8,12.6,0.0,5.17,16.8,22.24,-5.17,-308.76000000000016,,
2026-05-06,19.0,25.1,10.7,0.0,4.73,18.5,22.26,-4.73,-313.4900000000002,,
2026-05-07,14.9,17.9,12.1,2.0,2.6,12.2,15.38,-0.6000000000000001,-314.0900000000002,,
2026-05-08,11.4,12.9,10.2,0.3,1.56,10.8,7.43,-1.26,-315.3500000000002,,
2026-05-09,10.5,14.5,7.3,0.2,2.15,15.0,11.06,-1.95,-317.3000000000002,,
2026-05-10,11.9,18.4,2.6,0.0,4.16,14.1,26.66,-4.16,-321.4600000000002,,
