date,tmax_om,tmin_om,tavg_om,precip_om_mm,et0_mm,wind_max_kmh,solar_mj_m2,water_balance_mm,cumulative_water_mm
2025-01-01,-0.5,-3.6,-2.4,0.0,0.11,16.9,0.0,-0.11,-0.11
2025-01-02,-1.0,-9.6,-4.3,0.0,0.84,19.0,0.0,-0.84,-0.95
2025-01-03,0.8,-5.8,-2.0,0.4,0.0,17.2,0.0,0.4,-0.5499999999999999
2025-01-04,3.3,-1.8,0.6,0.0,0.0,20.0,0.0,0.0,-0.5499999999999999
2025-01-05,-0.8,-5.3,-4.7,4.4,0.18,17.8,0.0,4.220000000000001,3.670000000000001
2025-01-06,-0.6,-7.8,-4.7,0.0,0.13,16.6,0.0,-0.13,3.540000000000001
2025-01-07,2.9,-3.1,0.7,0.0,0.21,16.1,0.0,-0.21,3.330000000000001
2025-01-08,0.4,-1.9,-1.7,0.0,0.26,16.8,4.6,-0.26,3.070000000000001
2025-01-09,-2.8,-10.6,-5.4,2.9,0.04,16.9,1.5,2.86,5.9300000000000015
2025-01-10,-2.8,-8.7,-2.4,2.3,0.91,15.3,0.0,1.3899999999999997,7.320000000000001
2025-01-11,-4.7,-7.7,-5.4,0.0,0.0,16.8,2.7,0.0,7.320000000000001
2025-01-12,-0.3,-9.1,-5.4,2.3,0.0,17.3,0.0,2.3,9.620000000000001
2025-01-13,2.2,-7.8,-3.2,5.9,0.16,18.6,0.7,5.74,15.360000000000001
2025-01-14,-7.1,-11.6,-9.7,3.7,0.0,18.3,0.0,3.7,19.060000000000002
2025-01-15,-5.2,-11.7,-9.1,0.0,0.16,18.5,0.0,-0.16,18.900000000000002
2025-01-16,-2.1,-9.4,-5.6,0.0,1.1,15.0,3.1,-1.1,17.8
2025-01-17,0.7,-11.8,-6.9,0.0,0.3,16.1,1.6,-0.3,17.5
2025-01-18,1.8,-4.6,-2.9,0.0,0.43,18.3,0.4,-0.43,17.07
2025-01-19,-3.7,-8.6,-6.5,0.0,0.0,17.4,0.0,0.0,17.07
2025-01-20,-6.4,-11.2,-8.0,0.0,0.04,15.0,0.0,-0.04,17.03
2025-01-21,1.3,0.4,0.7,0.0,0.19,19.0,0.0,-0.19,16.84
2025-01-22,-1.1,-9.0,-4.4,2.9,0.24,18.9,0.2,2.66,19.5
2025-01-23,-1.6,-8.7,-3.4,0.4,1.06,17.7,0.0,-0.66,18.84
2025-01-24,-7.0,-11.9,-7.9,1.9,0.73,15.3,7.4,1.17,20.009999999999998
2025-01-25,-3.1,-8.2,-5.2,0.0,0.0,18.8,4.8,0.0,20.009999999999998
2025-01-26,-1.8,-5.8,-3.1,0.0,0.62,17.9,2.2,-0.62,19.389999999999997
2025-01-27,-1.3,-10.2,-6.9,0.0,0.77,18.9,0.7,-0.77,18.619999999999997
2025-01-28,2.1,-4.7,-2.2,3.7,1.12,18.8,0.0,2.58,21.199999999999996
2025-01-29,-2.1,-10.0,-5.1,5.4,1.37,19.0,0.0,4.03,25.229999999999997
2025-01-30,1.1,-4.9,-4.1,0.0,0.1,17.6,1.1,-0.1,25.129999999999995
2025-01-31,-1.8,-8.1,-4.9,0.0,0.23,15.7,1.8,-0.23,24.899999999999995
2025-02-01,4.2,1.2,2.5,0.0,0.03,18.4,0.0,-0.03,24.869999999999994
2025-02-02,2.3,-5.5,-3.0,0.0,0.57,18.1,2.3,-0.57,24.299999999999994
2025-02-03,-2.2,-8.4,-6.1,0.0,0.95,18.7,1.0,-0.95,23.349999999999994
2025-02-04,1.1,-2.5,-0.3,2.6,1.25,15.8,0.0,1.35,24.699999999999996
2025-02-05,-3.7,-8.7,-6.4,0.2,0.74,16.0,0.0,-0.54,24.159999999999997
2025-02-06,-0.3,-4.0,-2.0,0.0,0.65,19.5,0.7,-0.65,23.509999999999998
2025-02-07,-7.5,-9.4,-8.4,0.0,0.92,18.7,7.7,-0.92,22.589999999999996
2025-02-08,-2.0,-9.1,-6.4,0.0,0.46,19.5,3.9,-0.46,22.129999999999995
2025-02-09,4.1,-3.7,-1.7,0.0,1.96,18.8,0.0,-1.96,20.169999999999995
2025-02-10,0.9,-3.1,0.0,2.6,0.14,18.0,4.0,2.46,22.629999999999995
2025-02-11,2.3,-2.4,-1.6,0.0,1.07,18.3,0.0,-1.07,21.559999999999995
2025-02-12,-0.3,-6.3,-2.3,0.0,2.02,19.4,6.1,-2.02,19.539999999999996
2025-02-13,-0.5,-3.1,-2.8,0.0,1.05,17.9,1.6,-1.05,18.489999999999995
2025-02-14,-4.1,-9.2,-6.2,0.0,0.99,18.2,2.9,-0.99,17.499999999999996
2025-02-15,-2.1,-8.9,-3.8,0.0,0.94,15.8,7.3,-0.94,16.559999999999995
2025-02-16,0.2,-5.7,-2.9,0.0,1.06,17.4,0.0,-1.06,15.499999999999995
2025-02-17,3.6,-2.2,1.8,0.0,1.88,18.6,0.0,-1.88,13.619999999999994
2025-02-18,3.2,-1.9,-0.2,0.0,0.12,16.4,2.1,-0.12,13.499999999999995
2025-02-19,-3.5,-10.4,-6.4,0.0,2.03,16.0,7.2,-2.03,11.469999999999995
2025-02-20,2.7,-3.7,0.0,0.5,0.59,16.6,0.0,-0.08999999999999997,11.379999999999995
2025-02-21,-0.3,-7.8,-2.0,0.0,1.21,16.2,0.0,-1.21,10.169999999999995
2025-02-22,-0.6,-6.4,-2.7,0.0,1.16,16.1,3.3,-1.16,9.009999999999994
2025-02-23,5.4,-5.3,1.3,3.4,1.71,17.1,6.5,1.69,10.699999999999994
2025-02-24,6.5,-2.7,2.7,0.0,0.66,19.5,8.6,-0.66,10.039999999999994
2025-02-25,4.1,0.7,2.5,0.0,1.73,17.5,3.8,-1.73,8.309999999999993
2025-02-26,0.5,-4.4,-2.6,0.0,2.55,15.9,4.1,-2.55,5.759999999999994
2025-02-27,3.3,-3.2,-0.9,0.0,0.89,15.4,9.0,-0.89,4.869999999999994
2025-02-28,1.7,-3.2,1.2,0.0,1.71,18.5,0.1,-1.71,3.159999999999994
2025-03-01,7.1,0.2,3.3,3.8,1.33,16.9,4.8,2.4699999999999998,5.629999999999994
2025-03-02,1.1,-3.9,-0.9,0.5,1.91,19.1,6.7,-1.41,4.2199999999999935
2025-03-03,4.0,-4.6,0.1,1.7,1.75,18.3,7.7,-0.050000000000000044,4.169999999999994
2025-03-04,-0.6,-3.2,-2.5,0.0,1.46,19.0,5.0,-1.46,2.7099999999999937
2025-03-05,-2.3,-4.2,-2.6,0.0,2.06,16.4,6.8,-2.06,0.6499999999999937
2025-03-06,4.2,0.3,3.6,2.7,2.76,18.5,0.0,-0.05999999999999961,0.5899999999999941
2025-03-07,8.5,2.5,5.4,0.0,1.81,16.3,5.2,-1.81,-1.220000000000006
2025-03-08,4.7,-1.4,1.3,0.0,2.31,19.7,8.7,-2.31,-3.530000000000006
2025-03-09,6.4,-1.3,4.7,0.0,1.34,18.2,4.6,-1.34,-4.870000000000006
2025-03-10,6.9,-0.4,3.0,0.0,1.55,16.6,7.9,-1.55,-6.420000000000006
2025-03-11,0.6,-3.9,0.1,2.0,2.31,16.3,9.3,-0.31000000000000005,-6.730000000000006
2025-03-12,6.2,-1.2,3.3,0.0,2.86,16.0,7.1,-2.86,-9.590000000000005
2025-03-13,8.2,3.6,7.1,0.0,2.33,18.5,8.9,-2.33,-11.920000000000005
2025-03-14,4.5,2.2,2.5,0.0,2.04,16.1,5.7,-2.04,-13.960000000000004
2025-03-15,10.6,5.5,7.5,0.0,2.24,18.0,8.1,-2.24,-16.200000000000003
2025-03-16,-3.2,-8.7,-4.9,0.0,1.66,16.3,10.8,-1.66,-17.860000000000003
2025-03-17,8.1,3.5,5.6,0.0,2.63,18.3,9.6,-2.63,-20.490000000000002
2025-03-18,8.1,2.7,3.6,6.9,2.81,19.1,7.6,4.09,-16.400000000000002
2025-03-19,4.8,1.1,2.7,0.0,2.19,18.9,10.3,-2.19,-18.590000000000003
2025-03-20,8.3,1.1,4.0,0.0,2.22,18.8,11.9,-2.22,-20.810000000000002
2025-03-21,-0.7,-6.0,-2.0,0.0,2.63,15.9,3.9,-2.63,-23.44
2025-03-22,7.3,1.5,3.5,4.0,2.32,15.4,13.7,1.6800000000000002,-21.76
2025-03-23,10.6,3.0,5.4,0.2,2.55,18.5,9.4,-2.3499999999999996,-24.11
2025-03-24,8.3,7.3,9.0,1.2,3.68,16.8,11.9,-2.4800000000000004,-26.59
2025-03-25,5.0,1.1,3.2,0.0,2.55,17.2,14.4,-2.55,-29.14
2025-03-26,6.4,1.1,2.5,0.0,2.54,15.2,6.9,-2.54,-31.68
2025-03-27,6.3,-0.2,3.6,4.6,2.43,16.3,9.1,2.1699999999999995,-29.51
2025-03-28,11.6,7.1,8.1,0.0,3.17,15.2,10.6,-3.17,-32.68
2025-03-29,8.6,3.8,6.5,0.0,2.75,19.4,9.3,-2.75,-35.43
2025-03-30,7.3,4.3,4.2,0.0,2.56,16.2,17.1,-2.56,-37.99
2025-03-31,10.3,3.5,7.5,0.0,3.59,17.8,9.5,-3.59,-41.58
2025-04-01,11.2,6.0,6.4,0.0,3.68,15.2,10.6,-3.68,-45.26
2025-04-02,12.6,6.6,9.3,0.0,2.71,18.3,13.1,-2.71,-47.97
2025-04-03,8.0,0.5,4.5,5.6,2.12,16.6,9.1,3.4799999999999995,-44.49
2025-04-04,8.2,2.1,5.8,0.0,3.6,19.5,11.7,-3.6,-48.09
2025-04-05,8.1,2.3,5.8,0.0,2.8,19.4,14.0,-2.8,-50.89
2025-04-06,5.1,0.4,2.8,0.0,3.58,16.6,12.3,-3.58,-54.47
2025-04-07,11.9,6.1,8.3,0.0,2.24,19.5,13.2,-2.24,-56.71
2025-04-08,10.7,4.5,8.4,0.0,3.71,20.0,12.1,-3.71,-60.42
2025-04-09,11.2,4.8,7.8,4.5,2.7,19.1,9.3,1.7999999999999998,-58.620000000000005
2025-04-10,13.4,7.5,7.3,0.0,3.71,19.2,15.0,-3.71,-62.330000000000005
2025-04-11,8.3,3.6,4.0,3.6,3.39,16.2,19.5,0.20999999999999996,-62.120000000000005
2025-04-12,9.7,4.8,7.2,0.0,2.95,17.9,14.5,-2.95,-65.07000000000001
2025-04-13,12.4,4.6,7.6,0.0,3.26,15.3,15.3,-3.26,-68.33000000000001
2025-04-14,8.8,3.6,6.4,0.0,3.85,15.5,16.9,-3.85,-72.18
2025-04-15,8.5,6.5,8.5,3.8,3.6,20.0,11.2,0.19999999999999973,-71.98
2025-04-16,11.9,5.9,10.4,0.0,3.87,16.6,20.3,-3.87,-75.85000000000001
2025-04-17,15.3,11.7,15.1,0.0,4.61,18.7,16.0,-4.61,-80.46000000000001
2025-04-18,12.6,4.7,10.2,0.5,2.88,19.0,20.5,-2.38,-82.84
2025-04-19,13.7,8.2,10.6,0.0,4.51,19.3,13.5,-4.51,-87.35000000000001
2025-04-20,15.3,7.8,9.8,0.0,3.79,20.0,21.4,-3.79,-91.14000000000001
2025-04-21,8.0,0.8,4.5,0.0,3.32,16.2,18.4,-3.32,-94.46000000000001
2025-04-22,13.1,9.7,10.4,0.6,3.14,15.2,17.9,-2.54,-97.00000000000001
2025-04-23,15.1,6.0,10.8,0.0,3.75,17.1,17.2,-3.75,-100.75000000000001
2025-04-24,17.9,13.1,18.3,0.0,4.34,15.7,15.9,-4.34,-105.09000000000002
2025-04-25,13.8,7.8,10.5,0.0,3.85,15.1,20.4,-3.85,-108.94000000000001
2025-04-26,16.3,10.7,12.2,2.7,4.71,16.8,17.4,-2.01,-110.95000000000002
2025-04-27,12.1,10.9,11.4,0.0,3.26,18.9,11.2,-3.26,-114.21000000000002
2025-04-28,12.9,4.5,8.2,0.2,4.02,17.8,14.0,-3.8199999999999994,-118.03000000000002
2025-04-29,18.8,13.9,15.3,0.0,3.43,16.6,16.9,-3.43,-121.46000000000002
2025-04-30,16.7,11.2,14.3,3.3,4.27,18.3,18.6,-0.9699999999999998,-122.43000000000002
2025-05-01,18.6,11.4,14.6,0.0,4.57,16.2,17.6,-4.57,-127.00000000000003
2025-05-02,16.1,8.0,9.7,5.2,3.94,15.1,21.6,1.2600000000000002,-125.74000000000002
2025-05-03,20.1,14.8,16.8,4.2,2.88,18.8,12.2,1.3200000000000003,-124.42000000000002
2025-05-04,12.0,3.2,8.6,7.5,4.32,18.1,18.7,3.1799999999999997,-121.24000000000001
2025-05-05,17.1,14.0,14.8,4.7,4.47,18.8,12.9,0.23000000000000043,-121.01
2025-05-06,21.5,18.8,19.8,0.0,4.48,15.2,20.8,-4.48,-125.49000000000001
2025-05-07,14.7,6.5,10.4,0.0,4.93,19.2,18.4,-4.93,-130.42000000000002
2025-05-08,13.6,9.5,11.9,1.3,3.8,18.1,20.1,-2.5,-132.92000000000002
2025-05-09,17.2,11.8,14.0,0.0,4.71,17.8,16.4,-4.71,-137.63000000000002
2025-05-10,14.7,9.8,12.4,0.0,4.99,18.1,22.9,-4.99,-142.62000000000003
2025-05-11,13.2,5.6,9.5,0.0,3.53,19.3,22.4,-3.53,-146.15000000000003
2025-05-12,18.0,10.5,14.5,0.0,4.61,17.9,21.1,-4.61,-150.76000000000005
2025-05-13,15.8,8.2,11.3,6.9,4.23,17.9,19.1,2.67,-148.09000000000006
2025-05-14,18.3,14.8,16.1,0.0,4.46,20.0,21.4,-4.46,-152.55000000000007
2025-05-15,14.6,9.9,12.0,0.0,4.7,18.8,17.6,-4.7,-157.25000000000006
2025-05-16,21.2,16.1,19.6,2.3,4.31,17.2,22.4,-2.01,-159.26000000000005
2025-05-17,15.1,10.9,12.8,0.0,4.24,18.5,24.9,-4.24,-163.50000000000006
2025-05-18,17.9,7.1,14.3,3.5,4.62,16.9,23.3,-1.12,-164.62000000000006
2025-05-19,22.0,16.6,17.9,0.0,4.08,16.1,18.0,-4.08,-168.70000000000007
2025-05-20,13.5,6.3,11.9,3.7,4.1,18.0,21.4,-0.39999999999999947,-169.10000000000008
2025-05-21,20.8,12.9,16.5,0.0,5.01,19.6,16.5,-5.01,-174.11000000000007
2025-05-22,24.9,15.2,19.9,0.0,4.12,19.6,22.2,-4.12,-178.23000000000008
2025-05-23,14.9,6.3,11.3,0.0,5.04,16.7,22.0,-5.04,-183.27000000000007
2025-05-24,22.6,15.5,16.8,0.7,4.96,17.6,15.1,-4.26,-187.53000000000006
2025-05-25,19.0,13.5,17.2,0.0,3.89,16.1,17.3,-3.89,-191.42000000000004
2025-05-26,20.0,16.4,18.9,0.0,4.43,20.0,20.0,-4.43,-195.85000000000005
2025-05-27,13.3,9.9,13.0,0.0,5.38,19.9,20.1,-5.38,-201.23000000000005
2025-05-28,18.1,10.6,12.9,0.0,4.31,18.2,17.4,-4.31,-205.54000000000005
2025-05-29,22.5,15.6,18.5,0.0,4.59,19.0,22.3,-4.59,-210.13000000000005
2025-05-30,20.9,13.1,18.0,0.0,5.07,18.6,22.0,-5.07,-215.20000000000005
2025-05-31,21.4,16.5,18.0,4.2,5.24,18.0,20.7,-1.04,-216.24000000000004
2025-06-01,19.7,14.7,18.4,0.0,4.74,15.3,19.1,-4.74,-220.98000000000005
2025-06-02,22.1,10.1,15.5,0.0,4.58,17.3,24.6,-4.58,-225.56000000000006
2025-06-03,21.5,14.7,18.3,0.3,5.6,18.4,26.4,-5.3,-230.86000000000007
2025-06-04,21.8,17.9,18.6,2.1,5.77,18.4,20.1,-3.6699999999999995,-234.53000000000006
2025-06-05,19.8,14.0,15.7,1.5,5.4,16.9,19.8,-3.9000000000000004,-238.43000000000006
2025-06-06,27.3,20.0,23.6,0.0,4.97,19.7,23.1,-4.97,-243.40000000000006
2025-06-07,22.8,16.0,19.5,0.0,4.53,15.8,20.6,-4.53,-247.93000000000006
2025-06-08,16.4,11.1,14.6,0.0,4.53,17.5,21.3,-4.53,-252.46000000000006
2025-06-09,24.0,20.4,20.3,0.0,5.21,18.5,24.0,-5.21,-257.6700000000001
2025-06-10,21.3,13.1,15.5,0.0,5.17,18.5,16.1,-5.17,-262.8400000000001
2025-06-11,25.9,18.5,20.9,2.4,5.67,18.2,25.8,-3.27,-266.11000000000007
2025-06-12,27.5,20.6,22.1,4.7,5.3,16.4,22.1,-0.5999999999999996,-266.7100000000001
2025-06-13,18.5,13.6,16.2,0.0,4.23,15.8,20.7,-4.23,-270.9400000000001
2025-06-14,23.2,18.3,21.7,2.7,5.51,18.2,21.7,-2.8099999999999996,-273.7500000000001
2025-06-15,22.9,16.8,20.1,0.1,4.49,18.0,21.8,-4.390000000000001,-278.1400000000001
2025-06-16,24.5,18.3,21.4,0.0,4.8,15.9,16.8,-4.8,-282.9400000000001
2025-06-17,29.4,21.7,24.7,0.0,5.12,18.5,26.5,-5.12,-288.0600000000001
2025-06-18,18.9,16.5,18.4,0.0,6.0,17.3,22.1,-6.0,-294.0600000000001
2025-06-19,22.2,14.0,16.9,0.0,6.55,18.3,23.3,-6.55,-300.6100000000001
2025-06-20,19.4,14.7,16.6,0.0,5.3,19.2,24.9,-5.3,-305.91000000000014
2025-06-21,19.3,13.8,16.9,0.0,4.91,15.8,18.9,-4.91,-310.82000000000016
2025-06-22,20.7,16.3,19.2,0.0,5.27,15.1,23.4,-5.27,-316.09000000000015
2025-06-23,21.0,14.5,20.5,0.0,5.44,18.9,21.2,-5.44,-321.53000000000014
2025-06-24,24.6,18.7,20.4,5.6,4.83,18.0,24.5,0.7699999999999996,-320.76000000000016
2025-06-25,25.2,19.6,22.1,0.0,5.89,18.5,15.6,-5.89,-326.65000000000015
2025-06-26,20.7,18.2,19.7,0.0,5.1,19.2,21.6,-5.1,-331.75000000000017
2025-06-27,25.1,16.7,24.0,9.2,5.23,19.0,20.1,3.969999999999999,-327.7800000000002
2025-06-28,21.4,19.1,18.9,0.0,5.31,19.8,23.2,-5.31,-333.0900000000002
2025-06-29,33.4,24.7,27.9,0.0,5.18,17.7,23.3,-5.18,-338.2700000000002
2025-06-30,24.3,20.4,21.7,1.5,5.38,17.4,19.7,-3.88,-342.1500000000002
2025-07-01,18.0,12.7,17.3,8.8,4.65,17.0,19.7,4.15,-338.0000000000002
2025-07-02,19.3,14.6,16.7,3.7,4.67,15.8,21.4,-0.9699999999999998,-338.97000000000025
2025-07-03,23.9,16.8,21.4,7.0,4.39,17.9,19.0,2.6100000000000003,-336.36000000000024
2025-07-04,18.2,15.3,19.3,16.5,5.15,16.4,24.2,11.35,-325.0100000000002
2025-07-05,25.0,22.0,22.1,0.0,5.31,19.6,20.5,-5.31,-330.3200000000002
2025-07-06,24.0,18.1,21.4,13.0,5.14,17.9,12.8,7.86,-322.4600000000002
2025-07-07,23.8,17.1,19.8,0.0,5.73,18.0,20.4,-5.73,-328.1900000000002
2025-07-08,23.2,15.8,17.5,1.9,4.88,16.8,18.3,-2.98,-331.17000000000024
2025-07-09,20.1,13.2,15.5,0.0,5.21,15.3,16.5,-5.21,-336.3800000000002
2025-07-10,21.3,15.9,18.7,3.1,4.31,15.2,17.6,-1.2099999999999995,-337.5900000000002
2025-07-11,23.9,20.1,22.6,0.0,4.65,17.1,21.6,-4.65,-342.2400000000002
2025-07-12,27.5,21.2,20.6,0.0,5.17,15.4,25.2,-5.17,-347.4100000000002
2025-07-13,19.3,13.2,16.2,0.0,5.24,18.0,22.0,-5.24,-352.6500000000002
2025-07-14,23.5,17.8,20.5,5.7,4.65,19.4,19.2,1.0499999999999998,-351.6000000000002
2025-07-15,24.1,19.7,21.1,0.0,4.74,19.4,22.3,-4.74,-356.3400000000002
2025-07-16,20.6,15.9,17.3,0.0,4.0,18.3,19.5,-4.0,-360.3400000000002
2025-07-17,23.2,19.2,20.4,0.0,4.56,16.1,18.7,-4.56,-364.9000000000002
2025-07-18,22.2,18.0,20.1,1.2,5.17,19.3,17.2,-3.9699999999999998,-368.87000000000023
2025-07-19,18.6,11.7,16.4,0.9,4.99,19.4,15.3,-4.09,-372.9600000000002
2025-07-20,23.9,20.4,20.9,0.0,4.93,16.0,19.3,-4.93,-377.8900000000002
2025-07-21,23.7,16.8,21.5,0.0,4.68,18.7,20.8,-4.68,-382.5700000000002
2025-07-22,24.9,20.5,23.0,0.0,4.64,16.4,20.0,-4.64,-387.2100000000002
2025-07-23,26.0,18.7,22.9,0.0,4.28,19.0,18.9,-4.28,-391.4900000000002
2025-07-24,18.1,12.4,15.5,0.0,4.94,20.0,17.2,-4.94,-396.4300000000002
2025-07-25,22.1,14.3,16.8,1.7,4.78,15.2,21.7,-3.08,-399.51000000000016
2025-07-26,20.1,18.6,21.1,0.0,4.79,19.5,15.8,-4.79,-404.3000000000002
2025-07-27,25.7,18.7,21.0,0.6,4.25,18.1,22.0,-3.65,-407.95000000000016
2025-07-28,25.9,20.4,21.0,0.0,3.41,19.9,16.5,-3.41,-411.3600000000002
2025-07-29,30.8,28.6,30.9,0.0,5.01,17.3,17.2,-5.01,-416.3700000000002
2025-07-30,23.5,17.7,21.0,0.0,4.2,19.2,14.9,-4.2,-420.57000000000016
2025-07-31,25.1,21.1,22.6,2.1,3.98,15.3,17.7,-1.88,-422.45000000000016
2025-08-01,22.9,20.8,22.0,20.4,4.73,16.7,22.0,15.669999999999998,-406.78000000000014
2025-08-02,22.9,16.2,21.0,8.5,4.16,15.3,20.4,4.34,-402.44000000000017
2025-08-03,19.4,16.0,18.1,3.9,4.85,19.9,21.7,-0.9499999999999997,-403.39000000000016
2025-08-04,26.8,19.3,21.2,3.4,4.6,19.1,20.2,-1.1999999999999997,-404.59000000000015
2025-08-05,20.9,13.1,16.5,0.0,4.61,19.3,15.2,-4.61,-409.20000000000016
2025-08-06,22.9,17.1,18.0,0.9,3.55,19.7,17.3,-2.65,-411.85000000000014
2025-08-07,21.3,14.0,17.2,2.0,4.81,15.4,15.8,-2.8099999999999996,-414.66000000000014
2025-08-08,20.1,16.0,18.8,0.0,4.3,16.9,22.0,-4.3,-418.96000000000015
2025-08-09,27.6,22.1,25.4,0.0,3.95,15.4,14.3,-3.95,-422.91000000000014
2025-08-10,16.5,9.8,12.8,0.0,4.18,16.1,20.4,-4.18,-427.09000000000015
2025-08-11,21.5,15.7,20.3,1.0,3.18,16.1,20.2,-2.18,-429.27000000000015
2025-08-12,17.4,8.1,13.3,0.0,4.24,17.3,22.9,-4.24,-433.51000000000016
2025-08-13,19.3,16.0,16.6,9.6,3.49,16.3,16.0,6.109999999999999,-427.40000000000015
2025-08-14,23.6,16.9,21.2,5.1,3.29,15.5,19.2,1.8099999999999996,-425.59000000000015
2025-08-15,22.1,13.5,18.0,0.0,3.17,15.8,23.7,-3.17,-428.76000000000016
2025-08-16,18.1,8.2,14.4,8.2,4.46,15.7,14.9,3.7399999999999993,-425.02000000000015
2025-08-17,17.9,11.4,15.4,0.0,3.55,19.9,11.9,-3.55,-428.57000000000016
2025-08-18,24.2,14.5,19.5,0.0,4.59,18.8,10.7,-4.59,-433.16000000000014
2025-08-19,16.5,14.6,15.1,0.0,3.52,19.8,18.3,-3.52,-436.6800000000001
2025-08-20,21.7,16.3,17.8,0.0,2.9,17.2,10.4,-2.9,-439.5800000000001
2025-08-21,21.1,13.1,17.2,1.3,3.16,16.4,14.7,-1.86,-441.4400000000001
2025-08-22,17.5,15.3,14.9,0.0,4.3,19.0,17.0,-4.3,-445.7400000000001
2025-08-23,26.7,21.7,23.2,0.0,3.56,16.6,16.0,-3.56,-449.3000000000001
2025-08-24,19.6,15.0,18.5,0.0,3.33,16.5,16.6,-3.33,-452.6300000000001
2025-08-25,14.8,3.6,10.4,0.0,3.64,16.2,15.8,-3.64,-456.2700000000001
2025-08-26,19.6,17.3,16.9,15.9,3.77,15.6,18.7,12.13,-444.1400000000001
2025-08-27,16.4,9.1,14.2,0.0,4.04,16.3,11.9,-4.04,-448.1800000000001
2025-08-28,23.1,13.1,18.6,8.0,4.17,16.8,12.5,3.83,-444.35000000000014
2025-08-29,15.4,12.0,13.5,0.0,3.22,18.4,12.0,-3.22,-447.57000000000016
2025-08-30,16.2,16.0,15.4,0.0,2.7,15.3,16.6,-2.7,-450.27000000000015
2025-08-31,17.7,16.1,17.1,1.3,3.12,16.1,16.7,-1.82,-452.09000000000015
2025-09-01,21.9,15.8,18.0,0.0,3.41,19.0,15.1,-3.41,-455.50000000000017
2025-09-02,12.7,9.5,11.6,5.7,2.76,15.7,17.1,2.9400000000000004,-452.5600000000002
2025-09-03,19.7,12.3,14.0,0.0,2.72,16.7,9.8,-2.72,-455.2800000000002
2025-09-04,13.3,11.6,13.5,0.0,3.33,19.3,18.2,-3.33,-458.6100000000002
2025-09-05,18.3,10.2,12.8,0.0,3.09,15.8,17.5,-3.09,-461.70000000000016
2025-09-06,23.2,17.0,19.8,0.0,3.09,15.4,15.0,-3.09,-464.79000000000013
2025-09-07,18.4,12.5,15.6,0.0,2.65,17.4,17.9,-2.65,-467.4400000000001
2025-09-08,12.6,6.3,10.4,15.8,2.88,16.5,7.4,12.920000000000002,-454.5200000000001
2025-09-09,20.4,13.3,16.8,2.1,2.49,17.8,10.6,-0.3900000000000001,-454.9100000000001
2025-09-10,23.1,14.7,20.2,7.0,3.35,19.0,9.7,3.65,-451.2600000000001
2025-09-11,21.4,13.6,16.8,5.8,3.38,15.7,13.9,2.42,-448.8400000000001
2025-09-12,12.1,4.4,8.9,0.0,1.9,17.9,8.4,-1.9,-450.74000000000007
2025-09-13,15.1,7.2,11.8,0.0,2.31,17.5,13.6,-2.31,-453.05000000000007
2025-09-14,19.4,14.2,16.9,0.0,1.99,15.7,15.2,-1.99,-455.0400000000001
2025-09-15,13.7,9.9,10.8,0.5,2.37,18.1,13.0,-1.87,-456.9100000000001
2025-09-16,17.5,12.4,14.1,0.0,2.61,16.4,11.6,-2.61,-459.5200000000001
2025-09-17,15.3,9.5,14.9,0.0,1.88,17.4,7.6,-1.88,-461.4000000000001
2025-09-18,10.5,5.1,9.6,7.5,2.1,15.4,7.8,5.4,-456.0000000000001
2025-09-19,16.1,10.4,12.0,0.0,2.02,17.3,13.9,-2.02,-458.0200000000001
2025-09-20,5.5,-2.2,2.2,0.0,2.58,16.5,12.2,-2.58,-460.6000000000001
2025-09-21,11.4,5.3,8.7,8.6,2.47,19.1,9.6,6.129999999999999,-454.4700000000001
2025-09-22,13.8,8.6,10.8,0.0,2.03,15.3,8.2,-2.03,-456.50000000000006
2025-09-23,11.1,3.2,7.6,0.0,2.44,17.1,3.2,-2.44,-458.94000000000005
2025-09-24,18.3,13.2,16.1,3.9,2.03,17.3,5.9,1.87,-457.07000000000005
2025-09-25,8.5,1.7,6.7,0.0,2.13,18.6,14.6,-2.13,-459.20000000000005
2025-09-26,12.7,5.5,9.4,0.0,3.06,17.9,4.8,-3.06,-462.26000000000005
2025-09-27,12.5,8.4,11.0,0.0,2.85,18.3,9.0,-2.85,-465.11000000000007
2025-09-28,18.3,9.3,14.7,0.0,1.49,18.9,11.3,-1.49,-466.6000000000001
2025-09-29,6.3,3.5,5.8,0.0,2.51,19.3,4.3,-2.51,-469.11000000000007
2025-09-30,18.0,10.4,13.4,0.0,2.46,16.6,8.4,-2.46,-471.57000000000005
2025-10-01,13.5,7.6,9.8,0.0,1.43,17.7,10.5,-1.43,-473.00000000000006
2025-10-02,10.0,3.9,6.6,1.4,2.38,19.2,7.5,-0.98,-473.9800000000001
2025-10-03,15.2,9.8,10.7,0.0,2.69,19.9,15.8,-2.69,-476.6700000000001
2025-10-04,15.2,6.9,9.7,0.0,1.32,19.4,2.0,-1.32,-477.99000000000007
2025-10-05,11.6,3.5,7.1,0.0,1.38,16.9,10.0,-1.38,-479.37000000000006
2025-10-06,9.2,6.1,8.9,0.9,2.31,16.0,6.1,-1.4100000000000001,-480.7800000000001
2025-10-07,8.4,5.2,7.4,0.0,1.89,17.4,8.8,-1.89,-482.6700000000001
2025-10-08,10.7,5.7,8.7,0.0,1.99,18.7,7.6,-1.99,-484.6600000000001
2025-10-09,13.1,7.2,10.1,0.0,1.85,17.5,3.8,-1.85,-486.5100000000001
2025-10-10,16.4,8.6,12.7,4.5,1.83,17.4,6.5,2.67,-483.8400000000001
2025-10-11,5.9,-0.0,4.0,0.0,0.93,19.2,0.1,-0.93,-484.7700000000001
2025-10-12,17.2,8.8,13.9,0.0,2.08,16.8,7.3,-2.08,-486.8500000000001
2025-10-13,3.3,1.0,1.4,0.0,2.1,19.3,6.2,-2.1,-488.9500000000001
2025-10-14,8.7,1.8,6.6,5.4,1.36,17.0,7.0,4.04,-484.9100000000001
2025-10-15,9.5,4.6,8.6,0.0,1.42,16.6,8.1,-1.42,-486.3300000000001
2025-10-16,9.1,3.4,7.5,0.0,0.63,17.3,5.8,-0.63,-486.9600000000001
2025-10-17,5.6,2.9,4.6,0.0,1.62,18.8,5.0,-1.62,-488.5800000000001
2025-10-18,7.2,2.2,5.6,0.0,1.61,15.6,1.7,-1.61,-490.1900000000001
2025-10-19,9.1,3.4,4.6,0.0,1.25,16.0,2.0,-1.25,-491.4400000000001
2025-10-20,5.7,0.1,4.1,0.0,1.81,19.8,7.5,-1.81,-493.2500000000001
2025-10-21,15.1,5.6,8.2,0.0,1.04,15.9,8.1,-1.04,-494.29000000000013
2025-10-22,10.2,2.3,6.5,7.5,1.46,17.8,2.9,6.04,-488.2500000000001
2025-10-23,6.4,3.4,3.2,3.8,0.63,17.9,3.6,3.17,-485.0800000000001
2025-10-24,9.4,3.0,7.7,0.0,1.09,17.4,0.6,-1.09,-486.1700000000001
2025-10-25,9.8,3.2,5.8,0.0,0.98,18.2,6.6,-0.98,-487.1500000000001
2025-10-26,9.2,5.0,7.1,0.0,1.14,16.1,4.9,-1.14,-488.2900000000001
2025-10-27,9.5,3.9,6.3,0.0,0.81,17.8,8.6,-0.81,-489.1000000000001
2025-10-28,8.6,-1.5,1.8,2.1,0.9,16.9,0.0,1.2000000000000002,-487.9000000000001
2025-10-29,5.2,-0.8,2.4,0.0,1.34,18.3,1.3,-1.34,-489.24000000000007
2025-10-30,10.8,3.2,6.1,0.0,0.68,15.7,3.0,-0.68,-489.9200000000001
2025-10-31,7.4,2.3,5.5,0.0,0.06,17.9,4.1,-0.06,-489.9800000000001
2025-11-01,6.4,1.9,3.4,0.0,1.7,15.9,1.3,-1.7,-491.68000000000006
2025-11-02,9.3,3.9,3.6,0.0,1.49,16.4,0.0,-1.49,-493.1700000000001
2025-11-03,9.0,3.1,6.9,0.3,0.12,16.1,4.3,0.18,-492.99000000000007
2025-11-04,6.8,-3.9,1.1,0.0,1.08,15.9,3.7,-1.08,-494.07000000000005
2025-11-05,8.4,1.2,4.4,0.0,0.45,19.1,0.0,-0.45,-494.52000000000004
2025-11-06,4.1,2.8,1.9,0.0,0.81,16.4,5.3,-0.81,-495.33000000000004
2025-11-07,5.6,-2.5,1.7,0.0,0.79,19.6,4.6,-0.79,-496.12000000000006
2025-11-08,9.9,4.9,5.5,0.0,0.5,19.8,1.4,-0.5,-496.62000000000006
2025-11-09,8.4,4.0,4.5,0.0,0.2,17.9,1.1,-0.2,-496.82000000000005
2025-11-10,4.9,0.4,4.2,0.0,0.22,15.7,2.4,-0.22,-497.0400000000001
2025-11-11,7.5,3.4,5.5,0.0,0.08,16.9,0.0,-0.08,-497.12000000000006
2025-11-12,4.1,1.0,1.5,0.0,0.09,19.0,0.5,-0.09,-497.21000000000004
2025-11-13,6.2,-0.2,3.3,2.1,0.45,16.8,0.0,1.6500000000000001,-495.56000000000006
2025-11-14,4.1,-3.1,0.2,0.0,0.1,15.4,2.8,-0.1,-495.6600000000001
2025-11-15,5.2,-2.0,1.9,0.0,0.78,17.8,0.0,-0.78,-496.44000000000005
2025-11-16,1.4,-4.1,0.4,0.0,1.15,19.2,4.5,-1.15,-497.59000000000003
2025-11-17,4.5,-3.1,0.9,0.0,0.1,19.0,0.0,-0.1,-497.69000000000005
2025-11-18,6.2,-2.6,2.2,0.0,0.48,15.9,0.0,-0.48,-498.1700000000001
2025-11-19,1.7,-5.1,-2.2,0.0,0.59,18.4,0.0,-0.59,-498.76000000000005
2025-11-20,11.0,2.3,6.4,0.0,0.56,16.1,0.0,-0.56,-499.32000000000005
2025-11-21,1.2,-5.7,-3.0,1.6,0.34,16.1,3.7,1.26,-498.06000000000006
2025-11-22,-0.1,-9.1,-3.8,0.0,0.65,19.4,0.0,-0.65,-498.71000000000004
2025-11-23,6.0,0.7,3.2,1.0,0.5,16.2,3.1,0.5,-498.21000000000004
2025-11-24,2.4,0.2,1.9,0.0,0.0,16.3,0.2,0.0,-498.21000000000004
2025-11-25,4.9,-4.7,1.3,0.0,0.66,15.0,0.0,-0.66,-498.87000000000006
2025-11-26,4.4,-1.3,1.1,3.7,0.65,19.4,0.0,3.0500000000000003,-495.82000000000005
2025-11-27,2.5,-2.1,-0.9,0.0,0.0,19.0,3.9,0.0,-495.82000000000005
2025-11-28,-2.6,-8.5,-3.7,0.0,0.19,18.1,0.0,-0.19,-496.01000000000005
2025-11-29,0.4,-1.4,-0.9,0.5,0.5,18.8,0.0,0.0,-496.01000000000005
2025-11-30,1.2,-5.7,-3.3,0.0,0.04,15.8,2.1,-0.04,-496.05000000000007
2025-12-01,4.4,-2.6,1.5,0.0,0.67,17.3,0.0,-0.67,-496.7200000000001
2025-12-02,2.0,-5.1,-2.0,0.0,1.3,16.8,0.0,-1.3,-498.0200000000001
2025-12-03,-1.1,-6.3,-4.2,0.0,0.0,15.5,0.0,0.0,-498.0200000000001
2025-12-04,0.3,-5.6,-2.8,0.0,0.0,17.4,0.0,0.0,-498.0200000000001
2025-12-05,3.7,-2.9,-0.7,0.0,0.23,19.6,1.7,-0.23,-498.2500000000001
2025-12-06,-1.5,-8.1,-3.7,0.0,0.43,15.2,1.5,-0.43,-498.6800000000001
2025-12-07,-1.5,-7.4,-4.6,0.0,0.0,16.5,0.0,0.0,-498.6800000000001
2025-12-08,0.8,-6.6,-1.5,5.0,0.78,16.0,0.0,4.22,-494.4600000000001
2025-12-09,0.7,-4.8,-1.6,0.0,0.0,16.2,3.5,0.0,-494.4600000000001
2025-12-10,-1.4,-8.3,-4.0,0.0,0.38,19.5,0.0,-0.38,-494.8400000000001
2025-12-11,-0.6,-8.1,-4.0,3.2,0.0,17.3,0.0,3.2,-491.6400000000001
2025-12-12,0.3,-3.1,-2.0,2.9,0.88,17.3,0.0,2.02,-489.6200000000001
2025-12-13,-2.2,-8.5,-7.1,0.0,1.01,18.8,4.3,-1.01,-490.6300000000001
2025-12-14,-5.4,-9.1,-7.1,0.0,0.0,15.8,0.0,0.0,-490.6300000000001
2025-12-15,-2.4,-9.7,-5.1,0.0,0.0,17.4,0.0,0.0,-490.6300000000001
2025-12-16,-1.3,-7.1,-3.7,0.0,0.44,17.1,0.0,-0.44,-491.0700000000001
2025-12-17,3.0,-3.3,-2.2,1.3,0.0,18.0,0.0,1.3,-489.7700000000001
2025-12-18,4.6,-1.5,1.3,0.0,0.0,20.0,0.0,0.0,-489.7700000000001
2025-12-19,3.9,-0.2,-0.7,4.0,0.01,18.8,1.4,3.99,-485.7800000000001
2025-12-20,-3.0,-6.2,-3.8,0.0,0.0,17.0,5.0,0.0,-485.7800000000001
2025-12-21,-0.0,-6.1,-3.4,0.0,0.0,19.1,0.0,0.0,-485.7800000000001
2025-12-22,-2.1,-9.9,-6.5,0.0,0.0,15.9,0.0,0.0,-485.7800000000001
2025-12-23,-0.4,-6.4,-3.6,0.0,0.0,15.2,0.0,0.0,-485.7800000000001
2025-12-24,0.2,-7.7,-4.4,0.0,0.73,16.0,0.0,-0.73,-486.5100000000001
2025-12-25,-0.4,-4.6,-2.6,0.0,0.0,16.7,1.4,0.0,-486.5100000000001
2025-12-26,-1.0,-7.7,-6.1,0.0,0.42,17.6,0.0,-0.42,-486.9300000000001
2025-12-27,4.3,-6.3,-2.2,0.0,0.0,18.1,0.0,0.0,-486.9300000000001
2025-12-28,3.3,-4.2,0.8,0.0,0.0,19.6,0.0,0.0,-486.9300000000001
2025-12-29,-1.8,-9.9,-4.1,0.0,0.43,17.5,0.0,-0.43,-487.3600000000001
2025-12-30,2.6,-4.9,-2.6,0.0,0.21,17.5,0.7,-0.21,-487.5700000000001
2025-12-31,3.6,-6.4,-1.8,0.0,0.33,15.3,1.0,-0.33,-487.9000000000001
2026-01-01,-2.9,-11.3,-5.1,5.4,0.54,15.2,0.0,4.86,-483.0400000000001
2026-01-02,-0.9,-5.7,-3.2,0.0,0.0,17.8,3.1,0.0,-483.0400000000001
2026-01-03,-1.3,-3.2,-3.9,0.0,0.0,17.2,0.1,0.0,-483.0400000000001
2026-01-04,-2.7,-6.7,-3.7,1.8,0.0,19.2,2.6,1.8,-481.24000000000007
2026-01-05,-4.7,-8.0,-6.3,0.0,0.0,15.8,0.0,0.0,-481.24000000000007
2026-01-06,-2.4,-6.8,-3.9,7.4,1.58,15.1,0.0,5.82,-475.4200000000001
2026-01-07,-0.7,-5.6,-2.5,0.0,0.74,17.2,0.0,-0.74,-476.1600000000001
2026-01-08,3.3,-1.3,0.4,0.0,0.0,16.2,0.2,0.0,-476.1600000000001
2026-01-09,2.2,-4.6,-1.1,0.0,0.0,15.2,4.1,0.0,-476.1600000000001
2026-01-10,7.8,-0.1,2.5,0.0,0.41,18.6,0.9,-0.41,-476.5700000000001
2026-01-11,-4.8,-8.8,-6.3,0.0,0.45,15.6,0.0,-0.45,-477.0200000000001
2026-01-12,3.1,-5.4,-1.4,0.0,0.47,18.0,0.0,-0.47,-477.4900000000001
2026-01-13,-0.7,-4.9,-3.4,0.0,0.09,16.4,2.7,-0.09,-477.5800000000001
2026-01-14,5.5,-0.6,2.6,0.0,0.17,15.9,0.0,-0.17,-477.7500000000001
2026-01-15,-2.3,-10.5,-6.4,0.0,0.41,16.9,4.1,-0.41,-478.16000000000014
2026-01-16,-5.1,-8.6,-6.4,0.0,0.31,19.0,0.0,-0.31,-478.47000000000014
2026-01-17,-2.1,-10.0,-5.7,2.0,0.0,17.0,4.2,2.0,-476.47000000000014
2026-01-18,-7.0,-13.2,-10.2,0.0,0.2,18.8,1.5,-0.2,-476.67000000000013
2026-01-19,-1.7,-8.4,-5.4,0.0,0.0,15.6,0.0,0.0,-476.67000000000013
2026-01-20,-2.6,-7.4,-6.1,0.0,0.44,18.9,0.0,-0.44,-477.1100000000001
2026-01-21,3.4,-5.6,-3.3,0.7,1.87,16.2,0.0,-1.1700000000000002,-478.28000000000014
2026-01-22,-0.6,-5.7,-2.7,5.0,0.58,18.4,1.2,4.42,-473.8600000000001
2026-01-23,4.2,0.2,2.0,0.0,0.27,17.8,0.3,-0.27,-474.1300000000001
2026-01-24,1.3,-1.7,-0.7,13.5,0.91,19.6,0.0,12.59,-461.54000000000013
2026-01-25,-3.1,-7.4,-5.3,0.0,0.71,16.9,0.0,-0.71,-462.2500000000001
2026-01-26,-4.1,-9.2,-6.2,0.0,0.71,15.3,0.6,-0.71,-462.9600000000001
2026-01-27,2.8,-6.9,-1.9,0.0,0.83,15.1,0.0,-0.83,-463.7900000000001
2026-01-28,-2.2,-11.9,-7.3,0.0,1.58,19.1,2.0,-1.58,-465.37000000000006
2026-01-29,4.4,-1.2,2.2,0.0,0.01,17.6,0.0,-0.01,-465.38000000000005
2026-01-30,2.1,-3.6,0.3,0.0,0.84,18.9,0.0,-0.84,-466.22
2026-01-31,-0.8,-7.8,-4.5,4.1,0.17,16.2,0.0,3.9299999999999997,-462.29
2026-02-01,-6.0,-11.1,-8.2,0.2,0.94,16.7,0.0,-0.74,-463.03000000000003
2026-02-02,5.0,-1.1,1.1,0.0,0.23,15.2,0.0,-0.23,-463.26000000000005
2026-02-03,0.1,-6.3,-3.2,0.0,0.51,19.8,0.0,-0.51,-463.77000000000004
2026-02-04,1.6,-1.4,0.9,0.0,0.6,18.3,7.5,-0.6,-464.37000000000006
2026-02-05,-2.2,-10.4,-7.5,0.0,1.27,19.7,0.2,-1.27,-465.64000000000004
2026-02-06,1.3,-10.4,-4.4,0.0,1.27,16.3,2.4,-1.27,-466.91
2026-02-07,-0.4,-6.9,-2.5,0.0,0.22,18.1,3.3,-0.22,-467.13000000000005
2026-02-08,0.1,-5.5,-2.3,0.0,0.91,18.4,2.6,-0.91,-468.0400000000001
2026-02-09,-0.2,-8.5,-3.7,1.8,0.56,16.6,2.1,1.24,-466.80000000000007
2026-02-10,3.2,-2.4,-0.3,0.0,0.32,19.2,0.0,-0.32,-467.12000000000006
2026-02-11,-1.3,-6.0,-5.3,0.0,0.87,19.7,7.1,-0.87,-467.99000000000007
2026-02-12,3.6,-3.6,-2.4,0.0,0.86,19.4,8.3,-0.86,-468.8500000000001
2026-02-13,1.2,-4.8,-1.5,6.9,2.26,18.7,0.0,4.640000000000001,-464.2100000000001
2026-02-14,1.6,-1.0,-0.2,0.0,1.3,16.4,0.1,-1.3,-465.5100000000001
2026-02-15,1.4,-2.3,0.5,0.0,0.43,16.4,2.5,-0.43,-465.9400000000001
2026-02-16,-3.0,-8.4,-4.9,0.0,0.87,19.8,0.7,-0.87,-466.8100000000001
2026-02-17,-3.0,-9.9,-6.0,0.0,1.7,15.1,5.2,-1.7,-468.5100000000001
2026-02-18,8.3,-0.9,2.6,0.0,2.27,18.6,1.7,-2.27,-470.7800000000001
2026-02-19,2.1,-3.7,-0.1,0.0,0.47,18.5,10.6,-0.47,-471.2500000000001
2026-02-20,0.1,-6.0,-3.2,4.5,0.36,18.1,7.8,4.14,-467.1100000000001
2026-02-21,6.8,1.1,3.8,0.0,2.28,20.0,5.1,-2.28,-469.3900000000001
2026-02-22,4.4,-3.3,-0.3,1.4,1.57,16.6,7.7,-0.17000000000000015,-469.5600000000001
2026-02-23,9.8,0.7,3.0,0.0,0.98,16.7,8.1,-0.98,-470.54000000000013
2026-02-24,2.0,-1.4,-0.2,0.0,1.72,15.4,3.3,-1.72,-472.26000000000016
2026-02-25,8.2,4.4,5.9,5.4,0.18,17.2,2.7,5.220000000000001,-467.04000000000013
2026-02-26,9.7,-0.1,5.2,0.0,1.54,16.3,5.6,-1.54,-468.58000000000015
2026-02-27,3.3,-7.5,-0.7,4.1,1.74,16.7,8.1,2.3599999999999994,-466.22000000000014
2026-02-28,8.9,1.5,3.1,0.0,2.08,19.2,6.2,-2.08,-468.3000000000001
2026-03-01,6.2,-2.7,2.3,0.0,1.15,19.7,1.2,-1.15,-469.4500000000001
2026-03-02,7.1,1.3,4.6,0.0,1.74,15.9,3.7,-1.74,-471.1900000000001
2026-03-03,1.7,-7.0,-2.2,8.8,1.27,16.9,6.1,7.530000000000001,-463.6600000000001
2026-03-04,7.6,-2.8,2.9,0.0,1.91,19.6,6.3,-1.91,-465.5700000000001
2026-03-05,8.4,2.0,4.2,0.0,1.37,15.3,12.7,-1.37,-466.9400000000001
2026-03-06,-0.3,-5.9,-4.1,0.2,1.66,15.5,2.8,-1.46,-468.4000000000001
2026-03-07,2.4,-6.0,-2.2,0.0,1.41,15.8,8.7,-1.41,-469.8100000000001
2026-03-08,0.2,-11.5,-4.6,2.9,2.27,18.0,11.8,0.6299999999999999,-469.1800000000001
2026-03-09,6.0,-2.9,0.9,0.0,2.42,15.8,14.4,-2.42,-471.60000000000014
2026-03-10,8.0,1.6,4.0,7.2,1.91,19.8,6.5,5.29,-466.3100000000001
2026-03-11,9.3,1.4,6.6,0.0,2.09,17.2,9.4,-2.09,-468.4000000000001
2026-03-12,5.7,-0.2,2.5,0.0,1.39,17.5,9.9,-1.39,-469.7900000000001
2026-03-13,12.1,4.3,7.3,1.6,2.01,16.2,8.9,-0.4099999999999997,-470.2000000000001
2026-03-14,0.3,-3.7,-1.5,0.1,2.17,17.4,8.3,-2.07,-472.2700000000001
2026-03-15,1.2,-5.1,-2.3,0.5,3.55,18.3,10.1,-3.05,-475.3200000000001
2026-03-16,5.2,-1.6,2.8,0.0,1.73,18.8,1.4,-1.73,-477.0500000000001
2026-03-17,7.4,3.1,4.3,2.7,3.06,18.8,11.2,-0.3599999999999999,-477.41000000000014
2026-03-18,8.2,0.0,3.3,0.0,2.87,17.9,9.8,-2.87,-480.28000000000014
2026-03-19,0.6,-5.7,-2.6,3.0,2.55,19.5,8.9,0.4500000000000002,-479.83000000000015
2026-03-20,6.6,-0.9,3.5,3.6,3.34,19.1,15.9,0.26000000000000023,-479.57000000000016
2026-03-21,1.0,-3.6,0.0,0.0,2.69,18.8,8.0,-2.69,-482.26000000000016
2026-03-22,10.3,1.8,6.2,2.5,2.74,15.3,9.0,-0.2400000000000002,-482.50000000000017
2026-03-23,9.4,2.2,5.4,0.0,2.56,15.0,16.4,-2.56,-485.0600000000002
2026-03-24,8.0,1.3,1.7,0.0,3.24,16.1,8.1,-3.24,-488.3000000000002
2026-03-25,5.7,-1.9,3.2,0.0,3.22,18.3,9.2,-3.22,-491.5200000000002
2026-03-26,5.1,-3.7,1.8,0.0,2.4,17.1,10.6,-2.4,-493.9200000000002
2026-03-27,8.3,4.2,4.9,0.0,2.1,17.0,13.8,-2.1,-496.0200000000002
2026-03-28,13.6,4.9,8.2,5.9,2.7,19.4,12.1,3.2,-492.8200000000002
2026-03-29,5.4,-1.4,2.6,2.9,2.44,19.5,7.8,0.45999999999999996,-492.36000000000024
2026-03-30,10.7,5.8,7.3,14.9,2.85,19.5,10.3,12.05,-480.31000000000023
2026-03-31,8.3,0.4,4.4,0.0,3.55,16.6,10.2,-3.55,-483.86000000000024
2026-04-01,7.0,3.5,3.8,0.1,2.74,18.5,12.0,-2.64,-486.5000000000002
2026-04-02,8.4,4.0,6.0,0.0,2.99,16.4,13.7,-2.99,-489.49000000000024
2026-04-03,6.7,-0.3,3.5,0.0,3.08,16.0,13.9,-3.08,-492.5700000000002
2026-04-04,9.7,5.3,5.1,0.0,3.52,15.9,7.5,-3.52,-496.0900000000002
2026-04-05,4.8,-0.5,3.4,0.0,2.01,16.7,16.3,-2.01,-498.1000000000002
2026-04-06,16.3,11.2,13.1,0.1,2.88,17.1,14.0,-2.78,-500.88000000000017
2026-04-07,9.4,4.9,7.5,0.0,3.33,19.2,17.6,-3.33,-504.21000000000015
