{"chunk_definitions":[{"row":8,"row_count":1,"visible":true,"expansion_state":0,"options":{"engine":"r","label":"setup","include":false,"dev":"png"},"document_id":"E8301A49","chunk_id":"csetup_chunk","chunk_label":"setup"},{"row":21,"row_count":1,"visible":true,"expansion_state":0,"options":{"engine":"r","label":"setup","include":false,"dev":"png"},"document_id":"E8301A49","chunk_id":"csetup_chunk","chunk_label":"setup"}],"doc_write_time":1766259121,"working_dir":null,"default_chunk_options":{},"chunk_rendered_width":700}