COUNTRY;CONTINENT;AREA (SQ KM);POPULATION;(BIRTHS/1000 POPULATION);LIFE EXPECTANCY (YEARS);ADULT OBESITY (%);GDP - PER CAPITA (PPP);UNEMPLOYMENT RATE (%);ELECTRICITY CONSUMPTION (KWH);MOBILE PHONES;INTERNET USERS;RAILWAYS (KM);MILITARY EXPENDITURES (% OF GDP);POPULATION DENSITY (PERS/SQ KM);ELECTRICITY CONSUMPTION PER CAPITA;MOBILE PHONES (%);INTERNET USERS (%);RAILWAY DENSITY
AFGHANISTAN;SOUTH ASIA;652230;36643815;36,7;52,8;5,5;2000;23,9;5526000000;21239280;4717013;NA;1,2;56,18;150,8;0,58;0,13;NA
ALBANIA;EUROPE;28748;3074579;13;79;21,7;12500;5,83;5110000000;2799066;2196613;677;1,3;106,95;1662,02;0,91;0,71;0,0235
ALGERIA;AFRICA;2381740;42972878;20;77,5;27,4;15200;11,7;55960000000;46287629;24819531;3973;6;18,04;1302,22;1,08;0,58;0,0017
AMERICAN SAMOA;AUSTRALIA & OCEANIA;224;49437;17,8;74,8;NA;11200;29,8;157200000;NA;17;NA;NA;220,7;3179,8;NA;0;NA
ANDORRA;EUROPE;468;77;7;83;25,6;49900;3,7;221600000;97645;78483;NA;NA;0,16;2877922,08;1268,12;1019,26;NA
ANGOLA;AFRICA;1246700;32522339;42,7;61,3;8,2;6800;6,6;9036000000;14645106;4353033;2852;1,6;26,09;277,84;0,45;0,13;0,0023
ANGUILLA;CENTRAL AMERICA;91;1809;12,2;81,8;NA;12200;8;NA;32332;14211;NA;NA;19,88;NA;17,87;7,86;NA
ANTIGUA AND BARBUDA;CENTRAL AMERICA;442,6;98179;15,4;77,3;18,9;26400;11;307800000;187095;7287;NA;NA;221,82;3135,09;1,91;0,07;NA
ARGENTINA;SOUTH AMERICA;2780400;45479118;16;77,8;28,3;20900;9,84;1,21E+11;59008618;33203320;36917;0,7;16,36;2660,56;1,3;0,73;0,0133
ARMENIA;MIDDLE EAST;29743;3021324;11,9;75,6;20,2;9500;18,9;5291000000;3707557;1966942;780;4,9;101,58;1751,22;1,23;0,65;0,0262
ARUBA;CENTRAL AMERICA;180;119428;12,1;77,5;NA;37500;7,7;873300000;159471;113277;NA;NA;663,49;7312,36;1,34;0,95;NA
AUSTRALIA;AUSTRALIA & OCEANIA;7741220;25466459;12,4;82,7;29;50400;5,16;2,294E+11;27780491;21419302;33343;1,9;3,29;9007,93;1,09;0,84;0,0043
AUSTRIA;EUROPE;83871;8859449;9,5;81,9;20,1;50000;7,35;64600000000;10574725;7712665;58;0,7;105,63;7291,65;1,19;0,87;0,0007
AZERBAIJAN;MIDDLE EAST;86600;10205810;14,5;73,6;19,9;17500;5;20240000000;10835974;8017120;2944;4;117,85;1983,18;1,06;0,79;0,034
BAHRAIN;MIDDLE EAST;760;1505003;12,7;79,4;29,8;49000;3,6;26110000000;1706763;1423039;NA;3,7;1980,27;17348,8;1,13;0,95;NA
BANGLADESH;SOUTH ASIA;148460;162650853;18,1;74,2;3,6;4200;4,4;53650000000;163559380;23917950;246;1,3;1095,59;329,85;1,01;0,15;0,0017
BARBADOS;CENTRAL AMERICA;430;29456;11,3;76;23,1;18600;10,1;990000000;319177;239664;NA;NA;68,5;33609,45;10,84;8,14;NA
BELARUS;EUROPE;207600;9477918;9,5;73,8;24,5;18900;0,8;31720000000;11682764;7539145;5528;1,2;45,65;3346,73;1,23;0,8;0,0266
BELGIUM;EUROPE;30528;11720716;11,1;81,4;22,1;46600;5,36;82160000000;11616970;10258638;3592;0,93;383,93;7009,81;0,99;0,88;0,1177
BELIZE;CENTRAL AMERICA;22966;399598;22;75,3;24,1;8300;9;453000000;256479;18166;NA;1,2;17,4;1133,64;0,64;0,05;NA
BENIN;AFRICA;112622;12864634;42,1;61,4;9,6;2300;1;1143000000;10905559;2403596;438;0,7;114,23;88,85;0,85;0,19;0,0039
BERMUDA;NORTH AMERICA;54;7175;11,2;81,7;NA;99400;7;604500000;7368;70016;NA;NA;132,87;84250,87;1,03;9,76;NA
BHUTAN;SOUTH ASIA;38394;782318;16,3;72,1;6,4;9000;3,2;2184000000;740026;368714;NA;NA;20,38;2791,7;0,95;0,47;NA
BOLIVIA;SOUTH AMERICA;1098581;11639909;20,8;70,4;20,2;7600;4;7785000000;11567760;4955569;396;1,4;10,6;668,82;0,99;0,43;0,0004
BOSNIA AND HERZEGOVINA;EUROPE;51197;3835586;8,6;77,5;17,9;12800;33,28;11870000000;4300743;2699544;965;0,9;74,92;3094,7;1,12;0,7;0,0188
BOTSWANA;AFRICA;581730;2317233;20,9;64,8;18,9;17000;20;3636000000;3968526;1057079;888;2,8;3,98;1569,11;1,71;0,46;0,0015
BRAZIL;SOUTH AMERICA;8515770;211715973;13,6;74,7;22,1;15600;11,93;5,091E+11;207862093;140908998;2985;1,5;24,86;2404,64;0,98;0,67;0,0004
BRITISH VIRGIN ISLANDS;CENTRAL AMERICA;151;37381;11,1;79,2;NA;34200;2,9;117500000;72589;27818;NA;NA;247,56;3143,31;1,94;0,74;NA
BRUNEI;EAST ASIA;5765;464478;16,5;77,9;14,1;78900;6,9;3771000000;588616;426234;NA;3,3;80,57;8118,79;1,27;0,92;NA
BULGARIA;EUROPE;110879;6966899;8,3;75;25;21800;5,66;32340000000;8149389;4571851;5114;3,25;62,83;4641,95;1,17;0,66;0,0461
BURKINA FASO;AFRICA;274200;20835401;35,1;62,7;5,6;1900;77;1551000000;20330657;3158834;622;2,4;75,99;74,44;0,98;0,15;0,0023
BURMA;EAST ASIA;676578;56590071;17;69,3;5,8;6300;4;14930000000;63877526;17064985;5031;2,9;83,64;263,83;1,13;0,3;0,0074
BURUNDI;AFRICA;27830;11865821;36,5;66,7;5,4;700;NA;382700000;6644833;298684;NA;1,8;426,37;32,25;0,56;0,03;NA
CABO VERDE;AFRICA;4033;583255;19,1;73,2;11,8;7000;9;367400000;623749;330623;NA;0,5;144,62;629,91;1,07;0,57;NA
CAMBODIA;EAST ASIA;181035;16926984;21,3;65,9;3,9;4000;0,3;5857000000;21684767;6579808;642;2,3;93,5;346,02;1,28;0,39;0,0035
CAMEROON;AFRICA;475440;27744989;36,3;62,3;11,4;3700;4,3;6411000000;22062303;6089200;987;1,1;58,36;231,07;0,8;0,22;0,0021
CANADA;NORTH AMERICA;9984670;37694085;10,2;83,4;29,4;48400;5,67;5,222E+11;34597559;33743954;77932;1,31;3,78;13853,63;0,92;0,9;0,0078
CAYMAN ISLANDS;CENTRAL AMERICA;264;61944;11,9;81,6;NA;43800;4;612000000;92691;48328;NA;NA;234,64;9879,89;1,5;0,78;NA
CENTRAL AFRICAN REPUBLIC;AFRICA;622984;5990855;33,2;54,2;7,5;700;6,9;159400000;1892114;249336;NA;1,5;9,62;26,61;0,32;0,04;NA
CHAD;AFRICA;1284000;16877357;41,7;58,3;6,1;2300;NA;208600000;7857758;1029153;NA;2,2;13,14;12,36;0,47;0,06;NA
CHILE;SOUTH AMERICA;756102;18186770;13,1;79,4;28;24600;7,22;73220000000;23870679;14757868;7282;1,8;24,05;4026;1,31;0,81;0,0096
CHINA;EAST ASIA;9596960;1394015977;11,6;76,1;6,2;18200;3,64;5,564E+12;1672545161;751886119;131;1,9;145,26;3991,35;1,2;0,54;0
COLOMBIA;SOUTH AMERICA;1138910;49084841;15,4;76,6;22,3;14400;10,5;68250000000;64033049;29990017;2141;3,2;43,1;1390,45;1,3;0,61;0,0019
COMOROS;AFRICA;2235;846281;23,6;65,7;7,8;1600;6,5;39060000;563722;69635;NA;NA;378,65;46,15;0,67;0,08;NA
COOK ISLANDS;AUSTRALIA & OCEANIA;236;8574;13,3;76,6;55,9;16700;13,1;31620000;7308;4881;NA;NA;36,33;3687,89;0,85;0,57;NA
COSTA RICA;CENTRAL AMERICA;51100;5097988;14,8;79,2;25,7;16900;8,1;9812000000;8163744;3694974;278;NA;99,76;1924,68;1,6;0,72;0,0054
COTE D'IVOIRE;AFRICA;322463;27481086;29,1;61,3;10,3;3900;9,4;6245000000;39049743;12295204;660;1,1;85,22;227,25;1,42;0,45;0,002
CROATIA;EUROPE;56594;4227746;8,7;76,7;24,4;24700;8,07;15930000000;4531122;3104212;2722;1,68;74,7;3767,97;1,07;0,73;0,0481
CUBA;CENTRAL AMERICA;110860;11059062;10,4;79,2;24,6;12300;2,6;16160000000;5911586;6353020;8367;2,9;99,76;1461,25;0,53;0,57;0,0755
CURACAO;CENTRAL AMERICA;444;151345;13,4;79;NA;15000;13;968000000;17426;102359;NA;NA;340,87;6395,98;0,12;0,68;NA
CYPRUS;EUROPE;9251;1266676;10,9;79,3;21,8;37200;7,07;4355000000;1801213;1044473;NA;1,6;136,92;3438,13;1,42;0,82;NA
CZECHIA;EUROPE;78867;10702498;8,9;79,3;26;35500;2,8;62340000000;13213279;8622750;9408;1,19;135,7;5824,81;1,23;0,81;0,1193
DENMARK;EUROPE;43094;5869410;11,1;81,2;19,7;50100;3,05;33020000000;7331110;5672398;3476;1,32;136,2;5625,78;1,25;0,97;0,0807
DJIBOUTI;AFRICA;23200;921804;22,7;64,7;13,5;3600;40;377100000;371992;492221;97;NA;39,73;409,09;0,4;0,53;0,0042
DOMINICA;CENTRAL AMERICA;751;74243;14,5;77,7;27,9;11000;23;103600000;78437;51538;NA;NA;98,86;1395,42;1,06;0,69;NA
DOMINICAN REPUBLIC;CENTRAL AMERICA;48670;10499707;18,5;72;27,6;17000;5,1;15640000000;8665302;7705529;496;0,7;215,73;1489,57;0,83;0,73;0,0102
ECUADOR;SOUTH AMERICA;283561;16904867;17;77,5;19,9;11500;5,71;22680000000;15241719;9448692;965;2,3;59,62;1341,63;0,9;0,56;0,0034
EGYPT;AFRICA;1001450;104124440;27,2;73,7;32;12700;7,86;1,597E+11;96657295;46644728;5085;1,2;103,97;1533,74;0,93;0,45;0,0051
EL SALVADOR;CENTRAL AMERICA;21041;6481102;18,6;74,8;24,6;8000;7;5928000000;9442667;2153776;13;1,2;308,02;914,66;1,46;0,33;0,0006
EQUATORIAL GUINEA;AFRICA;28051;836178;30,7;65,7;8;37400;8,6;465000000;36892;209253;NA;1,1;29,81;556,1;0,04;0,25;NA
ERITREA;AFRICA;117600;6081196;27,9;66,2;5;1600;5,8;353900000;1226660;78215;306;NA;51,71;58,2;0,2;0,01;0,0026
ESTONIA;EUROPE;45228;1228624;9,3;77,4;21,2;31700;4,94;8795000000;1820088;1111896;2146;2,14;27,17;7158,41;1,48;0,9;0,0474
ESWATINI;AFRICA;17364;1104479;24,5;58,6;16,5;10100;28;1431000000;1025061;510984;301;1,8;63,61;1295,63;0,93;0,46;0,0173
ETHIOPIA;AFRICA;1104300;108113150;31,6;67,5;4,5;2200;17,5;9062000000;38147361;19118470;659;0,7;97,9;83,82;0,35;0,18;0,0006
FALKLAND ISLANDS (ISLAS MALVINAS);SOUTH AMERICA;12173;3198;10,9;NA;NA;70800;1;17670000;4674;3;NA;NA;0,26;5525,33;1,46;0;NA
FAROE ISLANDS;EUROPE;1393;51628;14,9;80,8;NA;40000;2,2;285500000;59771;49783;NA;NA;37,06;5529,94;1,16;0,96;NA
FIJI;AUSTRALIA & OCEANIA;18274;935974;17,4;73,7;30,2;9800;4,5;850000000;1097345;46286;597;1,6;51,22;908,14;1,17;0,05;0,0327
FINLAND;EUROPE;338145;5571665;10,6;81,3;22,2;44500;6,63;82790000000;7179481;4922163;5926;1,5;16,48;14859,11;1,29;0,88;0,0175
FRANCE;EUROPE;643801;67848156;11,9;82,2;21,6;44100;8,12;4,508E+11;74791818;55265718;2964;1,84;105,39;6644,25;1,1;0,81;0,0046
FRENCH POLYNESIA;AUSTRALIA & OCEANIA;4167;295121;14;77,9;NA;17000;21,8;629900000;305233;211101;NA;NA;70,82;2134,38;1,03;0,72;NA
GABON;AFRICA;267667;2230908;26,3;69;15;18100;28;2071000000;3008814;1313802;649;1,6;8,33;928,32;1,35;0,59;0,0024
GAZA STRIP;MIDDLE EAST;360;1918221;28,6;74,9;NA;NA;27,9;202;4135363;2673000;NA;NA;5328,39;0;2,16;1,39;NA
GEORGIA;MIDDLE EAST;69700;3997000;11,6;77;21,7;10700;11,8;12370000000;6638125;3151218;1363;2;57,35;3094,82;1,66;0,79;0,0196
GERMANY;EUROPE;357022;80159662;8,6;81,1;22,3;50800;4,98;5,365E+11;103090116;72202773;3359;1,38;224,52;6692,89;1,29;0,9;0,0094
GHANA;AFRICA;238533;29340248;29,6;68,2;10,9;4700;11,9;9363000000;38571189;10959964;947;0,4;123;319,12;1,31;0,37;0,004
GIBRALTAR;EUROPE;6,5;29581;13,8;80;NA;61700;1;230800000;3551;27823;NA;NA;4550,92;7802,31;0,12;0,94;NA
GREECE;EUROPE;131957;10607051;7,8;81,1;24,9;27800;17,3;56890000000;12070571;7783381;2548;2,28;80,38;5363,41;1,14;0,73;0,0193
GREENLAND;NORTH AMERICA;2166086;57616;14,1;73,4;NA;41800;9,1;468000000;66009;40084;NA;NA;0,03;8122,74;1,15;0,7;NA
GRENADA;CENTRAL AMERICA;344;113094;14,6;75,2;21,3;15100;24;185100000;115008;66281;NA;NA;328,76;1636,69;1,02;0,59;NA
GUAM;AUSTRALIA & OCEANIA;544;168485;18,9;77;NA;35600;4,5;1601000000;181;135073;NA;NA;309,72;9502,33;0;0,8;NA
GUATEMALA;CENTRAL AMERICA;108889;17153288;23,3;72,4;21,2;8200;2,3;10100000000;20026347;10777827;800;0,4;157,53;588,81;1,17;0,63;0,0073
GUERNSEY;EUROPE;78;67052;9,8;82,8;NA;52500;1,2;NA;71249;5505;NA;NA;859,64;NA;1,06;0,08;NA
GUINEA;AFRICA;245857;12527440;36,1;63,2;7,7;2200;2,7;556100000;12283911;2133974;1086;2;50,95;44,39;0,98;0,17;0,0044
GUINEA-BISSAU;AFRICA;36125;1927104;36,9;62,8;9,5;1900;NA;36270000;1555961;72047;NA;1,4;53,35;18,82;0,81;0,04;NA
GUYANA;SOUTH AMERICA;214969;750204;15,5;69,5;20,2;8100;11,1;790100000;617998;276498;NA;1,7;3,49;1053,18;0,82;0,37;NA
HAITI;CENTRAL AMERICA;27750;11067777;21,7;65,3;22,7;1800;40,6;406200000;6287411;3503006;NA;NA;398,84;36,7;0,57;0,32;NA
HONDURAS;CENTRAL AMERICA;112090;9235340;18,5;74,6;21,4;5600;5,6;7220000000;6633309;2853505;699;1,6;82,39;781,78;0,72;0,31;0,0062
HONG KONG;EAST ASIA;1108;7249907;8,4;83,2;NA;64500;2,93;41840000000;20868827;6450167;NA;NA;6543,24;5771,11;2,88;0,89;NA
HUNGARY;EUROPE;93028;9771827;8,8;76,7;26,4;29600;3,45;39370000000;10394172;7474413;8049;1,21;105,04;4028,93;1,06;0,76;0,0865
ICELAND;EUROPE;103000;350734;13,3;83,3;21,9;52200;3,62;17680000000;42339;340117;NA;0,3;3,41;50408,57;0,12;0,97;NA
INDIA;SOUTH ASIA;3287263;1326093247;18,2;69,7;3,9;7200;8,5;1,137E+12;1105250941;446759327;68525;2,4;403,4;857,41;0,83;0,34;0,0208
INDONESIA;EAST ASIA;1904569;267026366;15,4;73,7;6,9;12400;5,31;2,134E+11;337766682;104563108;8159;0,7;140,2;799,17;1,26;0,39;0,0043
IRAN;MIDDLE EAST;1648195;84923314;16,3;74,5;25,8;20100;11,8;2,363E+11;119598034;58117322;8484;3,8;51,53;2782,51;1,41;0,68;0,0051
IRAQ;MIDDLE EAST;438317;38872655;25,7;72,6;30,4;16700;16;38460000000;36092758;18364390;2272;3,5;88,69;989,38;0,93;0,47;0,0052
IRELAND;EUROPE;70273;5176569;13;81,2;25,3;73200;4,98;25680000000;5398848;4283516;4301;0,3;73,66;4960,81;1,04;0,83;0,0612
ISLE OF MAN;EUROPE;572;90499;10,8;81,6;NA;84600;1,1;NA;NA;NA;63;NA;158,22;NA;NA;NA;0,1101
ISRAEL;MIDDLE EAST;21937;8675475;17,6;83;26,1;36400;3,81;55000000000;10839024;6873037;1384;5;395,47;6339,71;1,25;0,79;0,0631
ITALY;EUROPE;301340;62402659;8,4;82,5;19,9;38200;9,88;2,935E+11;82955151;46305301;20182;1,22;207,08;4703,33;1,33;0,74;0,067
JAMAICA;CENTRAL AMERICA;10991;2808570;16,1;75,2;24,7;9200;7,72;2847000000;2882469;1548618;NA;1,6;255,53;1013,68;1,03;0,55;NA
JAPAN;EAST ASIA;377915;125507472;7,3;86;4,3;42900;2,36;9,437E+11;175187425;106725643;27311;0,93;332,11;7519,07;1,4;0,85;0,0723
JERSEY;EUROPE;116;101073;12,7;82,2;NA;56600;4;630100000;122668;58;NA;NA;871,32;6234,11;1,21;0;NA
JORDAN;MIDDLE EAST;89342;10820644;23;75,5;35,5;9200;19,1;16820000000;8215735;6985174;509;4,7;121,11;1554,44;0,76;0,65;0,0057
KAZAKHSTAN;CENTRAL ASIA;2724900;19091949;16,4;72;21;26300;4,8;94230000000;26223595;14789448;16614;1,1;7,01;4935,59;1,37;0,77;0,0061
KENYA;AFRICA;580367;53527936;27,2;69;7,1;3500;40;7863000000;54336841;9129243;3819;1,3;92,23;146,9;1,02;0,17;0,0066
KIRIBATI;AUSTRALIA & OCEANIA;811;111796;20,5;67,5;46;2000;30,6;26970000;51401;15946;NA;NA;137,85;241,24;0,46;0,14;NA
KOSOVO;EUROPE;10887;1932774;15,4;72,7;NA;10900;30,5;3957000000;620186;1706150;333;0,8;177,53;2047,32;0,32;0,88;0,0306
KUWAIT;MIDDLE EAST;17818;2993706;18;78,6;37,9;65800;1,1;57780000000;5147990;2904801;NA;5,6;168,02;19300,49;1,72;0,97;NA
KYRGYZSTAN;CENTRAL ASIA;199951;5964897;20,6;71,8;16,6;3700;3,18;10520000000;7940306;2222732;424;1,5;29,83;1763,65;1,33;0,37;0,0021
LAOS;EAST ASIA;236800;7447396;22,4;65,7;5,3;7400;0,7;5471000000;4466375;1845437;NA;0,2;31,45;734,62;0,6;0,25;NA
LATVIA;EUROPE;64589;1881232;9,2;75,4;23,6;27700;6,14;6798000000;2067174;1607711;186;2,01;29,13;3613,59;1,1;0,85;0,0029
LEBANON;MIDDLE EAST;10400;5469612;13,6;78,3;32;19600;9,7;15710000000;3614797;4769039;401;4,2;525,92;2872,23;0,66;0,87;0,0386
LESOTHO;AFRICA;30355;1969334;23,2;53;16,6;3300;28,1;847300000;2238186;569114;NA;1,5;64,88;430,25;1,14;0,29;NA
LIBERIA;AFRICA;111369;5073296;37,3;64,7;9,9;1300;2,8;279000000;2793316;383819;429;0,5;45,55;54,99;0,55;0,08;0,0039
LIBYA;AFRICA;1759540;6890535;23;76,7;32,5;9600;30;27300000000;6182105;1440859;NA;NA;3,92;3961,96;0,9;0,21;NA
LIECHTENSTEIN;EUROPE;160;39137;10,4;82,2;NA;139100;2,4;393600000;49355;37815;9;NA;244,61;10056,98;1,26;0,97;0,0563
LITHUANIA;EUROPE;65300;2731464;9,5;75,5;26,3;32400;8,4;10500000000;4663627;2226806;1768;2,03;41,83;3844,09;1,71;0,82;0,0271
LUXEMBOURG;EUROPE;2586;628381;11,6;82,6;22,6;105100;5,36;6475000000;83789;587955;275;0,56;242,99;10304,26;0,13;0,94;0,1063
MACAU;EAST ASIA;28,2;614458;7,9;84,6;NA;122000;2;5077000000;2108274;508052;NA;NA;21789,29;8262,57;3,43;0,83;NA
MACEDONIA;EUROPE;25713;2125971;10,7;76,3;22,4;14900;17,29;6420000000;2094037;1677569;925;0,9;82,68;3019,8;0,98;0,79;0,036
MADAGASCAR;AFRICA;587041;26955737;29,9;67,3;5,3;1600;1,8;1587000000;10677153;2516994;836;0,6;45,92;58,87;0,4;0,09;0,0014
MALAWI;AFRICA;118484;21196629;40,1;63,2;5,8;1200;20,4;1321000000;9799352;2734305;767;0,9;178,9;62,32;0,46;0,13;0,0065
MALAYSIA;EAST ASIA;329847;32652083;18,3;75,9;15,6;29100;3,3;1,369E+11;44997299;25829444;1851;1;98,99;4192,69;1,38;0,79;0,0056
MALDIVES;SOUTH ASIA;298;391904;16;76,4;8,6;19200;2,9;373900000;611662;248004;NA;NA;1315,11;954,06;1,56;0,63;NA
MALI;AFRICA;1240192;19553397;42,2;61,6;8,6;2200;7,9;2982000000;21850850;2395886;593;2,7;15,77;152,51;1,12;0,12;0,0005
MALTA;EUROPE;316;457267;9,9;82,8;28,9;41900;0,78;2122000000;653414;365521;NA;0,6;1447,05;4640,61;1,43;0,8;NA
MARSHALL ISLANDS;AUSTRALIA & OCEANIA;181;77917;22,8;74,1;52,9;3600;36;604500000;21169;2929;NA;NA;430,48;7758,26;0,27;0,04;NA
MAURITANIA;AFRICA;1030700;4005475;29;64,5;12,7;4500;10,2;1059000000;4083199;798809;728;2,8;3,89;264,39;1,02;0,2;0,0007
MAURITIUS;AFRICA;2040;1379365;12,6;76,5;10,8;22300;6,65;2726000000;2076577;79947;NA;0,2;676,16;1976,27;1,51;0,06;NA
MEXICO;NORTH AMERICA;1964375;128649565;17,6;76,7;28,9;19900;3,49;2,587E+11;121117720;82843369;20825;0,5;65,49;2010,89;0,94;0,64;0,0106
MOLDOVA;EUROPE;33851;3364496;10,7;71,9;18,9;6700;4,99;4400000000;3039990;2616792;1171;0,4;99,39;1307,77;0,9;0,78;0,0346
MONACO;EUROPE;2;39;6,4;89,3;NA;115700;2;NA;26725;29821;NA;NA;19,5;NA;685,26;764,64;NA
MONGOLIA;EAST ASIA;1564116;3168026;16,6;70,8;20,6;13700;8;5932000000;4297643;735823;1815;0,7;2,03;1872,46;1,36;0,23;0,0012
MONTENEGRO;EUROPE;13812;609859;11,5;77,3;23,3;17800;15,82;2808000000;1121870;439311;250;1,66;44,15;4604,34;1,84;0,72;0,0181
MONTSERRAT;CENTRAL AMERICA;102;5373;11,7;75,3;NA;34000;5,6;22320000;5377;286;NA;NA;52,68;4154,1;1;0,05;NA
MOROCCO;AFRICA;446550;35561654;17,9;73,3;26,1;8600;9,23;28250000000;45065083;22596729;2067;3,1;79,64;794,39;1,27;0,64;0,0046
MOZAMBIQUE;AFRICA;799380;30098197;38,6;55,9;7,2;1300;24,5;11570000000;13992090;2855670;4787;0,99;37,65;384,41;0,46;0,09;0,006
NAMIBIA;AFRICA;824292;2630073;25,7;65,3;17,2;11200;34;3891000000;2921697;1291944;2628;3;3,19;1479,43;1,11;0,49;0,0032
NAURU;AUSTRALIA & OCEANIA;21;11;21,9;68,4;61;12300;23;22320000;9212;5524;NA;NA;0,52;2029090,91;837,45;502,18;NA
NEPAL;SOUTH ASIA;147181;30327877;18,1;71,8;4,1;2700;3;4983000000;41880311;10103980;59;1,6;206,06;164,3;1,38;0,33;0,0004
NETHERLANDS;EUROPE;41543;17280397;11;81,7;20,4;53900;3,41;1,088E+11;21914852;16243928;3058;1,36;415,96;6296,15;1,27;0,94;0,0736
NEW CALEDONIA;AUSTRALIA & OCEANIA;18575;290009;14,5;78,4;NA;31100;14,7;2739000000;275002;231887;NA;NA;15,61;9444,53;0,95;0,8;NA
NEW ZEALAND;AUSTRALIA & OCEANIA;268838;4925477;12,8;82,1;30,8;39000;4,13;39500000000;6550687;4340672;4128;1,5;18,32;8019,53;1,33;0,88;0,0154
NICARAGUA;CENTRAL AMERICA;130370;6203441;17,1;74,2;23,7;5900;6,4;3590000000;5433530;1695340;NA;0,7;47,58;578,71;0,88;0,27;NA
NIGER;AFRICA;1267000;22772361;47,5;59,3;5,5;1200;0,3;1065000000;8921769;1110778;NA;1,8;17,97;46,77;0,39;0,05;NA
NIGERIA;AFRICA;923768;214028302;34,6;60,4;8,9;5900;16,5;24720000000;184013243;85450052;3798;0,5;231,69;115,5;0,86;0,4;0,0041
NIUE;AUSTRALIA & OCEANIA;260;2;NA;NA;50;5800;12;2790000;NA;109;NA;NA;0,01;1395000;NA;54,5;NA
NORTHERN MARIANA ISLANDS;AUSTRALIA & OCEANIA;464;51433;15,1;76,1;NA;24500;11,2;483;NA;16;NA;NA;110,85;0,01;NA;0;NA
NORWAY;EUROPE;323802;5467439;12,2;82,1;23,1;72100;3,72;1,222E+11;5810113;5183627;42;1,8;16,89;22350,5;1,06;0,95;0,0001
OMAN;MIDDLE EAST;309500;4664844;23,1;76,3;27;46000;NA;28920000000;4926899;2801932;NA;8,8;15,07;6199,56;1,06;0,6;NA
PAKISTAN;SOUTH ASIA;796095;233500636;27,4;69,2;8,6;5400;6;92330000000;174702132;34734689;11881;4;293,31;395,42;0,75;0,15;0,0149
PALAU;AUSTRALIA & OCEANIA;459;21685;11,3;74,1;55,3;14700;1,7;NA;29033;765;NA;NA;47,24;NA;1,34;0,04;NA
PANAMA;CENTRAL AMERICA;75420;3894082;17,1;79,2;22,7;25400;6,14;8708000000;5073123;2199433;77;NA;51,63;2236,21;1,3;0,56;0,001
PAPUA NEW GUINEA;EAST ASIA;462840;7259456;22,5;67,8;21,3;3700;2,5;3237000000;3401971;787764;NA;0,4;15,68;445,9;0,47;0,11;NA
PARAGUAY;SOUTH AMERICA;406752;7191685;16,6;77,9;20,3;12800;5,7;10900000000;7602566;4566043;30;1;17,68;1515,64;1,06;0,63;0,0001
PERU;SOUTH AMERICA;1285216;31914989;17;74,7;19,7;13500;6,58;44610000000;39138119;16461427;1854;1,2;24,83;1397,78;1,23;0,52;0,0014
PHILIPPINES;EAST ASIA;300000;109180815;22,9;70;6,4;8400;5,11;78300000000;166421595;63588975;77;1;363,94;717,16;1,52;0,58;0,0003
POLAND;EUROPE;312685;38282325;8,9;78,3;23,1;29600;5,43;1,494E+11;52916105;29791401;19231;2;122,43;3902,58;1,38;0,78;0,0615
PORTUGAL;EUROPE;92090;10302674;8,1;81,1;20,8;30500;6,55;46940000000;12028436;7731411;3075;1,52;111,88;4556,1;1,17;0,75;0,0334
PUERTO RICO;CENTRAL AMERICA;9104;3189068;8;81,3;NA;39400;10,8;19480000000;3724680;2326006;NA;NA;350,29;6108,37;1,17;0,73;NA
QATAR;MIDDLE EAST;11586;2444174;9,3;79,4;35,1;124100;8,9;37240000000;3329155;2355297;NA;NA;210,96;15236,23;1,36;0,96;NA
ROMANIA;EUROPE;238391;21302893;8,5;76;22,5;24600;3,06;49640000000;25033292;15165890;11268;2,04;89,36;2330,2;1,18;0,71;0,0473
RUSSIA;CENTRAL ASIA;17098242;141722205;10;71,9;23,1;27900;4,6;9,096E+11;233342795;114920477;87157;3,9;8,29;6418,19;1,65;0,81;0,0051
RWANDA;AFRICA;26338;12712431;27,9;65,1;5,8;2100;2,7;527300000;9531609;2653197;NA;1,2;482,67;41,48;0,75;0,21;NA
SAINT BARTHELEMY;CENTRAL AMERICA;25;7122;9,3;80,2;NA;NA;NA;NA;NA;NA;NA;NA;284,88;NA;NA;NA;NA
SAINT KITTS AND NEVIS;CENTRAL AMERICA;261;53821;12,6;76,6;22,9;28200;4,5;193400000;7897;42852;50;NA;206,21;3593,39;0,15;0,8;0,1916
SAINT LUCIA;CENTRAL AMERICA;616;166487;12,5;78,5;19,7;14400;20;343200000;168797;84112;NA;NA;270,27;2061,42;1,01;0,51;NA
SAINT MARTIN;CENTRAL AMERICA;54,4;32556;14,3;80,2;NA;19300;NA;NA;NA;11;NA;NA;598,46;NA;NA;0;NA
SAINT PIERRE AND MIQUELON;NORTH AMERICA;242;5347;6,7;81;NA;46200;8,7;42780000;NA;45;NA;NA;22,1;8000,75;NA;0,01;NA
SAINT VINCENT AND THE GRENADINES;CENTRAL AMERICA;389;10139;12,6;76,2;23,7;11500;18,8;146000000;94367;22803;NA;NA;26,06;14399,84;9,31;2,25;NA
SAMOA;AUSTRALIA & OCEANIA;2831;203774;19,6;74,7;47,3;5700;5,2;122800000;128776;67662;NA;NA;71,98;602,63;0,63;0,33;NA
SAN MARINO;EUROPE;61;34232;8,8;83,5;NA;59000;8,1;NA;38921;20328;NA;NA;561,18;NA;1,14;0,59;NA
SAO TOME AND PRINCIPE;AFRICA;964;211122;29,7;66,3;12,4;3200;12,2;61380000;160189;61193;NA;NA;219,01;290,73;0,76;0,29;NA
SAUDI ARABIA;MIDDLE EAST;2149690;34173498;14,7;76,2;35,4;54500;6;2,962E+11;40532610;30877318;541;8;15,9;8667,54;1,19;0,9;0,0003
SENEGAL;AFRICA;196722;15736368;31,8;63,2;8,8;3500;48;3497000000;16871654;6909635;906;1,5;79,99;222,22;1,07;0,44;0,0046
SERBIA;EUROPE;77474;7012165;8,8;76,3;21,5;15100;14,1;29810000000;6789423;5192501;3809;2,2;90,51;4251,18;0,97;0,74;0,0492
SEYCHELLES;AFRICA;455;95981;12,8;75,6;14;29300;3;325500000;188879;55616;NA;1,3;210,95;3391,3;1,97;0,58;NA
SIERRA LEONE;AFRICA;71740;6624933;35,4;59,8;8,7;1600;15;279000000;5569221;568099;NA;0,7;92,35;42,11;0,84;0,09;NA
SINGAPORE;EAST ASIA;719,2;6209660;8,9;86;6,1;94100;2,25;47690000000;9543773;5286665;NA;3,2;8634,12;7679,97;1,54;0,85;NA
SINT MAARTEN;CENTRAL AMERICA;34;43847;12,9;78,8;NA;66800;12;NA;84773;NA;NA;NA;1289,62;NA;1,93;NA;NA
SLOVAKIA;EUROPE;49035;5440602;9,3;77,8;20,5;33100;5;26640000000;7381164;4391969;358;1,74;110,95;4896,52;1,36;0,81;0,0073
SLOVENIA;EUROPE;20273;2102678;8,7;81,4;20,2;34500;7,64;13400000000;2540917;1676445;1229;1,04;103,72;6372,83;1,21;0,8;0,0606
SOLOMON ISLANDS;AUSTRALIA & OCEANIA;28896;685097;23,6;76,2;22,5;2200;NA;95790000;480124;78686;NA;NA;23,71;139,82;0,7;0,11;NA
SOMALIA;AFRICA;637657;11757124;38,7;54;8,3;NA;NA;315300000;5612338;225181;NA;NA;18,44;26,82;0,48;0,02;NA
SOUTH AFRICA;AFRICA;1219090;56463617;19,2;64,8;28,3;13600;28,53;2,071E+11;92600942;31107064;20986;1;46,32;3667,85;1,64;0,55;0,0172
SOUTH SUDAN;AFRICA;644329;10561244;38,8;55,5;6,6;1600;NA;391800000;3439784;814326;248;3,5;16,39;37,1;0,33;0,08;0,0004
SPAIN;EUROPE;505370;50015792;8,7;82;23,8;38400;14,13;2,395E+11;58750448;42478990;15333;0,92;98,97;4788,49;1,17;0,85;0,0303
SRI LANKA;SOUTH ASIA;65610;22889201;14,2;77,5;5,2;12900;4,83;12670000000;26160623;7700876;1562;1,9;348,87;553,54;1,14;0,34;0,0238
SUDAN;AFRICA;1861484;45561556;33,8;66,5;6,6;4300;19,6;12120000000;34198859;13311404;7251;1,6;24,48;266,01;0,75;0,29;0,0039
SURINAME;SOUTH AMERICA;163820;609569;14,9;73,3;26,4;14900;8,9;1750000000;845292;292685;NA;NA;3,72;2870,88;1,39;0,48;NA
SWEDEN;EUROPE;450295;10202491;12,1;82,4;20,6;51200;6,78;1,335E+11;12785850;9251773;14127;1,1;22,66;13085,04;1,25;0,91;0,0314
SWITZERLAND;EUROPE;41277;8403994;10,5;82,8;19,5;62100;2,31;58460000000;10618759;7437820;569;0,7;203,6;6956,22;1,26;0,89;0,0138
SYRIA;MIDDLE EAST;187437;19398448;23,8;73,7;27,8;2900;50;14160000000;21115000;6077510;2052;NA;103,49;729,96;1,09;0,31;0,0109
TAIWAN;EAST ASIA;35980;23603049;8;80,6;NA;50500;3,73;2,374E+11;29049784;21845944;1613;1,7;656;10058,02;1,23;0,93;0,0448
TAJIKISTAN;CENTRAL ASIA;144100;8873669;21,8;69;14,2;3200;2,4;12960000000;9747803;1889632;680;1,2;61,58;1460,5;1,1;0,21;0,0047
TANZANIA;AFRICA;947300;58552845;34,6;63,9;8,4;3200;10,3;5682000000;46847405;13862836;4567;1,3;61,81;97,04;0,8;0,24;0,0048
THAILAND;EAST ASIA;513120;68977400;10,7;75,6;10;17900;0,99;1,877E+11;128086321;38987531;4127;1,3;134,43;2721,18;1,86;0,57;0,008
TIMOR-LESTE;EAST ASIA;14874;1383723;32;69,3;3,8;6000;4,4;0;1490966;363398;NA;1;93,03;0;1,08;0,26;NA
TOGO;AFRICA;56785;8608444;32;66,6;8,4;1700;6,9;1261000000;6477816;1010609;568;3,1;151,6;146,48;0,75;0,12;0,01
TONGA;AUSTRALIA & OCEANIA;747;106095;21;77;48,2;5900;1,1;48360000;63156;43889;NA;NA;142,03;455,82;0,6;0,41;NA
TRINIDAD AND TOBAGO;CENTRAL AMERICA;5128;1208789;11,4;73,9;18,6;31300;4,9;9867000000;1880555;939967;NA;0,7;235,72;8162,71;1,56;0,78;NA
TUNISIA;AFRICA;163610;11721177;15,9;76,3;26,9;11900;15,5;15270000000;14679917;7392242;2173;2,6;71,64;1302,77;1,25;0,63;0,0133
TURKEY;MIDDLE EAST;783562;82017514;14,8;75,7;32,1;27000;13,68;2,311E+11;79068023;57725143;1271;1,89;104,67;2817,69;0,96;0,7;0,0016
TURKMENISTAN;CENTRAL ASIA;488100;5528627;18,3;71,3;18,6;18200;11;15090000000;8908821;1149840;5113;NA;11,33;2729,43;1,61;0,21;0,0105
TURKS AND CAICOS ISLANDS;CENTRAL AMERICA;948;55926;14,1;80,3;NA;29100;10;218600000;NA;NA;NA;NA;58,99;3908,74;NA;NA;NA
TUVALU;AUSTRALIA & OCEANIA;26;11342;23,4;67,9;51,6;3800;NA;NA;7911;5498;NA;NA;436,23;NA;0,7;0,48;NA
UGANDA;AFRICA;241038;43252966;42,3;68,2;5,3;2400;9,4;3106000000;23957740;9620681;1244;2,1;179,44;71,81;0,55;0,22;0,0052
UKRAINE;EUROPE;603550;43922939;9,6;72,9;24,1;8800;8,89;1,332E+11;57431439;25883509;21733;3,9;72,77;3032,58;1,31;0,59;0,036
UNITED ARAB EMIRATES;MIDDLE EAST;83600;9992083;9,5;79;31,7;68600;1,6;1,132E+11;19749674;9550945;NA;5,7;119,52;11328,97;1,98;0,96;NA
UNITED KINGDOM;EUROPE;243610;65761117;11,9;81,1;27,8;44300;3,17;3,092E+11;76920618;61784878;16837;2,14;269,94;4701,87;1,17;0,94;0,0691
UNITED STATES;NORTH AMERICA;9833517;332639102;12,4;80,3;36,2;59800;3,89;3,902E+12;408509528;285519020;293564;3,42;33,83;11730,43;1,23;0,86;0,0299
URUGUAY;SOUTH AMERICA;176215;3387605;12,9;77,9;27,9;22400;7,6;10770000000;4664993;2300557;1673;2;19,22;3179,24;1,38;0,68;0,0095
UZBEKISTAN;CENTRAL ASIA;447400;30565411;16,1;74,8;16,6;6900;5;49070000000;30662740;15705402;4642;4;68,32;1605,41;1;0,51;0,0104
VANUATU;AUSTRALIA & OCEANIA;12189;298333;22,4;74,6;25,2;2700;1,7;58590000;259317;74083;NA;NA;24,48;196,39;0,87;0,25;NA
VENEZUELA;SOUTH AMERICA;912050;28644603;17,9;71;25,6;12500;6,9;71960000000;16664106;21354499;447;0,5;31,41;2512,17;0,58;0,75;0,0005
VIETNAM;EAST ASIA;331210;98721275;14,5;74,4;2,1;6900;3,11;1,432E+11;138256733;68267875;26;2,3;298,06;1450,55;1,4;0,69;0,0001
VIRGIN ISLANDS;CENTRAL AMERICA;1910;106235;12,1;79,8;NA;37000;10,4;654700000;NA;68872;NA;NA;55,62;6162,75;NA;0,65;NA
WALLIS AND FUTUNA;AUSTRALIA & OCEANIA;142;15854;12,7;80,2;NA;3800;8,8;NA;NA;345;NA;NA;111,65;NA;NA;0,02;NA
WEST BANK;MIDDLE EAST;5860;2900034;25,2;75,9;NA;4300;27,9;6489000000;4135363;2673000;NA;NA;494,89;2237,56;1,43;0,92;NA
WESTERN SAHARA;AFRICA;266000;652271;28;64,5;NA;2500;NA;0;NA;NA;NA;NA;2,45;0;NA;NA;NA
YEMEN;MIDDLE EAST;527968;29884405;25,8;66,9;17,1;2500;27;3681000000;16158028;7659884;NA;3,98;56,6;123,17;0,54;0,26;NA
ZAMBIA;AFRICA;752618;17426623;40,4;53,6;8,1;4000;15;11040000000;16322168;2351646;3126;1,2;23,15;633,51;0,94;0,13;0,0042
ZIMBABWE;AFRICA;390757;14546314;33,6;62,3;15,5;2300;11,3;7118000000;12863830;3796618;3427;1;37,23;489,33;0,88;0,26;0,0088
