"350200575",TARNÓW,"2025","01","01",5.9,,0.2,,2.4,,-2.3,,,"9",,,"8",,"8",5.4,,,"8",,"8",,"8",,"8",,"8",,"8",,"8",,"8",,"8",,"8",,"8",,"8",,"8",,"8",,"8",,"8",,"8",,"8",R,"06",,,"9",,"8"
"350200575",TARNÓW,"2025","01","02",13.3,,1.7,,4.5,,0.2,,4.4,,S,,"9",,"9",0.6,,,"8",,"8",,"8",,"8",,"8",,"8",,"8",,"8",,"8",,"8",,"8",,"8",,"8",,"8",,"8",,"8",,"8",,"8",R,,"9",,"9",,"8"
"350200575",TARNÓW,"2025","01","03",2.6,,-0.1,,0.7,,-1.9,,0.3,,S,3,,,"9",0.5,,,"8",,"8",,"8",,"8",,"8",,"8",,"8",,"8",,"8",,"8",,"8",,"8",,"8",,"8",,"8",,"8",1,,,"8",R,"01",,,"9",,"8"
"350200575",TARNÓW,"2025","01","04",1.5,,-3.4,,-1.9,,-7.0,,0.0,,W,,"8",,"8",2.5,,,"8",,"8",,"8",,"8",,"8",,"8",,"8",,"8",,"8",,"8",,"8",,"8",,"8",,"8",,"8",,"8",,"8",,"8",R,"01",,,"9",,"8"
"350200575",TARNÓW,"2025","01","05",1.2,,-6.8,,-2.2,,-11.7,,0.3,,W,,"8",,"8",0.1,,,"8",,"8",,"8",,"8",,"8",,"8",,"8",,"8",,"8",,"8",,"8",,"8",,"8",,"8",,"8",,"8",,"8",,"8",R,"07",,,"9",,"8"
"350200575",TARNÓW,"2025","01","06",7.2,,-0.9,,4.5,,-1.0,,,"9",,,"8",,"8",2.5,,,"8",,"8",,"8",,"8",,"8",,"8",,"8",,"8",,"8",,"8",,"8",,"8",,"8",,"8",,"8",,"8",,"8",,"8",R,,"9",,"9",,"8"
"350200575",TARNÓW,"2025","01","07",10.6,,3.2,,6.4,,-0.1,,4.7,,W,,"9",,"9",0.1,,,"8",,"8",,"8",,"8",,"8",,"8",,"8",,"8",,"8",,"8",,"8",,"8",,"8",,"8",,"8",,"8",,"8",,"8",R,,"9",,"9",,"8"
"350200575",TARNÓW,"2025","01","08",4.6,,0.1,,2.2,,-2.7,,2.8,,W,,"9",,"9",,"9",,"8",,"8",,"8",,"8",,"8",,"8",,"8",,"8",,"8",,"8",,"8",,"8",,"8",,"8",,"8",,"8",,"8",,"8",Z,"01",,,"9",,"8"
"350200575",TARNÓW,"2025","01","09",10.3,,1.3,,6.9,,-0.9,,5.6,,W,,"9",,"9",0.2,,,"8",,"8",,"8",,"8",,"8",,"8",,"8",,"8",,"8",,"8",,"8",,"8",,"8",,"8",,"8",,"8",,"8",,"8",R,,"9",,"9",,"8"
"350200575",TARNÓW,"2025","01","10",10.1,,0.9,,3.3,,-0.2,,0.0,,S,,"9",,"9",,"9",,"8",,"8",,"8",,"8",,"8",,"8",,"8",,"8",,"8",,"8",,"8",,"8",,"8",,"8",,"8",,"8",,"8",,"8",R,,"9",,"9",,"8"
"350200575",TARNÓW,"2025","01","11",2.4,,-0.6,,0.6,,-0.7,,0.7,,W,,"8",,"8",0.2,,,"8",,"8",,"8",,"8",,"8",,"8",,"8",,"8",,"8",,"8",,"8",,"8",,"8",,"8",,"8",,"8",,"8",,"8",R,,"9",,"9",,"8"
"350200575",TARNÓW,"2025","01","12",0.4,,-1.4,,-0.2,,-1.2,,1.7,,W,,"8",,"8",,"9",,"8",,"8",,"8",,"8",,"8",,"8",,"8",,"8",,"8",,"8",,"8",,"8",,"8",,"8",,"8",,"8",,"8",,"8",R,"01",,,"9",,"8"
"350200575",TARNÓW,"2025","01","13",0.4,,-1.7,,-0.8,,-2.2,,,"9",,6,,1.5,,,"9",,"8",,"8",,"8",,"8",,"8",,"8",,"8",,"8",,"8",,"8",,"8",,"8",,"8",,"8",,"8",,"8",1,,,"8",R,"01",,,"9",,"8"
"350200575",TARNÓW,"2025","01","14",2.5,,-3.2,,-0.7,,-7.3,,2.9,,S,5,,1.4,,2.3,,,"8",,"8",,"8",,"8",,"8",,"8",,"8",,"8",,"8",,"8",,"8",,"8",,"8",,"8",,"8",,"8",1,,,"8",Z,"01",,,"9",,"8"
"350200575",TARNÓW,"2025","01","15",1.6,,-0.7,,0.6,,-3.5,,0.9,,S,10,,1.5,,,"9",,"8",,"8",,"8",,"8",,"8",,"8",,"8",,"8",,"8",,"8",,"8",,"8",,"8",,"8",,"8",,"8",1,,,"8",R,"01",,,"9",,"8"
"350200575",TARNÓW,"2025","01","16",1.7,,0.5,,1.1,,0.2,,0.0,,W,5,,2.6,,,"9",,"8",,"8",,"8",,"8",,"8",,"8",,"8",,"8",,"8",,"8",,"8",,"8",,"8",,"8",,"8",,"8",1,,,"8",R,,"9",,"9",,"8"
"350200575",TARNÓW,"2025","01","17",6.0,,0.7,,2.2,,0.3,,,"9",,2,,,"9",5.3,,,"8",,"8",,"8",,"8",,"8",,"8",,"8",,"8",,"8",,"8",,"8",,"8",,"8",,"8",,"8",,"8",1,,,"8",R,"01",,,"9",,"8"
"350200575",TARNÓW,"2025","01","18",8.0,,-1.8,,2.2,,-3.2,,,"9",,,"8",,"8",7.5,,,"8",,"8",,"8",,"8",,"8",,"8",,"8",,"8",,"8",,"8",,"8",,"8",,"8",,"8",,"8",,"8",,"8",,"8",R,"01",,,"9",,"8"
"350200575",TARNÓW,"2025","01","19",7.6,,-3.9,,0.3,,-6.6,,,"9",,,"8",,"8",7.5,,,"8",,"8",,"8",,"8",,"8",,"8",,"8",,"8",,"8",,"8",,"8",,"8",,"8",,"8",,"8",,"8",,"8",,"8",R,"01",,,"9",,"8"
"350200575",TARNÓW,"2025","01","20",6.8,,-3.9,,0.6,,-6.1,,,"9",,,"9",,"9",7.1,,,"8",,"8",,"8",,"8",,"8",,"8",,"8",,"8",,"8",,"8",,"8",,"8",,"8",,"8",,"8",,"8",,"8",,"8",Z,"01",,,"9",,"8"
"350200575",TARNÓW,"2025","01","21",2.5,,-2.2,,0.7,,-4.5,,1.8,,S,,"9",,"9",,"9",,"8",,"8",,"8",,"8",,"8",,"8",,"8",,"8",,"8",,"8",,"8",,"8",,"8",,"8",,"8",,"8",,"8",,"8",Z,"01",,,"9",,"8"
"350200575",TARNÓW,"2025","01","22",5.1,,0.4,,1.9,,-1.6,,0.1,,S,0,,,"9",0.6,,,"8",,"8",,"8",,"8",,"8",,"8",,"8",,"8",,"8",,"8",,"8",,"8",,"8",,"8",,"8",,"8",,"8",,"8",R,"01",,,"9",,"8"
"350200575",TARNÓW,"2025","01","23",6.8,,-0.4,,2.9,,-3.7,,0.7,,W,,"9",,"9",5.9,,,"8",,"8",,"8",,"8",,"8",,"8",,"8",,"8",,"8",,"8",,"8",,"8",,"8",,"8",,"8",,"8",,"8",,"8",Z,"01",,,"9",,"8"
"350200575",TARNÓW,"2025","01","24",6.7,,0.0,,3.0,,-2.6,,,"9",,,"8",,"8",1.1,,,"8",,"8",,"8",,"8",,"8",,"8",,"8",,"8",,"8",,"8",,"8",,"8",,"8",,"8",,"8",,"8",,"8",,"8",R,"01",,,"9",,"8"
"350200575",TARNÓW,"2025","01","25",8.7,,1.4,,5.7,,-2.5,,,"9",,,"8",,"8",3.4,,,"8",,"8",,"8",,"8",,"8",,"8",,"8",,"8",,"8",,"8",,"8",,"8",,"8",,"8",,"8",,"8",,"8",,"8",R,,"9",,"9",,"8"
"350200575",TARNÓW,"2025","01","26",11.7,,5.3,,7.4,,2.3,,,"9",,,"8",,"8",2.3,,,"8",,"8",,"8",,"8",,"8",,"8",,"8",,"8",,"8",,"8",,"8",,"8",,"8",,"8",,"8",,"8",,"8",,"8",R,,"9",,"9",,"8"
"350200575",TARNÓW,"2025","01","27",11.4,,4.3,,7.9,,-0.5,,,"9",,,"9",,"9",6.3,,,"8",,"8",,"8",,"8",,"8",,"8",,"8",,"8",,"8",,"8",,"8",,"8",,"8",,"8",,"8",,"8",,"8",,"8",R,,"9",,"9",,"8"
"350200575",TARNÓW,"2025","01","28",15.8,,2.5,,9.8,,-1.9,,0.2,,W,,"9",,"9",2.8,,,"8",,"8",,"8",,"8",,"8",,"8",,"8",,"8",,"8",,"8",,"8",,"8",,"8",,"8",,"8",,"8",,"8",,"8",R,"01",,,"9",,"8"
"350200575",TARNÓW,"2025","01","29",13.0,,5.4,,9.2,,0.7,,0.0,,W,,"9",,"9",4.0,,,"8",,"8",,"8",,"8",,"8",,"8",,"8",,"8",,"8",,"8",,"8",,"8",,"8",,"8",,"8",,"8",,"8",,"8",R,,"9",,"9",,"8"
"350200575",TARNÓW,"2025","01","30",14.2,,-0.5,,6.0,,-5.3,,,"9",,,"9",,"9",8.3,,,"8",,"8",,"8",,"8",,"8",,"8",,"8",,"8",,"8",,"8",,"8",,"8",,"8",,"8",,"8",,"8",,"8",,"8",Z,"01",,,"9",,"8"
"350200575",TARNÓW,"2025","01","31",11.1,,-0.5,,3.4,,-5.1,,0.0,,W,,"9",,"9",3.5,,,"8",,"8",,"8",,"8",,"8",,"8",,"8",,"8",,"8",,"8",,"8",,"8",,"8",,"8",,"8",,"8",,"8",,"8",Z,"01",,,"9",,"8"
"350200575",TARNÓW,"2025","02","01",4.3,,0.3,,2.3,,-2.2,,,"9",,,"8",,"8",0.3,,,"8",,"8",,"8",,"8",,"8",,"8",,"8",,"8",,"8",,"8",,"8",,"8",,"8",,"8",,"8",,"8",,"8",,"8",R,"01",,,"9",,"8"
"350200575",TARNÓW,"2025","02","02",3.1,,0.6,,1.4,,-0.3,,0.1,,W,,"8",,"8",,"9",,"8",,"8",,"8",,"8",,"8",,"8",,"8",,"8",,"8",,"8",,"8",,"8",,"8",,"8",,"8",,"8",,"8",,"8",R,"01",,,"9",,"8"
"350200575",TARNÓW,"2025","02","03",2.7,,-1.7,,-0.1,,-6.1,,0.0,,S,0,,,"9",0.7,,,"8",,"8",,"8",,"8",,"8",,"8",,"8",,"8",,"8",,"8",,"8",,"8",,"8",,"8",,"8",,"8",,"8",,"8",Z,"01",,,"9",,"8"
"350200575",TARNÓW,"2025","02","04",3.7,,-2.1,,0.4,,-6.5,,,"9",,,"9",,"9",0.6,,,"8",,"8",,"8",,"8",,"8",,"8",,"8",,"8",,"8",,"8",,"8",,"8",,"8",,"8",,"8",,"8",,"8",,"8",Z,"01",,,"9",,"8"
"350200575",TARNÓW,"2025","02","05",6.3,,-2.1,,1.6,,-5.9,,0.0,,S,,"9",,"9",3.8,,,"8",,"8",,"8",,"8",,"8",,"8",,"8",,"8",,"8",,"8",,"8",,"8",,"8",,"8",,"8",,"8",,"8",,"8",Z,"01",,,"9",,"8"
"350200575",TARNÓW,"2025","02","06",2.3,,-1.0,,1.2,,-4.4,,0.1,,S,,"9",,"9",,"9",,"8",,"8",,"8",,"8",,"8",,"8",,"8",,"8",,"8",,"8",,"8",,"8",,"8",,"8",,"8",,"8",,"8",,"8",R,,"9",,"9",,"8"
"350200575",TARNÓW,"2025","02","07",3.5,,-1.4,,0.5,,-2.6,,,"9",,,"9",,"9",4.4,,,"8",,"8",,"8",,"8",,"8",,"8",,"8",,"8",,"8",,"8",,"8",,"8",,"8",,"8",,"8",,"8",,"8",,"8",Z,"01",,,"9",,"8"
"350200575",TARNÓW,"2025","02","08",5.7,,-1.9,,0.6,,-2.6,,,"9",,,"8",,"8",0.8,,,"8",,"8",,"8",,"8",,"8",,"8",,"8",,"8",,"8",,"8",,"8",,"8",,"8",,"8",,"8",,"8",,"8",,"8",R,"01",,,"9",,"8"
"350200575",TARNÓW,"2025","02","09",7.1,,-6.5,,-1.2,,-10.1,,,"9",,,"8",,"8",8.2,,,"8",,"8",,"8",,"8",,"8",,"8",,"8",,"8",,"8",,"8",,"8",,"8",,"8",,"8",,"8",,"8",,"8",,"8",R,"01",,,"9",,"8"
"350200575",TARNÓW,"2025","02","10",2.6,,-8.0,,-3.2,,-12.8,,,"9",,,"9",,"9",8.0,,,"8",,"8",,"8",,"8",,"8",,"8",,"8",,"8",,"8",,"8",,"8",,"8",,"8",,"8",,"8",,"8",,"8",,"8",Z,"08",,,"9",,"8"
"350200575",TARNÓW,"2025","02","11",-0.4,,-8.3,,-5.1,,-12.3,,,"9",,,"9",,"9",7.5,,,"8",,"8",,"8",,"8",,"8",,"8",,"8",,"8",,"8",,"8",,"8",,"8",,"8",,"8",,"8",,"8",,"8",,"8",Z,"08",,,"9",,"8"
"350200575",TARNÓW,"2025","02","12",7.2,,-8.2,,-0.6,,-12.6,,,"9",,,"9",,"9",7.1,,,"8",,"8",,"8",,"8",,"8",,"8",,"8",,"8",,"8",,"8",,"8",,"8",,"8",,"8",,"8",,"8",,"8",,"8",Z,"12",,,"9",,"8"
"350200575",TARNÓW,"2025","02","13",6.1,,-0.2,,2.7,,-5.7,,0.4,,S,,"9",,"9",,"9",,"8",,"8",,"8",,"8",,"8",,"8",,"8",,"8",,"8",,"8",,"8",,"8",,"8",,"8",,"8",,"8",,"8",,"8",Z,"11",,,"9",,"8"
"350200575",TARNÓW,"2025","02","14",2.8,,-1.1,,0.0,,-1.5,,0.0,,S,,"9",,"9",,"9",,"8",,"8",,"8",,"8",,"8",,"8",,"8",,"8",,"8",,"8",,"8",,"8",,"8",,"8",,"8",,"8",,"8",,"8",R,"01",,,"9",,"8"
"350200575",TARNÓW,"2025","02","15",-0.7,,-5.1,,-3.0,,-8.5,,0.1,,W,,"8",,"8",0.5,,,"8",,"8",,"8",,"8",,"8",,"8",,"8",,"8",,"8",,"8",,"8",,"8",,"8",,"8",,"8",,"8",,"8",,"8",R,"01",,,"9",,"8"
"350200575",TARNÓW,"2025","02","16",-1.0,,-10.5,,-4.6,,-14.7,,0.1,,W,,"8",,"8",3.6,,,"8",,"8",,"8",,"8",,"8",,"8",,"8",,"8",,"8",,"8",,"8",,"8",,"8",,"8",,"8",,"8",,"8",,"8",R,"09",,,"9",,"8"
"350200575",TARNÓW,"2025","02","17",-0.3,,-11.2,,-6.2,,-15.5,,0.3,,W,,"8",,"8",7.8,,,"8",,"8",,"8",,"8",,"8",,"8",,"8",,"8",,"8",,"8",,"8",,"8",,"8",,"8",,"8",,"8",,"8",,"8",R,"12",,,"9",,"8"
"350200575",TARNÓW,"2025","02","18",-0.3,,-12.8,,-5.4,,-16.6,,0.3,,W,,"9",,"9",4.9,,,"8",,"8",,"8",,"8",,"8",,"8",,"8",,"8",,"8",,"8",,"8",,"8",,"8",,"8",,"8",,"8",,"8",,"8",Z,"16",,,"9",,"8"
"350200575",TARNÓW,"2025","02","19",2.8,,-4.3,,-2.3,,-10.2,,0.2,,S,,"9",,"9",3.6,,,"8",,"8",,"8",,"8",,"8",,"8",,"8",,"8",,"8",,"8",,"8",,"8",,"8",,"8",,"8",,"8",,"8",,"8",Z,"17",,,"9",,"8"
"350200575",TARNÓW,"2025","02","20",3.1,,-10.4,,-3.5,,-14.6,,,"9",,,"9",,"9",7.7,,,"8",,"8",,"8",,"8",,"8",,"8",,"8",,"8",,"8",,"8",,"8",,"8",,"8",,"8",,"8",,"8",,"8",,"8",Z,"18",,,"9",,"8"
"350200575",TARNÓW,"2025","02","21",5.4,,-9.2,,-1.4,,-14.7,,,"9",,,"9",,"9",7.8,,,"8",,"8",,"8",,"8",,"8",,"8",,"8",,"8",,"8",,"8",,"8",,"8",,"8",,"8",,"8",,"8",,"8",,"8",Z,"19",,,"9",,"8"
"350200575",TARNÓW,"2025","02","22",6.8,,-3.4,,1.2,,-9.4,,,"9",,,"8",,"8",9.5,,,"8",,"8",,"8",,"8",,"8",,"8",,"8",,"8",,"8",,"8",,"8",,"8",,"8",,"8",,"8",,"8",,"8",,"8",R,"20",,,"9",,"8"
"350200575",TARNÓW,"2025","02","23",10.2,,-2.6,,3.6,,-8.3,,2.4,,W,,"8",,"8",8.1,,,"8",,"8",,"8",,"8",,"8",,"8",,"8",,"8",,"8",,"8",,"8",,"8",,"8",,"8",,"8",,"8",,"8",,"8",R,"18",,,"9",,"8"
"350200575",TARNÓW,"2025","02","24",6.1,,2.3,,3.7,,1.8,,2.1,,W,,"8",,"8",,"9",,"8",,"8",,"8",,"8",,"8",,"8",,"8",,"8",,"8",,"8",,"8",,"8",,"8",,"8",,"8",,"8",,"8",,"8",R,,"9",,"9",,"8"
"350200575",TARNÓW,"2025","02","25",11.0,,-0.6,,4.2,,-3.5,,,"9",,,"9",,"9",7.7,,,"8",,"8",,"8",,"8",,"8",,"8",,"8",,"8",,"8",,"8",,"8",,"8",,"8",,"8",,"8",,"8",,"8",,"8",Z,"01",,,"9",,"8"
"350200575",TARNÓW,"2025","02","26",12.9,,-0.2,,5.6,,-3.3,,0.0,,W,,"9",,"9",2.8,,,"8",,"8",,"8",,"8",,"8",,"8",,"8",,"8",,"8",,"8",,"8",,"8",,"8",,"8",,"8",,"8",,"8",,"8",Z,"01",,,"9",,"8"
"350200575",TARNÓW,"2025","02","27",9.9,,3.6,,6.4,,1.7,,10.2,,W,,"8",,"8",,"9",,"8",,"8",,"8",,"8",,"8",,"8",,"8",,"8",,"8",,"8",,"8",,"8",,"8",,"8",,"8",,"8",,"8",,"8",R,,"9",,"9",,"8"
"350200575",TARNÓW,"2025","02","28",6.5,,2.6,,4.1,,-2.2,,0.0,,S,,"9",,"9",0.3,,,"8",,"8",,"8",,"8",,"8",,"8",,"8",,"8",,"8",,"8",,"8",,"8",,"8",,"8",,"8",,"8",,"8",,"8",R,,"9",,"9",,"8"
"350200575",TARNÓW,"2025","03","01",7.6,,-2.1,,1.5,,-6.0,,1.9,,W,,"8",,"8",1.6,,,"8",,"8",,"8",,"8",,"8",,"8",,"8",,"8",,"8",,"8",,"8",,"8",,"8",,"8",,"8",,"8",,"8",,"8",R,"01",,,"9",,"8"
"350200575",TARNÓW,"2025","03","02",3.4,,0.9,,2.0,,0.3,,0.1,,W,,"8",,"8",,"9",,"8",,"8",,"8",,"8",,"8",,"8",,"8",,"8",,"8",,"8",,"8",,"8",,"8",,"8",,"8",,"8",,"8",,"8",R,,"9",,"9",,"8"
"350200575",TARNÓW,"2025","03","03",7.4,,1.2,,3.3,,0.2,,,"9",,,"9",,"9",1.5,,,"8",,"8",,"8",,"8",,"8",,"8",,"8",,"8",,"8",,"8",,"8",,"8",,"8",,"8",,"8",,"8",,"8",,"8",R,,"9",,"9",,"8"
"350200575",TARNÓW,"2025","03","04",11.3,,-2.3,,4.4,,-5.4,,,"9",,,"9",,"9",9.4,,,"8",,"8",,"8",,"8",,"8",,"8",,"8",,"8",,"8",,"8",,"8",,"8",,"8",,"8",,"8",,"8",,"8",,"8",Z,"01",,,"9",,"8"
"350200575",TARNÓW,"2025","03","05",17.4,,-3.9,,6.0,,,"8",,"9",,,"9",,"9",10.2,,,"8",,"8",,"8",,"8",,"8",,"8",,"8",,"8",,"8",,"8",,"8",,"8",,"8",,"8",,"8",,"8",,"8",,"8",Z,"01",,,"9",,"8"
"350200575",TARNÓW,"2025","03","06",21.0,,-1.6,,10.2,,-5.9,,,"9",,,"9",,"9",10.3,,,"8",,"8",,"8",,"8",,"8",,"8",,"8",,"8",,"8",,"8",,"8",,"8",,"8",,"8",,"8",,"8",,"8",,"8",R,,"8",,"8",,"8"
"350200575",TARNÓW,"2025","03","07",19.5,,2.3,,10.8,,-4.2,,,"9",,,"9",,"9",6.3,,,"8",,"8",,"8",,"8",,"8",,"8",,"8",,"8",,"8",,"8",,"8",,"8",,"8",,"8",,"8",,"8",,"8",,"8",R,,"8",,"8",,"8"
"350200575",TARNÓW,"2025","03","08",19.8,,-1.4,,7.9,,-5.4,,,"9",,,"8",,"8",10.2,,,"8",,"8",,"8",,"8",,"8",,"8",,"8",,"8",,"8",,"8",,"8",,"8",,"8",,"8",,"8",,"8",,"8",,"8",R,"01",,,"9",,"8"
"350200575",TARNÓW,"2025","03","09",21.2,,-1.5,,10.0,,-6.2,,0.2,,W,,"8",,"8",8.6,,,"8",,"8",,"8",,"8",,"8",,"8",,"8",,"8",,"8",,"8",,"8",,"8",,"8",,"8",,"8",,"8",,"8",,"8",R,"01",,,"9",,"8"
"350200575",TARNÓW,"2025","03","10",20.8,,8.0,,15.0,,-0.1,,0.2,,W,,"9",,"9",7.9,,,"8",,"8",,"8",,"8",,"8",,"8",,"8",,"8",,"8",,"8",,"8",,"8",,"8",,"8",,"8",,"8",,"8",,"8",R,,"9",,"9",,"8"
"350200575",TARNÓW,"2025","03","11",16.8,,10.2,,12.6,,4.5,,,"9",,,"9",,"9",1.7,,,"8",,"8",,"8",,"8",,"8",,"8",,"8",,"8",,"8",,"8",,"8",,"8",,"8",,"8",,"8",,"8",,"8",,"8",R,,"9",,"9",,"8"
"350200575",TARNÓW,"2025","03","12",17.6,,6.1,,12.1,,-0.1,,0.0,,W,,"9",,"9",6.5,,,"8",,"8",,"8",,"8",,"8",,"8",,"8",,"8",,"8",,"8",,"8",,"8",,"8",,"8",,"8",,"8",,"8",,"8",R,,"9",,"9",,"8"
"350200575",TARNÓW,"2025","03","13",14.8,,9.8,,11.2,,6.7,,3.6,,W,,"9",,"9",1.5,,,"8",,"8",,"8",,"8",,"8",,"8",,"8",,"8",,"8",,"8",,"8",,"8",,"8",,"8",,"8",,"8",,"8",,"8",R,,"9",,"9",,"8"
"350200575",TARNÓW,"2025","03","14",9.9,,2.1,,4.7,,-0.3,,6.3,,W,,"9",,"9",,"9",,"8",,"8",,"8",,"8",,"8",,"8",,"8",,"8",,"8",,"8",,"8",,"8",,"8",,"8",,"8",,"8",,"8",,"8",R,,"9",,"9",,"8"
"350200575",TARNÓW,"2025","03","15",5.0,,0.4,,1.3,,0.2,,1.7,,W,,"8",,"8",,"9",,"8",,"8",,"8",,"8",,"8",,"8",,"8",,"8",,"8",,"8",,"8",,"8",,"8",,"8",,"8",,"8",,"8",,"8",R,,"9",,"9",,"8"
"350200575",TARNÓW,"2025","03","16",3.8,,-0.9,,0.4,,-2.0,,0.7,,S,,"8",,"8",1.9,,,"8",,"8",,"8",,"8",,"8",,"8",,"8",,"8",,"8",,"8",,"8",,"8",,"8",,"8",,"8",,"8",,"8",,"8",R,"01",,,"9",,"8"
"350200575",TARNÓW,"2025","03","17",4.0,,-2.1,,0.6,,-6.1,,1.0,,S,1,,,"9",4.0,,,"8",,"8",,"8",,"8",,"8",,"8",,"8",,"8",,"8",,"8",,"8",,"8",,"8",,"8",,"8",,"8",1,,,"8",Z,"01",,,"9",,"8"
"350200575",TARNÓW,"2025","03","18",5.5,,-7.7,,-0.7,,-11.3,,,"9",,,"9",,"9",10.6,,,"8",,"8",,"8",,"8",,"8",,"8",,"8",,"8",,"8",,"8",,"8",,"8",,"8",,"8",,"8",,"8",,"8",,"8",Z,"01",,,"9",,"8"
"350200575",TARNÓW,"2025","03","19",10.2,,-5.0,,2.7,,-8.6,,,"9",,,"9",,"9",11.3,,,"8",,"8",,"8",,"8",,"8",,"8",,"8",,"8",,"8",,"8",,"8",,"8",,"8",,"8",,"8",,"8",,"8",,"8",Z,"01",,,"9",,"8"
"350200575",TARNÓW,"2025","03","20",15.3,,-4.5,,5.4,,-9.3,,,"9",,,"9",,"9",11.2,,,"8",,"8",,"8",,"8",,"8",,"8",,"8",,"8",,"8",,"8",,"8",,"8",,"8",,"8",,"8",,"8",,"8",,"8",Z,"01",,,"9",,"8"
"350200575",TARNÓW,"2025","03","21",15.6,,-1.4,,6.9,,-6.9,,,"9",,,"9",,"9",11.3,,,"8",,"8",,"8",,"8",,"8",,"8",,"8",,"8",,"8",,"8",,"8",,"8",,"8",,"8",,"8",,"8",,"8",,"8",Z,"01",,,"9",,"8"
"350200575",TARNÓW,"2025","03","22",15.8,,-2.2,,7.2,,-6.9,,,"9",,,"8",,"8",11.4,,,"8",,"8",,"8",,"8",,"8",,"8",,"8",,"8",,"8",,"8",,"8",,"8",,"8",,"8",,"8",,"8",,"8",,"8",R,"01",,,"9",,"8"
"350200575",TARNÓW,"2025","03","23",12.5,,6.6,,10.2,,-0.5,,1.9,,W,,"8",,"8",1.4,,,"8",,"8",,"8",,"8",,"8",,"8",,"8",,"8",,"8",,"8",,"8",,"8",,"8",,"8",,"8",,"8",,"8",,"8",R,,"9",,"9",,"8"
"350200575",TARNÓW,"2025","03","24",15.2,,7.4,,11.5,,1.9,,0.0,,W,,"9",,"9",1.9,,,"8",,"8",,"8",,"8",,"8",,"8",,"8",,"8",,"8",,"8",,"8",,"8",,"8",,"8",,"8",,"8",,"8",,"8",R,,"9",,"9",,"8"
"350200575",TARNÓW,"2025","03","25",12.8,,7.0,,8.1,,1.8,,,"9",,,"9",,"9",3.4,,,"8",,"8",,"8",,"8",,"8",,"8",,"8",,"8",,"8",,"8",,"8",,"8",,"8",,"8",,"8",,"8",,"8",,"8",R,,"9",,"9",,"8"
"350200575",TARNÓW,"2025","03","26",17.1,,-0.5,,8.8,,-5.0,,0.1,,W,,"9",,"9",9.7,,,"8",,"8",,"8",,"8",,"8",,"8",,"8",,"8",,"8",,"8",,"8",,"8",,"8",,"8",,"8",,"8",,"8",,"8",Z,"01",,,"9",,"8"
"350200575",TARNÓW,"2025","03","27",12.4,,6.8,,8.7,,6.5,,,"9",,,"9",,"9",,"9",,"8",,"8",,"8",,"8",,"8",,"8",,"8",,"8",,"8",,"8",,"8",,"8",,"8",,"8",,"8",,"8",,"8",,"8",R,,"9",,"9",,"8"
"350200575",TARNÓW,"2025","03","28",15.4,,3.9,,9.6,,1.3,,,"9",,,"9",,"9",5.3,,,"8",,"8",,"8",,"8",,"8",,"8",,"8",,"8",,"8",,"8",,"8",,"8",,"8",,"8",,"8",,"8",,"8",,"8",R,,"9",,"9",,"8"
"350200575",TARNÓW,"2025","03","29",16.9,,3.6,,10.9,,-1.1,,0.1,,W,,"8",,"8",6.3,,,"8",,"8",,"8",,"8",,"8",,"8",,"8",,"8",,"8",,"8",,"8",,"8",,"8",,"8",,"8",,"8",,"8",,"8",R,,"9",,"9",,"8"
"350200575",TARNÓW,"2025","03","30",13.6,,1.6,,8.2,,-3.1,,0.5,,W,,"8",,"8",2.0,,,"8",,"8",,"8",,"8",,"8",,"8",,"8",,"8",,"8",,"8",,"8",,"8",,"8",,"8",,"8",,"8",,"8",,"8",R,,"9",,"9",,"8"
"350200575",TARNÓW,"2025","03","31",10.8,,6.4,,8.6,,6.1,,0.0,,W,,"8",,"8",,"9",,"8",,"8",,"8",,"8",,"8",,"8",,"8",,"8",,"8",,"8",,"8",,"8",,"8",,"8",,"8",,"8",,"8",,"8",R,,"9",,"9",,"8"
"350200575",TARNÓW,"2025","04","01",12.9,,6.9,,8.6,,6.3,,1.1,,W,,"9",,"9",1.1,,,"8",,"8",,"8",,"8",,"8",,"8",,"8",,"8",,"8",,"8",,"8",,"8",,"8",,"8",,"8",,"8",,"8",,"8",R,,"9",,"9",,"8"
"350200575",TARNÓW,"2025","04","02",16.8,,7.2,,10.9,,4.9,,0.3,,W,,"8",,"8",7.1,,,"8",,"8",,"8",,"8",,"8",,"8",,"8",,"8",,"8",,"8",,"8",,"8",,"8",,"8",,"8",,"8",,"8",,"8",R,,"9",,"9",,"8"
"350200575",TARNÓW,"2025","04","03",17.7,,-0.2,,9.3,,-5.1,,,"9",,,"9",,"9",12.0,,,"8",,"8",,"8",,"8",,"8",,"8",,"8",,"8",,"8",,"8",,"8",,"8",,"8",,"8",,"8",,"8",,"8",,"8",R,,"9",,"9",,"8"
"350200575",TARNÓW,"2025","04","04",20.4,,1.6,,11.3,,-1.7,,0.6,,W,,"9",,"9",9.3,,,"8",,"8",,"8",,"8",,"8",,"8",,"8",,"8",,"8",,"8",,"8",,"8",,"8",,"8",,"8",,"8",,"8",,"8",R,,"9",,"9",,"8"
"350200575",TARNÓW,"2025","04","05",16.6,,3.2,,7.1,,2.4,,0.2,,W,,"8",,"8",3.1,,,"8",,"8",,"8",,"8",,"8",,"8",,"8",,"8",,"8",,"8",,"8",,"8",,"8",,"8",,"8",,"8",,"8",,"8",R,,"9",,"9",,"8"
"350200575",TARNÓW,"2025","04","06",3.8,,-0.9,,0.9,,-0.9,,0.0,,W,,"8",,"8",0.3,,,"8",,"8",,"8",,"8",,"8",,"8",,"8",,"8",,"8",,"8",,"8",,"8",,"8",,"8",,"8",,"8",,"8",,"8",R,"01",,,"9",,"8"
"350200575",TARNÓW,"2025","04","07",6.5,,-0.6,,2.6,,-3.4,,0.4,,S,,"9",,"9",1.6,,,"8",,"8",,"8",,"8",,"8",,"8",,"8",,"8",,"8",,"8",,"8",,"8",,"8",,"8",,"8",,"8",,"8",,"8",R,"01",,,"9",,"8"
"350200575",TARNÓW,"2025","04","08",8.9,,1.3,,4.8,,0.2,,0.6,,W,,"9",,"9",3.5,,,"8",,"8",,"8",,"8",,"8",,"8",,"8",,"8",,"8",,"8",,"8",,"8",,"8",,"8",,"8",,"8",,"8",,"8",R,,"8",,"8",,"8"
"350200575",TARNÓW,"2025","04","09",10.6,,0.2,,5.8,,-1.1,,1.4,,W,,"9",,"9",6.7,,,"8",,"8",,"8",,"8",,"8",,"8",,"8",,"8",,"8",,"8",,"8",,"8",,"8",,"8",,"8",,"8",,"8",,"8",R,,"8",,"8",,"8"
"350200575",TARNÓW,"2025","04","10",8.3,,0.3,,3.6,,0.1,,0.0,,W,,"9",,"9",4.4,,,"8",,"8",,"8",,"8",,"8",,"8",,"8",,"8",,"8",,"8",,"8",,"8",,"8",,"8",,"8",,"8",,"8",,"8",R,,"8",,"8",,"8"
"350200575",TARNÓW,"2025","04","11",9.2,,3.5,,6.7,,2.2,,8.7,,W,,"8",,"8",,"9",,"8",,"8",,"8",,"8",,"8",,"8",,"8",,"8",,"8",,"8",,"8",,"8",,"8",,"8",,"8",,"8",,"8",,"8",R,,"8",,"8",,"8"
"350200575",TARNÓW,"2025","04","12",14.7,,6.0,,9.3,,4.3,,0.7,,W,,"8",,"8",6.4,,,"8",,"8",,"8",,"8",,"8",,"8",,"8",,"8",,"8",,"8",,"8",,"8",,"8",,"8",,"8",,"8",,"8",,"8",R,,"8",,"8",,"8"
"350200575",TARNÓW,"2025","04","13",21.5,,3.8,,14.0,,-0.6,,,"9",,,"8",,"8",10.9,,,"8",,"8",,"8",,"8",,"8",,"8",,"8",,"8",,"8",,"8",,"8",,"8",,"8",,"8",,"8",,"8",,"8",,"8",R,,"8",,"8",,"8"
"350200575",TARNÓW,"2025","04","14",20.5,,12.3,,15.9,,10.3,,,"9",,,"9",,"9",10.0,,,"8",,"8",,"8",,"8",,"8",,"8",,"8",,"8",,"8",,"8",,"8",,"8",,"8",,"8",,"8",,"8",,"8",,"8",R,,"8",,"8",,"8"
"350200575",TARNÓW,"2025","04","15",15.2,,11.8,,13.4,,8.6,,1.4,,W,,"8",,"8",,"9",,"8",,"8",,"8",,"8",,"8",,"8",,"8",,"8",,"8",,"8",,"8",,"8",,"8",,"8",,"8",,"8",,"8",,"8",R,,"8",,"8",,"8"
"350200575",TARNÓW,"2025","04","16",26.2,,13.2,,19.6,,12.1,,,"9",,,"9",,"9",11.8,,,"8",,"8",,"8",,"8",,"8",,"8",,"8",,"8",,"8",,"8",,"8",,"8",,"8",,"8",,"8",,"8",,"8",,"8",R,,"8",,"8",,"8"
"350200575",TARNÓW,"2025","04","17",27.3,,11.5,,20.7,,7.6,,0.0,,W,,"9",,"9",8.6,,,"8",,"8",,"8",,"8",,"8",,"8",,"8",,"8",,"8",,"8",,"8",,"8",,"8",,"8",,"8",,"8",,"8",,"8",R,,"8",,"8",,"8"
"350200575",TARNÓW,"2025","04","18",23.0,,14.7,,16.5,,12.2,,2.5,,W,,"9",,"9",0.2,,,"8",,"8",,"8",,"8",,"8",,"8",,"8",,"8",,"8",,"8",,"8",,"8",,"8",,"8",,"8",,"8",,"8",,"8",R,,"8",,"8",,"8"
"350200575",TARNÓW,"2025","04","19",20.4,,7.2,,14.3,,2.7,,0.5,,W,,"8",,"8",9.7,,,"8",,"8",,"8",,"8",,"8",,"8",,"8",,"8",,"8",,"8",,"8",,"8",,"8",,"8",,"8",,"8",,"8",,"8",R,,"8",,"8",,"8"
"350200575",TARNÓW,"2025","04","20",23.0,,6.8,,16.5,,2.4,,,"9",,,"8",,"8",12.3,,,"8",,"8",,"8",,"8",,"8",,"8",,"8",,"8",,"8",,"8",,"8",,"8",,"8",,"8",,"8",,"8",,"8",,"8",R,,"8",,"8",,"8"
"350200575",TARNÓW,"2025","04","21",24.9,,8.5,,17.1,,3.8,,0.3,,W,,"8",,"8",10.3,,,"8",,"8",,"8",,"8",,"8",,"8",,"8",,"8",,"8",,"8",,"8",,"8",,"8",,"8",,"8",,"8",,"8",,"8",R,,"8",,"8",,"8"
"350200575",TARNÓW,"2025","04","22",20.9,,8.8,,15.6,,4.5,,0.3,,W,,"9",,"9",8.9,,,"8",,"8",,"8",,"8",,"8",,"8",,"8",,"8",,"8",,"8",,"8",,"8",,"8",,"8",,"8",,"8",,"8",,"8",R,,"8",,"8",,"8"
"350200575",TARNÓW,"2025","04","23",22.7,,10.3,,16.8,,7.4,,0.2,,W,,"9",,"9",9.2,,,"8",,"8",,"8",,"8",,"8",,"8",,"8",,"8",,"8",,"8",,"8",,"8",,"8",,"8",,"8",,"8",,"8",,"8",R,,"9",,"9",,"8"
"350200575",TARNÓW,"2025","04","24",23.7,,8.5,,15.2,,4.6,,3.5,,W,,"9",,"9",6.5,,,"8",,"8",,"8",,"8",,"8",,"8",,"8",,"8",,"8",,"8",,"8",,"8",,"8",,"8",,"8",,"8",,"8",,"8",R,,"9",,"9",,"8"
"350200575",TARNÓW,"2025","04","25",15.2,,11.1,,12.7,,10.1,,5.9,,W,,"9",,"9",,"9",,"8",,"8",,"8",,"8",,"8",,"8",,"8",,"8",,"8",,"8",,"8",,"8",,"8",,"8",,"8",,"8",,"8",,"8",R,,"8",,"8",,"8"
"350200575",TARNÓW,"2025","04","26",13.8,,4.5,,9.3,,1.0,,0.3,,W,,"8",,"8",12.7,,,"8",,"8",,"8",,"8",,"8",,"8",,"8",,"8",,"8",,"8",,"8",,"8",,"8",,"8",,"8",,"8",,"8",,"8",R,,"8",,"8",,"8"
"350200575",TARNÓW,"2025","04","27",15.0,,-0.6,,7.7,,-4.5,,,"9",,,"8",,"8",13.3,,,"8",,"8",,"8",,"8",,"8",,"8",,"8",,"8",,"8",,"8",,"8",,"8",,"8",,"8",,"8",,"8",,"8",,"8",R,,"8",,"8",,"8"
"350200575",TARNÓW,"2025","04","28",20.0,,-0.4,,10.8,,-4.6,,,"9",,,"8",,"8",13.4,,,"8",,"8",,"8",,"8",,"8",,"8",,"8",,"8",,"8",,"8",,"8",,"8",,"8",,"8",,"8",,"8",,"8",,"8",R,,"8",,"8",,"8"
"350200575",TARNÓW,"2025","04","29",22.0,,4.1,,14.1,,-0.5,,,"9",,,"8",,"8",10.7,,,"8",,"8",,"8",,"8",,"8",,"8",,"8",,"8",,"8",,"8",,"8",,"8",,"8",,"8",,"8",,"8",,"8",,"8",R,,"8",,"8",,"8"
"350200575",TARNÓW,"2025","04","30",21.8,,6.3,,14.6,,2.7,,0.2,,W,,"8",,"8",11.4,,,"8",,"8",,"8",,"8",,"8",,"8",,"8",,"8",,"8",,"8",,"8",,"8",,"8",,"8",,"8",,"8",,"8",,"8",R,,"8",,"8",,"8"
"350200575",TARNÓW,"2025","05","01",21.4,,4.9,,13.5,,1.1,,,"9",,,"8",,"8",12.4,,,"8",,"8",,"8",,"8",,"8",,"8",,"8",,"8",,"8",,"8",,"8",,"8",,"8",,"8",,"8",,"8",,"8",,"8",R,,"8",,"8",,"8"
"350200575",TARNÓW,"2025","05","02",25.2,,5.3,,16.7,,0.9,,0.4,,W,,"8",,"8",11.5,,,"8",,"8",,"8",,"8",,"8",,"8",,"8",,"8",,"8",,"8",,"8",,"8",,"8",,"8",,"8",,"8",,"8",,"8",R,,"8",,"8",,"8"
"350200575",TARNÓW,"2025","05","03",27.7,,15.3,,20.2,,9.2,,5.8,,W,,"8",,"8",6.9,,,"8",,"8",,"8",,"8",,"8",,"8",,"8",,"8",,"8",,"8",,"8",,"8",,"8",,"8",,"8",,"8",,"8",,"8",R,,"8",,"8",,"8"
"350200575",TARNÓW,"2025","05","04",19.1,,12.5,,13.8,,8.4,,0.2,,W,,"8",,"8",1.5,,,"8",,"8",,"8",,"8",,"8",,"8",,"8",,"8",,"8",,"8",,"8",,"8",,"8",,"8",,"8",,"8",,"8",,"8",R,,"8",,"8",,"8"
"350200575",TARNÓW,"2025","05","05",13.2,,4.6,,8.6,,0.9,,0.2,,W,,"9",,"9",0.1,,,"8",,"8",,"8",,"8",,"8",,"8",,"8",,"8",,"8",,"8",,"8",,"8",,"8",,"8",,"8",,"8",,"8",,"8",R,,"8",,"8",,"8"
"350200575",TARNÓW,"2025","05","06",12.3,,6.6,,9.6,,5.6,,,"9",,,"9",,"9",,"9",,"8",,"8",,"8",,"8",,"8",,"8",,"8",,"8",,"8",,"8",,"8",,"8",,"8",,"8",,"8",,"8",,"8",,"8",R,,"8",,"8",,"8"
"350200575",TARNÓW,"2025","05","07",15.3,,4.5,,10.6,,0.1,,,"9",,,"9",,"9",2.6,,,"8",,"8",,"8",,"8",,"8",,"8",,"8",,"8",,"8",,"8",,"8",,"8",,"8",,"8",,"8",,"8",,"8",,"8",R,,"8",,"8",,"8"
"350200575",TARNÓW,"2025","05","08",12.8,,0.2,,6.9,,-3.8,,0.2,,W,,"9",,"9",4.7,,,"8",,"8",,"8",,"8",,"8",,"8",,"8",,"8",,"8",,"8",,"8",,"8",,"8",,"8",,"8",,"8",,"8",,"8",R,,"8",,"8",,"8"
"350200575",TARNÓW,"2025","05","09",12.7,,-0.1,,6.8,,-4.7,,0.0,,W,,"9",,"9",5.1,,,"8",,"8",,"8",,"8",,"8",,"8",,"8",,"8",,"8",,"8",,"8",,"8",,"8",,"8",,"8",,"8",,"8",,"8",R,,"8",,"8",,"8"
"350200575",TARNÓW,"2025","05","10",12.8,,5.0,,9.5,,-0.3,,10.7,,W,,"8",,"8",,"9",,"8",,"8",,"8",,"8",,"8",,"8",,"8",,"8",,"8",,"8",,"8",,"8",,"8",,"8",,"8",,"8",,"8",,"8",R,,"8",,"8",,"8"
"350200575",TARNÓW,"2025","05","11",13.2,,5.0,,8.5,,3.4,,3.7,,W,,"8",,"8",4.8,,,"8",,"8",,"8",,"8",,"8",,"8",,"8",,"8",,"8",,"8",,"8",,"8",,"8",,"8",,"8",,"8",,"8",,"8",R,,"8",,"8",,"8"
"350200575",TARNÓW,"2025","05","12",14.0,,4.6,,8.8,,0.4,,0.0,,W,,"9",,"9",5.4,,,"8",,"8",,"8",,"8",,"8",,"8",,"8",,"8",,"8",,"8",,"8",,"8",,"8",,"8",,"8",,"8",,"8",,"8",R,,"8",,"8",,"8"
"350200575",TARNÓW,"2025","05","13",15.7,,3.2,,9.8,,-0.8,,3.7,,W,,"9",,"9",5.5,,,"8",,"8",,"8",,"8",,"8",,"8",,"8",,"8",,"8",,"8",,"8",,"8",,"8",,"8",,"8",,"8",,"8",,"8",R,,"8",,"8",,"8"
"350200575",TARNÓW,"2025","05","14",19.3,,6.3,,13.1,,3.7,,4.6,,W,,"9",,"9",0.8,,,"8",,"8",,"8",,"8",,"8",,"8",,"8",,"8",,"8",,"8",,"8",,"8",,"8",,"8",,"8",,"8",,"8",,"8",R,,"8",,"8",,"8"
"350200575",TARNÓW,"2025","05","15",17.1,,3.4,,7.8,,4.0,,5.0,,W,,"8",,"8",4.7,,,"8",,"8",,"8",,"8",,"8",,"8",,"8",,"8",,"8",,"8",,"8",,"8",,"8",,"8",,"8",,"8",,"8",,"8",R,,"8",,"8",,"8"
"350200575",TARNÓW,"2025","05","16",14.0,,3.8,,7.8,,2.5,,2.1,,W,,"9",,"9",1.8,,,"8",,"8",,"8",,"8",,"8",,"8",,"8",,"8",,"8",,"8",,"8",,"8",,"8",,"8",,"8",,"8",,"8",,"8",R,,"8",,"8",,"8"
"350200575",TARNÓW,"2025","05","17",11.3,,7.1,,9.1,,6.7,,7.9,,W,,"8",,"8",1.2,,,"8",,"8",,"8",,"8",,"8",,"8",,"8",,"8",,"8",,"8",,"8",,"8",,"8",,"8",,"8",,"8",,"8",,"8",R,,"8",,"8",,"8"
"350200575",TARNÓW,"2025","05","18",10.9,,5.8,,8.3,,4.1,,5.2,,W,,"8",,"8",0.7,,,"8",,"8",,"8",,"8",,"8",,"8",,"8",,"8",,"8",,"8",,"8",,"8",,"8",,"8",,"8",,"8",,"8",,"8",R,,"8",,"8",,"8"
"350200575",TARNÓW,"2025","05","19",15.5,,5.8,,9.9,,5.6,,0.9,,W,,"9",,"9",4.0,,,"8",,"8",,"8",,"8",,"8",,"8",,"8",,"8",,"8",,"8",,"8",,"8",,"8",,"8",,"8",,"8",,"8",,"8",R,,"8",,"8",,"8"
"350200575",TARNÓW,"2025","05","20",18.4,,8.4,,12.7,,6.8,,,"9",,,"8",,"8",5.0,,,"8",,"8",,"8",,"8",,"8",,"8",,"8",,"8",,"8",,"8",,"8",,"8",,"8",,"8",,"8",,"8",,"8",,"8",R,,"8",,"8",,"8"
"350200575",TARNÓW,"2025","05","21",22.7,,6.5,,15.8,,1.8,,0.2,,W,,"9",,"9",10.7,,,"8",,"8",,"8",,"8",,"8",,"8",,"8",,"8",,"8",,"8",,"8",,"8",,"8",,"8",,"8",,"8",,"8",,"8",R,,"8",,"8",,"8"
"350200575",TARNÓW,"2025","05","22",22.9,,11.9,,15.7,,9.7,,23.4,,W,,"9",,"9",5.8,,,"8",,"8",,"8",,"8",,"8",,"8",,"8",,"8",,"8",,"8",,"8",,"8",,"8",,"8",,"8",,"8",,"8",,"8",R,,"8",,"8",,"8"
"350200575",TARNÓW,"2025","05","23",14.1,,8.8,,10.0,,8.9,,6.3,,W,,"9",,"9",,"9",,"8",,"8",,"8",,"8",,"8",,"8",,"8",,"8",,"8",,"8",,"8",,"8",,"8",,"8",,"8",,"8",,"8",,"8",R,,"8",,"8",,"8"
"350200575",TARNÓW,"2025","05","24",15.1,,8.1,,10.3,,7.9,,0.1,,W,,"8",,"8",2.9,,,"8",,"8",,"8",,"8",,"8",,"8",,"8",,"8",,"8",,"8",,"8",,"8",,"8",,"8",,"8",,"8",,"8",,"8",R,,"8",,"8",,"8"
"350200575",TARNÓW,"2025","05","25",18.5,,2.9,,11.5,,-0.2,,0.6,,W,,"8",,"8",11.3,,,"8",,"8",,"8",,"8",,"8",,"8",,"8",,"8",,"8",,"8",,"8",,"8",,"8",,"8",,"8",,"8",,"8",,"8",R,,"8",,"8",,"8"
"350200575",TARNÓW,"2025","05","26",20.5,,3.5,,13.5,,0.3,,2.6,,W,,"9",,"9",7.7,,,"8",,"8",,"8",,"8",,"8",,"8",,"8",,"8",,"8",,"8",,"8",,"8",,"8",,"8",,"8",,"8",,"8",,"8",R,,"8",,"8",,"8"
"350200575",TARNÓW,"2025","05","27",20.6,,12.4,,14.6,,11.6,,0.0,,W,,"9",,"9",3.5,,,"8",,"8",,"8",,"8",,"8",,"8",,"8",,"8",,"8",,"8",,"8",,"8",,"8",,"8",,"8",,"8",,"8",,"8",R,,"8",,"8",,"8"
"350200575",TARNÓW,"2025","05","28",22.7,,5.8,,15.1,,1.9,,11.3,,W,,"9",,"9",8.8,,,"8",,"8",,"8",,"8",,"8",,"8",,"8",,"8",,"8",,"8",,"8",,"8",,"8",,"8",,"8",,"8",,"8",,"8",R,,"8",,"8",,"8"
"350200575",TARNÓW,"2025","05","29",16.0,,12.6,,13.6,,12.5,,2.3,,W,,"9",,"9",,"9",,"8",,"8",,"8",,"8",,"8",,"8",,"8",,"8",,"8",,"8",,"8",,"8",,"8",,"8",,"8",,"8",,"8",,"8",R,,"8",,"8",,"8"
"350200575",TARNÓW,"2025","05","30",20.7,,8.1,,14.7,,4.1,,0.1,,W,,"9",,"9",9.8,,,"8",,"8",,"8",,"8",,"8",,"8",,"8",,"8",,"8",,"8",,"8",,"8",,"8",,"8",,"8",,"8",,"8",,"8",R,,"8",,"8",,"8"
"350200575",TARNÓW,"2025","05","31",25.0,,14.9,,19.8,,14.1,,0.4,,W,,"8",,"8",6.0,,,"8",,"8",,"8",,"8",,"8",,"8",,"8",,"8",,"8",,"8",,"8",,"8",,"8",,"8",,"8",,"8",,"8",,"8",R,,"8",,"8",,"8"
"350200575",TARNÓW,"2025","06","01",27.9,,13.4,,20.9,,10.5,,0.7,,W,,"8",,"8",9.7,,,"8",,"8",,"8",,"8",,"8",,"8",,"8",,"8",,"8",,"8",,"8",,"8",,"8",,"8",,"8",,"8",,"8",,"8",R,,"8",,"8",,"8"
"350200575",TARNÓW,"2025","06","02",27.0,,17.1,,21.2,,16.3,,22.1,,W,,"9",,"9",8.3,,,"8",,"8",,"8",,"8",,"8",,"8",,"8",,"8",,"8",,"8",,"8",,"8",,"8",,"8",,"8",,"8",,"8",,"8",R,,"8",,"8",,"8"
"350200575",TARNÓW,"2025","06","03",21.2,,15.6,,17.8,,15.3,,1.0,,W,,"9",,"9",2.2,,,"8",,"8",,"8",,"8",,"8",,"8",,"8",,"8",,"8",,"8",,"8",,"8",,"8",,"8",,"8",,"8",,"8",,"8",R,,"8",,"8",,"8"
"350200575",TARNÓW,"2025","06","04",28.6,,12.2,,21.1,,8.9,,,"9",,,"9",,"9",13.1,,,"8",,"8",,"8",,"8",,"8",,"8",,"8",,"8",,"8",,"8",,"8",,"8",,"8",,"8",,"8",,"8",,"8",,"8",R,,"8",,"8",,"8"
"350200575",TARNÓW,"2025","06","05",28.2,,18.3,,23.5,,13.5,,1.3,,W,,"9",,"9",11.7,,,"8",,"8",,"8",,"8",,"8",,"8",,"8",,"8",,"8",,"8",,"8",,"8",,"8",,"8",,"8",,"8",,"8",,"8",R,,"8",,"8",,"8"
"350200575",TARNÓW,"2025","06","06",28.0,,14.2,,21.4,,11.4,,0.3,,W,,"9",,"9",12.0,,,"8",,"8",,"8",,"8",,"8",,"8",,"8",,"8",,"8",,"8",,"8",,"8",,"8",,"8",,"8",,"8",,"8",,"8",R,,"8",,"8",,"8"
"350200575",TARNÓW,"2025","06","07",29.3,,15.6,,22.1,,11.6,,8.6,,W,,"8",,"8",7.6,,,"8",,"8",,"8",,"8",,"8",,"8",,"8",,"8",,"8",,"8",,"8",,"8",,"8",,"8",,"8",,"8",,"8",,"8",R,,"8",,"8",,"8"
"350200575",TARNÓW,"2025","06","08",22.9,,15.3,,17.2,,13.9,,2.9,,W,,"8",,"8",2.1,,,"8",,"8",,"8",,"8",,"8",,"8",,"8",,"8",,"8",,"8",,"8",,"8",,"8",,"8",,"8",,"8",,"8",,"8",R,,"8",,"8",,"8"
"350200575",TARNÓW,"2025","06","09",17.2,,12.4,,13.7,,9.8,,1.7,,W,,"9",,"9",4.6,,,"8",,"8",,"8",,"8",,"8",,"8",,"8",,"8",,"8",,"8",,"8",,"8",,"8",,"8",,"8",,"8",,"8",,"8",R,,"8",,"8",,"8"
"350200575",TARNÓW,"2025","06","10",22.6,,7.0,,16.2,,3.8,,8.8,,W,,"9",,"9",12.0,,,"8",,"8",,"8",,"8",,"8",,"8",,"8",,"8",,"8",,"8",,"8",,"8",,"8",,"8",,"8",,"8",,"8",,"8",R,,"8",,"8",,"8"
"350200575",TARNÓW,"2025","06","11",20.0,,13.1,,15.6,,11.1,,2.2,,W,,"9",,"9",2.3,,,"8",,"8",,"8",,"8",,"8",,"8",,"8",,"8",,"8",,"8",,"8",,"8",,"8",,"8",,"8",,"8",,"8",,"8",R,,"8",,"8",,"8"
"350200575",TARNÓW,"2025","06","12",20.3,,10.8,,15.8,,7.7,,,"9",,,"9",,"9",13.7,,,"8",,"8",,"8",,"8",,"8",,"8",,"8",,"8",,"8",,"8",,"8",,"8",,"8",,"8",,"8",,"8",,"8",,"8",R,,"8",,"8",,"8"
"350200575",TARNÓW,"2025","06","13",17.9,,9.4,,13.6,,5.4,,0.1,,W,,"9",,"9",12.0,,,"8",,"8",,"8",,"8",,"8",,"8",,"8",,"8",,"8",,"8",,"8",,"8",,"8",,"8",,"8",,"8",,"8",,"8",R,,"8",,"8",,"8"
"350200575",TARNÓW,"2025","06","14",23.7,,8.0,,16.4,,5.6,,0.4,,W,,"8",,"8",12.8,,,"8",,"8",,"8",,"8",,"8",,"8",,"8",,"8",,"8",,"8",,"8",,"8",,"8",,"8",,"8",,"8",,"8",,"8",R,,"8",,"8",,"8"
"350200575",TARNÓW,"2025","06","15",25.9,,8.6,,18.5,,5.2,,,"9",,,"8",,"8",14.7,,,"8",,"8",,"8",,"8",,"8",,"8",,"8",,"8",,"8",,"8",,"8",,"8",,"8",,"8",,"8",,"8",,"8",,"8",R,,"8",,"8",,"8"
"350200575",TARNÓW,"2025","06","16",28.2,,10.7,,18.9,,6.9,,0.0,,W,,"9",,"9",9.8,,,"8",,"8",,"8",,"8",,"8",,"8",,"8",,"8",,"8",,"8",,"8",,"8",,"8",,"8",,"8",,"8",,"8",,"8",R,,"8",,"8",,"8"
"350200575",TARNÓW,"2025","06","17",24.1,,14.8,,18.7,,14.6,,,"9",,,"9",,"9",9.6,,,"8",,"8",,"8",,"8",,"8",,"8",,"8",,"8",,"8",,"8",,"8",,"8",,"8",,"8",,"8",,"8",,"8",,"8",R,,"8",,"8",,"8"
"350200575",TARNÓW,"2025","06","18",27.5,,11.2,,20.5,,8.0,,,"9",,,"9",,"9",14.2,,,"8",,"8",,"8",,"8",,"8",,"8",,"8",,"8",,"8",,"8",,"8",,"8",,"8",,"8",,"8",,"8",,"8",,"8",R,,"8",,"8",,"8"
"350200575",TARNÓW,"2025","06","19",24.4,,16.0,,19.1,,13.5,,0.2,,W,,"8",,"8",5.4,,,"8",,"8",,"8",,"8",,"8",,"8",,"8",,"8",,"8",,"8",,"8",,"8",,"8",,"8",,"8",,"8",,"8",,"8",R,,"8",,"8",,"8"
"350200575",TARNÓW,"2025","06","20",20.8,,10.2,,16.0,,7.1,,0.2,,W,,"9",,"9",10.9,,,"8",,"8",,"8",,"8",,"8",,"8",,"8",,"8",,"8",,"8",,"8",,"8",,"8",,"8",,"8",,"8",,"8",,"8",R,,"8",,"8",,"8"
"350200575",TARNÓW,"2025","06","21",22.4,,7.2,,15.9,,4.1,,0.8,,W,,"8",,"8",14.2,,,"8",,"8",,"8",,"8",,"8",,"8",,"8",,"8",,"8",,"8",,"8",,"8",,"8",,"8",,"8",,"8",,"8",,"8",R,,"8",,"8",,"8"
"350200575",TARNÓW,"2025","06","22",28.6,,9.2,,20.3,,6.0,,,"9",,,"8",,"8",12.7,,,"8",,"8",,"8",,"8",,"8",,"8",,"8",,"8",,"8",,"8",,"8",,"8",,"8",,"8",,"8",,"8",,"8",,"8",R,,"8",,"8",,"8"
"350200575",TARNÓW,"2025","06","23",32.2,,13.2,,22.9,,9.8,,9.3,,W,,"8",,"8",11.1,,,"8",,"8",,"8",,"8",,"8",,"8",,"8",,"8",,"8",,"8",,"8",,"8",,"8",,"8",,"8",,"8",,"8",,"8",R,,"8",,"8",,"8"
"350200575",TARNÓW,"2025","06","24",27.3,,15.0,,19.7,,14.5,,,"9",,,"9",,"9",8.7,,,"8",,"8",,"8",,"8",,"8",,"8",,"8",,"8",,"8",,"8",,"8",,"8",,"8",,"8",,"8",,"8",,"8",,"8",R,,"8",,"8",,"8"
"350200575",TARNÓW,"2025","06","25",28.0,,15.7,,22.6,,13.8,,,"9",,,"9",,"9",9.5,,,"8",,"8",,"8",,"8",,"8",,"8",,"8",,"8",,"8",,"8",,"8",,"8",,"8",,"8",,"8",,"8",,"8",,"8",R,,"8",,"8",,"8"
"350200575",TARNÓW,"2025","06","26",27.0,,15.8,,21.8,,13.4,,0.3,,W,,"9",,"9",11.8,,,"8",,"8",,"8",,"8",,"8",,"8",,"8",,"8",,"8",,"8",,"8",,"8",,"8",,"8",,"8",,"8",,"8",,"8",R,,"8",,"8",,"8"
"350200575",TARNÓW,"2025","06","27",25.7,,20.4,,22.0,,18.4,,0.0,,W,,"8",,"8",2.0,,,"8",,"8",,"8",,"8",,"8",,"8",,"8",,"8",,"8",,"8",,"8",,"8",,"8",,"8",,"8",,"8",,"8",,"8",R,,"8",,"8",,"8"
"350200575",TARNÓW,"2025","06","28",23.9,,14.9,,19.5,,14.0,,,"9",,,"8",,"8",8.6,,,"8",,"8",,"8",,"8",,"8",,"8",,"8",,"8",,"8",,"8",,"8",,"8",,"8",,"8",,"8",,"8",,"8",,"8",R,,"8",,"8",,"8"
"350200575",TARNÓW,"2025","06","29",28.0,,19.9,,23.9,,19.0,,0.0,,W,,"8",,"8",6.1,,,"8",,"8",,"8",,"8",,"8",,"8",,"8",,"8",,"8",,"8",,"8",,"8",,"8",,"8",,"8",,"8",,"8",,"8",R,,"8",,"8",,"8"
"350200575",TARNÓW,"2025","06","30",25.8,,16.8,,20.3,,15.4,,,"9",,,"9",,"9",14.7,,,"8",,"8",,"8",,"8",,"8",,"8",,"8",,"8",,"8",,"8",,"8",,"8",,"8",,"8",,"8",,"8",,"8",,"8",R,,"8",,"8",,"8"
"350200575",TARNÓW,"2025","07","01",24.9,,10.2,,18.1,,6.4,,,"9",,,"8",,"8",14.9,,,"8",,"8",,"8",,"8",,"8",,"8",,"8",,"8",,"8",,"8",,"8",,"8",,"8",,"8",,"8",,"8",,"8",,"8",R,,"8",,"8",,"8"
"350200575",TARNÓW,"2025","07","02",30.4,,10.5,,22.0,,8.1,,,"9",,,"8",,"8",14.7,,,"8",,"8",,"8",,"8",,"8",,"8",,"8",,"8",,"8",,"8",,"8",,"8",,"8",,"8",,"8",,"8",,"8",,"8",R,,"8",,"8",,"8"
"350200575",TARNÓW,"2025","07","03",35.3,,14.2,,26.3,,11.3,,,"9",,,"8",,"8",14.3,,,"8",,"8",,"8",,"8",,"8",,"8",,"8",,"8",,"8",,"8",,"8",,"8",,"8",,"8",,"8",,"8",,"8",,"8",R,,"8",,"8",,"8"
"350200575",TARNÓW,"2025","07","04",30.0,,13.6,,16.9,,13.7,,0.1,,W,,"8",,"8",3.0,,,"8",,"8",,"8",,"8",,"8",,"8",,"8",,"8",,"8",,"8",,"8",,"8",,"8",,"8",,"8",,"8",,"8",,"8",R,,"8",,"8",,"8"
"350200575",TARNÓW,"2025","07","05",26.0,,9.2,,18.6,,6.3,,,"9",,,"8",,"8",14.5,,,"8",,"8",,"8",,"8",,"8",,"8",,"8",,"8",,"8",,"8",,"8",,"8",,"8",,"8",,"8",,"8",,"8",,"8",R,,"8",,"8",,"8"
"350200575",TARNÓW,"2025","07","06",31.3,,11.7,,23.5,,9.0,,0.0,,W,,"8",,"8",11.0,,,"8",,"8",,"8",,"8",,"8",,"8",,"8",,"8",,"8",,"8",,"8",,"8",,"8",,"8",,"8",,"8",,"8",,"8",R,,"8",,"8",,"8"
"350200575",TARNÓW,"2025","07","07",27.1,,18.0,,21.1,,17.0,,7.5,,W,,"8",,"8",3.0,,,"8",,"8",,"8",,"8",,"8",,"8",,"8",,"8",,"8",,"8",,"8",,"8",,"8",,"8",,"8",,"8",,"8",,"8",R,,"8",,"8",,"8"
"350200575",TARNÓW,"2025","07","08",23.6,,14.0,,19.0,,11.6,,12.6,,W,,"8",,"8",5.0,,,"8",,"8",,"8",,"8",,"8",,"8",,"8",,"8",,"8",,"8",,"8",,"8",,"8",,"8",,"8",,"8",,"8",,"8",R,,"8",,"8",,"8"
"350200575",TARNÓW,"2025","07","09",20.1,,14.5,,15.3,,14.5,,5.2,,W,,"8",,"8",,"9",,"8",,"8",,"8",,"8",,"8",,"8",,"8",,"8",,"8",,"8",,"8",,"8",,"8",,"8",,"8",,"8",,"8",,"8",R,,"8",,"8",,"8"
"350200575",TARNÓW,"2025","07","10",16.2,,13.8,,14.9,,13.8,,0.1,,W,,"8",,"8",,"9",,"8",,"8",,"8",,"8",,"8",,"8",,"8",,"8",,"8",,"8",,"8",,"8",,"8",,"8",,"8",,"8",,"8",,"8",R,,"8",,"8",,"8"
"350200575",TARNÓW,"2025","07","11",22.2,,12.3,,16.9,,11.0,,0.3,,W,,"8",,"8",8.3,,,"8",,"8",,"8",,"8",,"8",,"8",,"8",,"8",,"8",,"8",,"8",,"8",,"8",,"8",,"8",,"8",,"8",,"8",R,,"8",,"8",,"8"
"350200575",TARNÓW,"2025","07","12",23.8,,11.8,,18.2,,8.7,,,"9",,,"8",,"8",4.0,,,"8",,"8",,"8",,"8",,"8",,"8",,"8",,"8",,"8",,"8",,"8",,"8",,"8",,"8",,"8",,"8",,"8",,"8",R,,"8",,"8",,"8"
"350200575",TARNÓW,"2025","07","13",26.2,,14.4,,18.7,,11.0,,30.1,,W,,"8",,"8",4.6,,,"8",,"8",,"8",,"8",,"8",,"8",,"8",,"8",,"8",,"8",,"8",,"8",,"8",,"8",,"8",,"8",,"8",,"8",R,,"8",,"8",,"8"
"350200575",TARNÓW,"2025","07","14",28.8,,15.0,,22.4,,13.1,,1.4,,W,,"8",,"8",12.8,,,"8",,"8",,"8",,"8",,"8",,"8",,"8",,"8",,"8",,"8",,"8",,"8",,"8",,"8",,"8",,"8",,"8",,"8",R,,"8",,"8",,"8"
"350200575",TARNÓW,"2025","07","15",27.1,,16.5,,21.0,,14.0,,1.2,,W,,"8",,"8",4.3,,,"8",,"8",,"8",,"8",,"8",,"8",,"8",,"8",,"8",,"8",,"8",,"8",,"8",,"8",,"8",,"8",,"8",,"8",R,,"8",,"8",,"8"
"350200575",TARNÓW,"2025","07","16",23.2,,16.6,,19.4,,16.2,,1.4,,W,,"8",,"8",8.1,,,"8",,"8",,"8",,"8",,"8",,"8",,"8",,"8",,"8",,"8",,"8",,"8",,"8",,"8",,"8",,"8",,"8",,"8",R,,"9",,"9",,"8"
"350200575",TARNÓW,"2025","07","17",21.1,,14.8,,16.3,,14.4,,2.3,,W,,"9",,"9",0.1,,,"8",,"8",,"8",,"8",,"8",,"8",,"8",,"8",,"8",,"8",,"8",,"8",,"8",,"8",,"8",,"8",,"8",,"8",R,,"9",,"9",,"8"
"350200575",TARNÓW,"2025","07","18",21.7,,13.1,,17.4,,12.1,,1.0,,W,,"9",,"9",1.7,,,"8",,"8",,"8",,"8",,"8",,"8",,"8",,"8",,"8",,"8",,"8",,"8",,"8",,"8",,"8",,"8",,"8",,"8",R,,"9",,"9",,"8"
"350200575",TARNÓW,"2025","07","19",24.2,,14.7,,19.8,,12.3,,2.2,,W,,"8",,"8",5.2,,,"8",,"8",,"8",,"8",,"8",,"8",,"8",,"8",,"8",,"8",,"8",,"8",,"8",,"8",,"8",,"8",,"8",,"8",R,,"9",,"9",,"8"
"350200575",TARNÓW,"2025","07","20",27.4,,16.8,,21.6,,16.1,,4.4,,W,,"8",,"8",8.6,,,"8",,"8",,"8",,"8",,"8",,"8",,"8",,"8",,"8",,"8",,"8",,"8",,"8",,"8",,"8",,"8",,"8",,"8",R,,"9",,"9",,"8"
"350200575",TARNÓW,"2025","07","21",30.7,,15.4,,24.4,,13.5,,3.9,,W,,"9",,"9",14.0,,,"8",,"8",,"8",,"8",,"8",,"8",,"8",,"8",,"8",,"8",,"8",,"8",,"8",,"8",,"8",,"8",,"8",,"8",R,,"9",,"9",,"8"
"350200575",TARNÓW,"2025","07","22",27.7,,17.9,,22.1,,17.5,,0.1,,W,,"9",,"9",10.5,,,"8",,"8",,"8",,"8",,"8",,"8",,"8",,"8",,"8",,"8",,"8",,"8",,"8",,"8",,"8",,"8",,"8",,"8",R,,"9",,"9",,"8"
"350200575",TARNÓW,"2025","07","23",27.3,,18.0,,22.0,,14.6,,0.4,,W,,"9",,"9",12.8,,,"8",,"8",,"8",,"8",,"8",,"8",,"8",,"8",,"8",,"8",,"8",,"8",,"8",,"8",,"8",,"8",,"8",,"8",R,,"9",,"9",,"8"
"350200575",TARNÓW,"2025","07","24",28.3,,14.1,,20.4,,11.4,,5.1,,W,,"9",,"9",8.5,,,"8",,"8",,"8",,"8",,"8",,"8",,"8",,"8",,"8",,"8",,"8",,"8",,"8",,"8",,"8",,"8",,"8",,"8",R,,"9",,"9",,"8"
"350200575",TARNÓW,"2025","07","25",25.3,,17.7,,21.3,,16.9,,1.2,,W,,"9",,"9",3.9,,,"8",,"8",,"8",,"8",,"8",,"8",,"8",,"8",,"8",,"8",,"8",,"8",,"8",,"8",,"8",,"8",,"8",,"8",R,,"9",,"9",,"8"
"350200575",TARNÓW,"2025","07","26",24.5,,18.7,,20.7,,18.1,,7.4,,W,,"8",,"8",2.2,,,"8",,"8",,"8",,"8",,"8",,"8",,"8",,"8",,"8",,"8",,"8",,"8",,"8",,"8",,"8",,"8",,"8",,"8",R,,"9",,"9",,"8"
"350200575",TARNÓW,"2025","07","27",22.7,,18.4,,19.9,,16.4,,3.6,,W,,"8",,"8",0.1,,,"8",,"8",,"8",,"8",,"8",,"8",,"8",,"8",,"8",,"8",,"8",,"8",,"8",,"8",,"8",,"8",,"8",,"8",R,,"9",,"9",,"8"
"350200575",TARNÓW,"2025","07","28",21.6,,16.5,,18.5,,16.6,,2.5,,W,,"8",,"8",0.2,,,"8",,"8",,"8",,"8",,"8",,"8",,"8",,"8",,"8",,"8",,"8",,"8",,"8",,"8",,"8",,"8",,"8",,"8",R,,"9",,"9",,"8"
"350200575",TARNÓW,"2025","07","29",22.6,,15.4,,18.1,,15.2,,0.3,,W,,"9",,"9",5.4,,,"8",,"8",,"8",,"8",,"8",,"8",,"8",,"8",,"8",,"8",,"8",,"8",,"8",,"8",,"8",,"8",,"8",,"8",R,,"9",,"9",,"8"
"350200575",TARNÓW,"2025","07","30",23.6,,12.8,,18.1,,10.4,,,"9",,,"9",,"9",6.9,,,"8",,"8",,"8",,"8",,"8",,"8",,"8",,"8",,"8",,"8",,"8",,"8",,"8",,"8",,"8",,"8",,"8",,"8",R,,"9",,"9",,"8"
"350200575",TARNÓW,"2025","07","31",23.4,,12.2,,17.1,,9.5,,0.3,,W,,"9",,"9",4.2,,,"8",,"8",,"8",,"8",,"8",,"8",,"8",,"8",,"8",,"8",,"8",,"8",,"8",,"8",,"8",,"8",,"8",,"8",R,,"9",,"9",,"8"
"350200575",TARNÓW,"2025","08","01",25.3,,11.4,,18.5,,7.9,,0.7,,W,,"9",,"9",7.4,,,"8",,"8",,"8",,"8",,"8",,"8",,"8",,"8",,"8",,"8",,"8",,"8",,"8",,"8",,"8",,"8",,"8",,"8",R,,"9",,"9",,"8"
"350200575",TARNÓW,"2025","08","02",26.3,,15.4,,19.9,,12.4,,3.2,,W,,"8",,"8",8.0,,,"8",,"8",,"8",,"8",,"8",,"8",,"8",,"8",,"8",,"8",,"8",,"8",,"8",,"8",,"8",,"8",,"8",,"8",R,,"9",,"9",,"8"
"350200575",TARNÓW,"2025","08","03",25.5,,15.9,,19.4,,13.1,,8.5,,W,,"8",,"8",5.3,,,"8",,"8",,"8",,"8",,"8",,"8",,"8",,"8",,"8",,"8",,"8",,"8",,"8",,"8",,"8",,"8",,"8",,"8",R,,"9",,"9",,"8"
"350200575",TARNÓW,"2025","08","04",23.1,,15.7,,18.2,,15.6,,,"9",,,"9",,"9",4.3,,,"8",,"8",,"8",,"8",,"8",,"8",,"8",,"8",,"8",,"8",,"8",,"8",,"8",,"8",,"8",,"8",,"8",,"8",R,,"9",,"9",,"8"
"350200575",TARNÓW,"2025","08","05",27.3,,12.1,,20.2,,9.2,,13.0,,W,,"9",,"9",13.6,,,"8",,"8",,"8",,"8",,"8",,"8",,"8",,"8",,"8",,"8",,"8",,"8",,"8",,"8",,"8",,"8",,"8",,"8",R,,"9",,"9",,"8"
"350200575",TARNÓW,"2025","08","06",23.8,,14.4,,17.5,,14.1,,0.2,,W,,"9",,"9",7.1,,,"8",,"8",,"8",,"8",,"8",,"8",,"8",,"8",,"8",,"8",,"8",,"8",,"8",,"8",,"8",,"8",,"8",,"8",R,,"9",,"9",,"8"
"350200575",TARNÓW,"2025","08","07",23.3,,8.3,,16.5,,5.1,,0.1,,W,,"8",,"8",13.0,,,"8",,"8",,"8",,"8",,"8",,"8",,"8",,"8",,"8",,"8",,"8",,"8",,"8",,"8",,"8",,"8",,"8",,"8",R,,"9",,"9",,"8"
"350200575",TARNÓW,"2025","08","08",28.4,,10.6,,20.6,,7.4,,,"9",,,"9",,"9",10.4,,,"8",,"8",,"8",,"8",,"8",,"8",,"8",,"8",,"8",,"8",,"8",,"8",,"8",,"8",,"8",,"8",,"8",,"8",R,,"9",,"9",,"8"
"350200575",TARNÓW,"2025","08","09",28.7,,14.5,,21.6,,11.5,,,"9",,,"8",,"8",5.9,,,"8",,"8",,"8",,"8",,"8",,"8",,"8",,"8",,"8",,"8",,"8",,"8",,"8",,"8",,"8",,"8",,"8",,"8",R,,"9",,"9",,"8"
"350200575",TARNÓW,"2025","08","10",29.6,,15.9,,22.2,,13.1,,0.0,,W,,"8",,"8",7.7,,,"8",,"8",,"8",,"8",,"8",,"8",,"8",,"8",,"8",,"8",,"8",,"8",,"8",,"8",,"8",,"8",,"8",,"8",R,,"9",,"9",,"8"
"350200575",TARNÓW,"2025","08","11",23.6,,12.8,,17.9,,9.0,,,"9",,,"9",,"9",12.3,,,"8",,"8",,"8",,"8",,"8",,"8",,"8",,"8",,"8",,"8",,"8",,"8",,"8",,"8",,"8",,"8",,"8",,"8",R,,"9",,"9",,"8"
"350200575",TARNÓW,"2025","08","12",26.3,,9.2,,18.4,,5.8,,,"9",,,"8",,"8",13.5,,,"8",,"8",,"8",,"8",,"8",,"8",,"8",,"8",,"8",,"8",,"8",,"8",,"8",,"8",,"8",,"8",,"8",,"8",R,,"9",,"9",,"8"
"350200575",TARNÓW,"2025","08","13",29.9,,11.3,,21.5,,7.1,,,"9",,,"9",,"9",13.3,,,"8",,"8",,"8",,"8",,"8",,"8",,"8",,"8",,"8",,"8",,"8",,"8",,"8",,"8",,"8",,"8",,"8",,"8",R,,"9",,"9",,"8"
"350200575",TARNÓW,"2025","08","14",31.5,,14.4,,23.1,,11.1,,,"9",,,"8",,"8",13.2,,,"8",,"8",,"8",,"8",,"8",,"8",,"8",,"8",,"8",,"8",,"8",,"8",,"8",,"8",,"8",,"8",,"8",,"8",R,,"9",,"9",,"8"
"350200575",TARNÓW,"2025","08","15",30.7,,14.8,,23.2,,12.0,,,"9",,,"8",,"8",12.9,,,"8",,"8",,"8",,"8",,"8",,"8",,"8",,"8",,"8",,"8",,"8",,"8",,"8",,"8",,"8",,"8",,"8",,"8",R,,"9",,"9",,"8"
"350200575",TARNÓW,"2025","08","16",30.9,,13.9,,22.9,,10.3,,,"9",,,"8",,"8",11.1,,,"8",,"8",,"8",,"8",,"8",,"8",,"8",,"8",,"8",,"8",,"8",,"8",,"8",,"8",,"8",,"8",,"8",,"8",R,,"9",,"9",,"8"
"350200575",TARNÓW,"2025","08","17",24.6,,17.5,,19.8,,13.6,,,"9",,,"8",,"8",11.0,,,"8",,"8",,"8",,"8",,"8",,"8",,"8",,"8",,"8",,"8",,"8",,"8",,"8",,"8",,"8",,"8",,"8",,"8",R,,"9",,"9",,"8"
"350200575",TARNÓW,"2025","08","18",20.2,,9.8,,15.9,,6.6,,,"9",,,"9",,"9",3.1,,,"8",,"8",,"8",,"8",,"8",,"8",,"8",,"8",,"8",,"8",,"8",,"8",,"8",,"8",,"8",,"8",,"8",,"8",R,,"9",,"9",,"8"
"350200575",TARNÓW,"2025","08","19",23.9,,12.9,,17.8,,11.2,,0.1,,W,,"9",,"9",8.1,,,"8",,"8",,"8",,"8",,"8",,"8",,"8",,"8",,"8",,"8",,"8",,"8",,"8",,"8",,"8",,"8",,"8",,"8",R,,"9",,"9",,"8"
"350200575",TARNÓW,"2025","08","20",28.0,,9.9,,19.5,,6.7,,,"9",,,"9",,"9",11.9,,,"8",,"8",,"8",,"8",,"8",,"8",,"8",,"8",,"8",,"8",,"8",,"8",,"8",,"8",,"8",,"8",,"8",,"8",R,,"9",,"9",,"8"
"350200575",TARNÓW,"2025","08","21",22.4,,13.5,,18.0,,9.9,,0.8,,W,,"9",,"9",1.5,,,"8",,"8",,"8",,"8",,"8",,"8",,"8",,"8",,"8",,"8",,"8",,"8",,"8",,"8",,"8",,"8",,"8",,"8",R,,"9",,"9",,"8"
"350200575",TARNÓW,"2025","08","22",24.0,,15.5,,18.1,,15.1,,,"9",,,"9",,"9",6.1,,,"8",,"8",,"8",,"8",,"8",,"8",,"8",,"8",,"8",,"8",,"8",,"8",,"8",,"8",,"8",,"8",,"8",,"8",R,,"9",,"9",,"8"
"350200575",TARNÓW,"2025","08","23",18.8,,13.7,,15.3,,11.8,,1.2,,W,,"8",,"8",1.3,,,"8",,"8",,"8",,"8",,"8",,"8",,"8",,"8",,"8",,"8",,"8",,"8",,"8",,"8",,"8",,"8",,"8",,"8",R,,"9",,"9",,"8"
"350200575",TARNÓW,"2025","08","24",19.3,,8.5,,13.7,,8.4,,,"9",,,"8",,"8",8.7,,,"8",,"8",,"8",,"8",,"8",,"8",,"8",,"8",,"8",,"8",,"8",,"8",,"8",,"8",,"8",,"8",,"8",,"8",R,,"9",,"9",,"8"
"350200575",TARNÓW,"2025","08","25",21.0,,9.3,,14.9,,5.4,,0.2,,W,,"9",,"9",2.6,,,"8",,"8",,"8",,"8",,"8",,"8",,"8",,"8",,"8",,"8",,"8",,"8",,"8",,"8",,"8",,"8",,"8",,"8",R,,"9",,"9",,"8"
"350200575",TARNÓW,"2025","08","26",23.9,,7.8,,15.8,,4.0,,,"9",,,"9",,"9",12.6,,,"8",,"8",,"8",,"8",,"8",,"8",,"8",,"8",,"8",,"8",,"8",,"8",,"8",,"8",,"8",,"8",,"8",,"8",R,,"9",,"9",,"8"
"350200575",TARNÓW,"2025","08","27",27.8,,7.8,,18.2,,4.7,,,"9",,,"9",,"9",9.4,,,"8",,"8",,"8",,"8",,"8",,"8",,"8",,"8",,"8",,"8",,"8",,"8",,"8",,"8",,"8",,"8",,"8",,"8",R,,"9",,"9",,"8"
"350200575",TARNÓW,"2025","08","28",31.4,,15.0,,24.1,,11.7,,,"9",,,"9",,"9",11.7,,,"8",,"8",,"8",,"8",,"8",,"8",,"8",,"8",,"8",,"8",,"8",,"8",,"8",,"8",,"8",,"8",,"8",,"8",R,,"9",,"9",,"8"
"350200575",TARNÓW,"2025","08","29",31.5,,21.6,,25.8,,17.9,,0.1,,W,,"9",,"9",6.1,,,"8",,"8",,"8",,"8",,"8",,"8",,"8",,"8",,"8",,"8",,"8",,"8",,"8",,"8",,"8",,"8",,"8",,"8",R,,"9",,"9",,"8"
"350200575",TARNÓW,"2025","08","30",31.1,,18.8,,22.7,,17.0,,25.0,,W,,"8",,"8",7.0,,,"8",,"8",,"8",,"8",,"8",,"8",,"8",,"8",,"8",,"8",,"8",,"8",,"8",,"8",,"8",,"8",,"8",,"8",R,,"9",,"9",,"8"
"350200575",TARNÓW,"2025","08","31",22.4,,16.1,,18.5,,15.8,,2.2,,W,,"8",,"8",2.4,,,"8",,"8",,"8",,"8",,"8",,"8",,"8",,"8",,"8",,"8",,"8",,"8",,"8",,"8",,"8",,"8",,"8",,"8",R,,"9",,"9",,"8"
"350200575",TARNÓW,"2025","09","01",23.3,,14.9,,19.0,,13.0,,,"9",,,"8",,"8",3.4,,,"8",,"8",,"8",,"8",,"8",,"8",,"8",,"8",,"8",,"8",,"8",,"8",,"8",,"8",,"8",,"8",,"8",,"8",R,,"9",,"9",,"8"
"350200575",TARNÓW,"2025","09","02",,"8",,"8",,"8",,"8",0.1,,W,,"8",,"8",,"8",,"8",,"8",,"8",,"8",,"8",,"8",,"8",,"8",,"8",,"8",,"8",,"8",,"8",,"8",,"8",,"8",,"8",,"8",R,,"8",,"8",,"8"
"350200575",TARNÓW,"2025","09","03",,"8",,"8",,"8",,"8",4.2,,W,,"9",,"9",,"8",,"8",,"8",,"8",,"8",,"8",,"8",,"8",,"8",,"8",,"8",,"8",,"8",,"8",,"8",,"8",,"8",,"8",,"8",R,,"9",,"9",,"8"
"350200575",TARNÓW,"2025","09","04",27.4,,14.3,,21.0,,12.5,,,"9",,,"9",,"9",10.0,,,"8",,"8",,"8",,"8",,"8",,"8",,"8",,"8",,"8",,"8",,"8",,"8",,"8",,"8",,"8",,"8",,"8",,"8",R,,"9",,"9",,"8"
"350200575",TARNÓW,"2025","09","05",30.3,,16.1,,21.9,,13.8,,10.1,,W,,"9",,"9",6.6,,,"8",,"8",,"8",,"8",,"8",,"8",,"8",,"8",,"8",,"8",,"8",,"8",,"8",,"8",,"8",,"8",,"8",,"8",R,,"9",,"9",,"8"
"350200575",TARNÓW,"2025","09","06",22.0,,16.7,,17.6,,15.3,,2.4,,W,,"8",,"8",0.2,,,"8",,"8",,"8",,"8",,"8",,"8",,"8",,"8",,"8",,"8",,"8",,"8",,"8",,"8",,"8",,"8",,"8",,"8",R,,"9",,"9",,"8"
"350200575",TARNÓW,"2025","09","07",17.9,,14.3,,16.3,,14.3,,,"9",,,"8",,"8",,"9",,"8",,"8",,"8",,"8",,"8",,"8",,"8",,"8",,"8",,"8",,"8",,"8",,"8",,"8",,"8",,"8",,"8",,"8",R,,"9",,"9",,"8"
"350200575",TARNÓW,"2025","09","08",23.5,,15.8,,17.6,,14.7,,3.8,,W,,"9",,"9",1.6,,,"8",,"8",,"8",,"8",,"8",,"8",,"8",,"8",,"8",,"8",,"8",,"8",,"8",,"8",,"8",,"8",,"8",,"8",R,,"9",,"9",,"8"
"350200575",TARNÓW,"2025","09","09",23.3,,13.2,,17.2,,12.0,,,"9",,,"9",,"9",6.9,,,"8",,"8",,"8",,"8",,"8",,"8",,"8",,"8",,"8",,"8",,"8",,"8",,"8",,"8",,"8",,"8",,"8",,"8",R,,"9",,"9",,"8"
"350200575",TARNÓW,"2025","09","10",25.6,,10.8,,19.1,,8.8,,5.2,,W,,"9",,"9",9.2,,,"8",,"8",,"8",,"8",,"8",,"8",,"8",,"8",,"8",,"8",,"8",,"8",,"8",,"8",,"8",,"8",,"8",,"8",R,,"9",,"9",,"8"
"350200575",TARNÓW,"2025","09","11",21.0,,17.2,,18.3,,16.0,,1.3,,W,,"9",,"9",0.3,,,"8",,"8",,"8",,"8",,"8",,"8",,"8",,"8",,"8",,"8",,"8",,"8",,"8",,"8",,"8",,"8",,"8",,"8",R,,"9",,"9",,"8"
"350200575",TARNÓW,"2025","09","12",,"8",,"8",,"8",,"8",,"9",,,"9",,"9",,"8",,"8",,"8",,"8",,"8",,"8",,"8",,"8",,"8",,"8",,"8",,"8",,"8",,"8",,"8",,"8",,"8",,"8",,"8",R,,"8",,"8",,"8"
"350200575",TARNÓW,"2025","09","13",,"8",,"8",,"8",,"8",,"9",,,"8",,"8",,"8",,"8",,"8",,"8",,"8",,"8",,"8",,"8",,"8",,"8",,"8",,"8",,"8",,"8",,"8",,"8",,"8",,"8",,"8",,,"9",,"9",,"8"
"350200575",TARNÓW,"2025","09","14",20.2,,15.2,,16.8,,12.8,,11.0,,W,,"8",,"8",,"9",,"8",,"8",,"8",,"8",,"8",,"8",,"8",,"8",,"8",,"8",,"8",,"8",,"8",,"8",,"8",,"8",,"8",,"8",R,,"9",,"9",,"8"
"350200575",TARNÓW,"2025","09","15",22.7,,12.9,,17.6,,11.9,,18.6,,W,,"9",,"9",8.4,,,"8",,"8",,"8",,"8",,"8",,"8",,"8",,"8",,"8",,"8",,"8",,"8",,"8",,"8",,"8",,"8",,"8",,"8",R,,"9",,"9",,"8"
"350200575",TARNÓW,"2025","09","16",19.7,,13.9,,16.3,,11.2,,1.6,,W,,"9",,"9",0.5,,,"8",,"8",,"8",,"8",,"8",,"8",,"8",,"8",,"8",,"8",,"8",,"8",,"8",,"8",,"8",,"8",,"8",,"8",R,,"9",,"9",,"8"
"350200575",TARNÓW,"2025","09","17",17.1,,10.8,,13.7,,7.2,,0.3,,W,,"9",,"9",3.4,,,"8",,"8",,"8",,"8",,"8",,"8",,"8",,"8",,"8",,"8",,"8",,"8",,"8",,"8",,"8",,"8",,"8",,"8",R,,"9",,"9",,"8"
"350200575",TARNÓW,"2025","09","18",20.7,,7.8,,15.7,,5.2,,0.2,,W,,"9",,"9",8.4,,,"8",,"8",,"8",,"8",,"8",,"8",,"8",,"8",,"8",,"8",,"8",,"8",,"8",,"8",,"8",,"8",,"8",,"8",R,,"9",,"9",,"8"
"350200575",TARNÓW,"2025","09","19",23.7,,16.2,,18.5,,13.6,,0.8,,W,,"9",,"9",2.4,,,"8",,"8",,"8",,"8",,"8",,"8",,"8",,"8",,"8",,"8",,"8",,"8",,"8",,"8",,"8",,"8",,"8",,"8",R,,"9",,"9",,"8"
"350200575",TARNÓW,"2025","09","20",27.2,,12.7,,20.2,,9.7,,,"9",,,"8",,"8",11.3,,,"8",,"8",,"8",,"8",,"8",,"8",,"8",,"8",,"8",,"8",,"8",,"8",,"8",,"8",,"8",,"8",,"8",,"8",R,,"9",,"9",,"8"
"350200575",TARNÓW,"2025","09","21",29.2,,13.6,,22.3,,9.4,,,"9",,,"8",,"8",11.2,,,"8",,"8",,"8",,"8",,"8",,"8",,"8",,"8",,"8",,"8",,"8",,"8",,"8",,"8",,"8",,"8",,"8",,"8",R,,"9",,"9",,"8"
"350200575",TARNÓW,"2025","09","22",28.6,,14.8,,21.3,,9.5,,0.0,,W,,"9",,"9",10.1,,,"8",,"8",,"8",,"8",,"8",,"8",,"8",,"8",,"8",,"8",,"8",,"8",,"8",,"8",,"8",,"8",,"8",,"8",R,,"9",,"9",,"8"
"350200575",TARNÓW,"2025","09","23",22.5,,11.6,,12.5,,11.7,,2.1,,W,,"9",,"9",,"9",,"8",,"8",,"8",,"8",,"8",,"8",,"8",,"8",,"8",,"8",,"8",,"8",,"8",,"8",,"8",,"8",,"8",,"8",R,,"9",,"9",,"8"
"350200575",TARNÓW,"2025","09","24",12.4,,10.7,,11.1,,10.3,,3.5,,W,,"9",,"9",,"9",,"8",,"8",,"8",,"8",,"8",,"8",,"8",,"8",,"8",,"8",,"8",,"8",,"8",,"8",,"8",,"8",,"8",,"8",R,,"9",,"9",,"8"
"350200575",TARNÓW,"2025","09","25",15.7,,5.9,,10.9,,5.2,,,"9",,,"9",,"9",3.5,,,"8",,"8",,"8",,"8",,"8",,"8",,"8",,"8",,"8",,"8",,"8",,"8",,"8",,"8",,"8",,"8",,"8",,"8",R,,"9",,"9",,"8"
"350200575",TARNÓW,"2025","09","26",15.4,,7.5,,10.8,,7.3,,0.1,,W,,"8",,"8",0.5,,,"8",,"8",,"8",,"8",,"8",,"8",,"8",,"8",,"8",,"8",,"8",,"8",,"8",,"8",,"8",,"8",,"8",,"8",R,,"9",,"9",,"8"
"350200575",TARNÓW,"2025","09","27",17.7,,4.3,,10.4,,1.0,,,"9",,,"8",,"8",10.9,,,"8",,"8",,"8",,"8",,"8",,"8",,"8",,"8",,"8",,"8",,"8",,"8",,"8",,"8",,"8",,"8",,"8",,"8",R,,"9",,"9",,"8"
"350200575",TARNÓW,"2025","09","28",15.6,,1.9,,9.2,,-0.7,,0.7,,W,,"8",,"8",7.2,,,"8",,"8",,"8",,"8",,"8",,"8",,"8",,"8",,"8",,"8",,"8",,"8",,"8",,"8",,"8",,"8",,"8",,"8",R,,"9",,"9",,"8"
"350200575",TARNÓW,"2025","09","29",11.9,,8.3,,9.4,,7.7,,3.6,,W,,"9",,"9",0.5,,,"8",,"8",,"8",,"8",,"8",,"8",,"8",,"8",,"8",,"8",,"8",,"8",,"8",,"8",,"8",,"8",,"8",,"8",R,,"9",,"9",,"8"
"350200575",TARNÓW,"2025","09","30",10.2,,8.0,,8.8,,8.1,,8.8,,W,,"8",,"8",,"9",,"8",,"8",,"8",,"8",,"8",,"8",,"8",,"8",,"8",,"8",,"8",,"8",,"8",,"8",,"8",,"8",,"8",,"8",R,,"9",,"9",,"8"
"350200575",TARNÓW,"2025","10","01",10.7,,5.0,,,"8",1.8,,0.1,,W,,"8",,"8",,"8",,"8",,"8",,"8",,"8",,"8",,"8",,"8",,"8",,"8",,"8",,"8",,"8",,"8",,"8",,"8",,"8",,"8",,"8",R,,"8",,"8",,"8"
"350200575",TARNÓW,"2025","10","02",11.1,,,"8",,"8",,"8",0.5,,W,,"9",,"9",,"8",,"8",,"8",,"8",,"8",,"8",,"8",,"8",,"8",,"8",,"8",,"8",,"8",,"8",,"8",,"8",,"8",,"8",,"8",R,,"9",,"9",,"8"
"350200575",TARNÓW,"2025","10","03",9.8,,-1.8,,4.5,,-5.8,,,"9",,,"9",,"9",6.0,,,"8",,"8",,"8",,"8",,"8",,"8",,"8",,"8",,"8",,"8",,"8",,"8",,"8",,"8",,"8",,"8",,"8",,"8",Z,"01",,,"9",,"8"
"350200575",TARNÓW,"2025","10","04",13.6,,5.2,,8.4,,4.7,,9.2,,W,,"8",,"8",3.9,,,"8",,"8",,"8",,"8",,"8",,"8",,"8",,"8",,"8",,"8",,"8",,"8",,"8",,"8",,"8",,"8",,"8",,"8",R,,"9",,"9",,"8"
"350200575",TARNÓW,"2025","10","05",13.6,,7.6,,10.1,,5.0,,,"9",,,"8",,"8",3.0,,,"8",,"8",,"8",,"8",,"8",,"8",,"8",,"8",,"8",,"8",,"8",,"8",,"8",,"8",,"8",,"8",,"8",,"8",R,,"9",,"9",,"8"
"350200575",TARNÓW,"2025","10","06",13.5,,6.3,,10.4,,2.6,,5.4,,W,,"9",,"9",4.3,,,"8",,"8",,"8",,"8",,"8",,"8",,"8",,"8",,"8",,"8",,"8",,"8",,"8",,"8",,"8",,"8",,"8",,"8",R,,"9",,"9",,"8"
"350200575",TARNÓW,"2025","10","07",13.4,,9.3,,10.5,,8.9,,0.0,,W,,"9",,"9",0.5,,,"8",,"8",,"8",,"8",,"8",,"8",,"8",,"8",,"8",,"8",,"8",,"8",,"8",,"8",,"8",,"8",,"8",,"8",R,,"9",,"9",,"8"
"350200575",TARNÓW,"2025","10","08",12.1,,6.4,,8.1,,2.6,,0.3,,W,,"9",,"9",1.4,,,"8",,"8",,"8",,"8",,"8",,"8",,"8",,"8",,"8",,"8",,"8",,"8",,"8",,"8",,"8",,"8",,"8",,"8",R,,"9",,"9",,"8"
"350200575",TARNÓW,"2025","10","09",13.3,,6.1,,10.4,,2.6,,2.3,,W,,"9",,"9",0.8,,,"8",,"8",,"8",,"8",,"8",,"8",,"8",,"8",,"8",,"8",,"8",,"8",,"8",,"8",,"8",,"8",,"8",,"8",R,,"9",,"9",,"8"
"350200575",TARNÓW,"2025","10","10",13.8,,9.7,,11.0,,9.1,,5.8,,W,,"9",,"9",1.0,,,"8",,"8",,"8",,"8",,"8",,"8",,"8",,"8",,"8",,"8",,"8",,"8",,"8",,"8",,"8",,"8",,"8",,"8",R,,"9",,"9",,"8"
"350200575",TARNÓW,"2025","10","11",13.4,,9.7,,11.6,,9.5,,2.6,,W,,"8",,"8",,"9",,"8",,"8",,"8",,"8",,"8",,"8",,"8",,"8",,"8",,"8",,"8",,"8",,"8",,"8",,"8",,"8",,"8",,"8",R,,"9",,"9",,"8"
"350200575",TARNÓW,"2025","10","12",12.2,,10.1,,11.1,,9.6,,2.8,,W,,"8",,"8",,"9",,"8",,"8",,"8",,"8",,"8",,"8",,"8",,"8",,"8",,"8",,"8",,"8",,"8",,"8",,"8",,"8",,"8",,"8",R,,"9",,"9",,"8"
"350200575",TARNÓW,"2025","10","13",11.4,,5.1,,8.5,,0.7,,0.0,,W,,"9",,"9",6.8,,,"8",,"8",,"8",,"8",,"8",,"8",,"8",,"8",,"8",,"8",,"8",,"8",,"8",,"8",,"8",,"8",,"8",,"8",R,,"9",,"9",,"8"
"350200575",TARNÓW,"2025","10","14",9.7,,5.6,,7.6,,1.7,,0.7,,W,,"9",,"9",1.3,,,"8",,"8",,"8",,"8",,"8",,"8",,"8",,"8",,"8",,"8",,"8",,"8",,"8",,"8",,"8",,"8",,"8",,"8",R,,"9",,"9",,"8"
"350200575",TARNÓW,"2025","10","15",10.9,,7.1,,8.4,,4.3,,0.0,,W,,"9",,"9",0.9,,,"8",,"8",,"8",,"8",,"8",,"8",,"8",,"8",,"8",,"8",,"8",,"8",,"8",,"8",,"8",,"8",,"8",,"8",R,,"9",,"9",,"8"
"350200575",TARNÓW,"2025","10","16",14.2,,4.0,,9.2,,0.8,,,"9",,,"9",,"9",5.0,,,"8",,"8",,"8",,"8",,"8",,"8",,"8",,"8",,"8",,"8",,"8",,"8",,"8",,"8",,"8",,"8",,"8",,"8",R,,"9",,"9",,"8"
"350200575",TARNÓW,"2025","10","17",13.8,,8.3,,10.8,,6.3,,0.5,,W,,"9",,"9",,"9",,"8",,"8",,"8",,"8",,"8",,"8",,"8",,"8",,"8",,"8",,"8",,"8",,"8",,"8",,"8",,"8",,"8",,"8",R,,"9",,"9",,"8"
"350200575",TARNÓW,"2025","10","18",11.6,,6.7,,8.0,,5.5,,0.0,,W,,"8",,"8",1.2,,,"8",,"8",,"8",,"8",,"8",,"8",,"8",,"8",,"8",,"8",,"8",,"8",,"8",,"8",,"8",,"8",,"8",,"8",R,,"9",,"9",,"8"
"350200575",TARNÓW,"2025","10","19",9.6,,2.6,,5.0,,-1.8,,0.6,,W,,"8",,"8",1.5,,,"8",,"8",,"8",,"8",,"8",,"8",,"8",,"8",,"8",,"8",,"8",,"8",,"8",,"8",,"8",,"8",,"8",,"8",R,,"9",,"9",,"8"
"350200575",TARNÓW,"2025","10","20",12.3,,-1.7,,4.5,,-6.0,,,"9",,,"9",,"9",9.1,,,"8",,"8",,"8",,"8",,"8",,"8",,"8",,"8",,"8",,"8",,"8",,"8",,"8",,"8",,"8",,"8",,"8",,"8",Z,"01",,,"9",,"8"
"350200575",TARNÓW,"2025","10","21",13.7,,0.9,,8.0,,-4.2,,,"9",,,"9",,"9",6.2,,,"8",,"8",,"8",,"8",,"8",,"8",,"8",,"8",,"8",,"8",,"8",,"8",,"8",,"8",,"8",,"8",,"8",,"8",R,,"9",,"9",,"8"
"350200575",TARNÓW,"2025","10","22",17.5,,6.9,,11.8,,2.6,,0.3,,W,,"9",,"9",1.4,,,"8",,"8",,"8",,"8",,"8",,"8",,"8",,"8",,"8",,"8",,"8",,"8",,"8",,"8",,"8",,"8",,"8",,"8",R,,"9",,"9",,"8"
"350200575",TARNÓW,"2025","10","23",20.1,,11.7,,15.4,,8.2,,2.9,,W,,"8",,"8",8.3,,,"8",,"8",,"8",,"8",,"8",,"8",,"8",,"8",,"8",,"8",,"8",,"8",,"8",,"8",,"8",,"8",,"8",,"8",R,,"9",,"9",,"8"
"350200575",TARNÓW,"2025","10","24",16.0,,8.7,,10.1,,8.0,,13.9,,W,,"9",,"9",,"9",,"8",,"8",,"8",,"8",,"8",,"8",,"8",,"8",,"8",,"8",,"8",,"8",,"8",,"8",,"8",,"8",,"8",,"8",R,,"9",,"9",,"8"
"350200575",TARNÓW,"2025","10","25",13.1,,4.5,,8.9,,1.9,,0.0,,W,,"8",,"8",7.2,,,"8",,"8",,"8",,"8",,"8",,"8",,"8",,"8",,"8",,"8",,"8",,"8",,"8",,"8",,"8",,"8",,"8",,"8",R,,"9",,"9",,"8"
"350200575",TARNÓW,"2025","10","26",14.2,,5.6,,9.8,,0.4,,0.6,,W,,"8",,"8",1.4,,,"8",,"8",,"8",,"8",,"8",,"8",,"8",,"8",,"8",,"8",,"8",,"8",,"8",,"8",,"8",,"8",,"8",,"8",R,,"9",,"9",,"8"
"350200575",TARNÓW,"2025","10","27",10.8,,6.5,,8.1,,4.4,,0.2,,W,,"9",,"9",2.9,,,"8",,"8",,"8",,"8",,"8",,"8",,"8",,"8",,"8",,"8",,"8",,"8",,"8",,"8",,"8",,"8",,"8",,"8",R,,"9",,"9",,"8"
"350200575",TARNÓW,"2025","10","28",11.4,,6.3,,8.9,,3.4,,1.3,,W,,"9",,"9",0.2,,,"8",,"8",,"8",,"8",,"8",,"8",,"8",,"8",,"8",,"8",,"8",,"8",,"8",,"8",,"8",,"8",,"8",,"8",R,,"9",,"9",,"8"
"350200575",TARNÓW,"2025","10","29",14.7,,7.2,,10.0,,2.0,,,"9",,,"9",,"9",4.1,,,"8",,"8",,"8",,"8",,"8",,"8",,"8",,"8",,"8",,"8",,"8",,"8",,"8",,"8",,"8",,"8",,"8",,"8",R,,"9",,"9",,"8"
"350200575",TARNÓW,"2025","10","30",18.9,,4.6,,11.9,,-0.3,,0.1,,W,,"9",,"9",3.5,,,"8",,"8",,"8",,"8",,"8",,"8",,"8",,"8",,"8",,"8",,"8",,"8",,"8",,"8",,"8",,"8",,"8",,"8",R,,"9",,"9",,"8"
"350200575",TARNÓW,"2025","10","31",13.1,,4.6,,7.6,,-0.6,,,"9",,,"9",,"9",7.7,,,"8",,"8",,"8",,"8",,"8",,"8",,"8",,"8",,"8",,"8",,"8",,"8",,"8",,"8",,"8",,"8",,"8",,"8",R,,"9",,"9",,"8"
"350200575",TARNÓW,"2025","11","01",18.2,,-0.1,,8.7,,-3.5,,,"9",,,"8",,"8",7.7,,,"8",,"8",,"8",,"8",,"8",,"8",,"8",,"8",,"8",,"8",,"8",,"8",,"8",,"8",,"8",,"8",,"8",,"8",R,"01",,,"9",,"8"
"350200575",TARNÓW,"2025","11","02",19.4,,9.3,,14.2,,4.8,,,"9",,,"8",,"8",2.9,,,"8",,"8",,"8",,"8",,"8",,"8",,"8",,"8",,"8",,"8",,"8",,"8",,"8",,"8",,"8",,"8",,"8",,"8",R,,"9",,"9",,"8"
"350200575",TARNÓW,"2025","11","03",14.2,,8.9,,10.1,,6.8,,18.4,,W,,"9",,"9",,"9",,"8",,"8",,"8",,"8",,"8",,"8",,"8",,"8",,"8",,"8",,"8",,"8",,"8",,"8",,"8",,"8",,"8",,"8",R,,"9",,"9",,"8"
"350200575",TARNÓW,"2025","11","04",13.0,,5.2,,7.9,,0.9,,0.1,,W,,"9",,"9",7.5,,,"8",,"8",,"8",,"8",,"8",,"8",,"8",,"8",,"8",,"8",,"8",,"8",,"8",,"8",,"8",,"8",,"8",,"8",R,,"9",,"9",,"8"
"350200575",TARNÓW,"2025","11","05",15.0,,0.2,,5.5,,-3.2,,,"9",,,"9",,"9",8.2,,,"8",,"8",,"8",,"8",,"8",,"8",,"8",,"8",,"8",,"8",,"8",,"8",,"8",,"8",,"8",,"8",,"8",,"8",Z,"01",,,"9",,"8"
"350200575",TARNÓW,"2025","11","06",15.5,,0.0,,7.5,,-3.0,,,"9",,,"9",,"9",8.5,,,"8",,"8",,"8",,"8",,"8",,"8",,"8",,"8",,"8",,"8",,"8",,"8",,"8",,"8",,"8",,"8",,"8",,"8",Z,"01",,,"9",,"8"
"350200575",TARNÓW,"2025","11","07",15.7,,2.8,,8.8,,-2.1,,,"9",,,"9",,"9",8.4,,,"8",,"8",,"8",,"8",,"8",,"8",,"8",,"8",,"8",,"8",,"8",,"8",,"8",,"8",,"8",,"8",,"8",,"8",R,"01",,,"9",,"8"
"350200575",TARNÓW,"2025","11","08",10.1,,3.4,,6.1,,-0.3,,0.6,,W,,"8",,"8",,"8",,"8",,"8",,"8",,"8",,"8",,"8",,"8",,"8",,"8",,"8",,"8",,"8",,"8",,"8",,"8",,"8",,"8",,"8",R,,"9",,"9",,"8"
"350200575",TARNÓW,"2025","11","09",9.3,,6.7,,7.7,,6.7,,2.3,,W,,"8",,"8",,"9",,"8",,"8",,"8",,"8",,"8",,"8",,"8",,"8",,"8",,"8",,"8",,"8",,"8",,"8",,"8",,"8",,"8",,"8",R,,"9",,"9",,"8"
"350200575",TARNÓW,"2025","11","10",9.3,,3.9,,6.9,,0.5,,1.6,,W,,"8",,"8",0.3,,,"8",,"8",,"8",,"8",,"8",,"8",,"8",,"8",,"8",,"8",,"8",,"8",,"8",,"8",,"8",,"8",,"8",,"8",R,,"9",,"9",,"8"
"350200575",TARNÓW,"2025","11","11",9.5,,6.9,,8.2,,6.5,,2.2,,W,,"8",,"8",,"9",,"8",,"8",,"8",,"8",,"8",,"8",,"8",,"8",,"8",,"8",,"8",,"8",,"8",,"8",,"8",,"8",,"8",,"8",R,,"9",,"9",,"8"
"350200575",TARNÓW,"2025","11","12",10.5,,5.6,,8.0,,0.3,,0.0,,W,,"9",,"9",0.4,,,"8",,"8",,"8",,"8",,"8",,"8",,"8",,"8",,"8",,"8",,"8",,"8",,"8",,"8",,"8",,"8",,"8",,"8",R,,"9",,"9",,"8"
"350200575",TARNÓW,"2025","11","13",11.4,,4.8,,7.4,,0.6,,,"9",,,"9",,"9",6.3,,,"8",,"8",,"8",,"8",,"8",,"8",,"8",,"8",,"8",,"8",,"8",,"8",,"8",,"8",,"8",,"8",,"8",,"8",R,,"9",,"9",,"8"
"350200575",TARNÓW,"2025","11","14",12.8,,4.8,,8.4,,0.8,,0.2,,W,,"9",,"9",6.6,,,"8",,"8",,"8",,"8",,"8",,"8",,"8",,"8",,"8",,"8",,"8",,"8",,"8",,"8",,"8",,"8",,"8",,"8",R,,"9",,"9",,"8"
"350200575",TARNÓW,"2025","11","15",8.9,,2.8,,6.1,,-0.5,,0.0,,W,,"8",,"8",,"9",,"8",,"8",,"8",,"8",,"8",,"8",,"8",,"8",,"8",,"8",,"8",,"8",,"8",,"8",,"8",,"8",,"8",,"8",R,,"9",,"9",,"8"
"350200575",TARNÓW,"2025","11","16",11.4,,5.1,,6.6,,0.8,,0.3,,W,,"8",,"8",1.2,,,"8",,"8",,"8",,"8",,"8",,"8",,"8",,"8",,"8",,"8",,"8",,"8",,"8",,"8",,"8",,"8",,"8",,"8",R,,"9",,"9",,"8"
"350200575",TARNÓW,"2025","11","17",8.4,,1.6,,5.3,,0.7,,21.4,,W,,"9",,"9",,"9",,"8",,"8",,"8",,"8",,"8",,"8",,"8",,"8",,"8",,"8",,"8",,"8",,"8",,"8",,"8",,"8",,"8",,"8",R,,"9",,"9",,"8"
"350200575",TARNÓW,"2025","11","18",5.2,,0.2,,2.4,,-3.4,,,"9",,,"8",,"8",6.0,,,"8",,"8",,"8",,"8",,"8",,"8",,"8",,"8",,"8",,"8",,"8",,"8",,"8",,"8",,"8",,"8",,"8",,"8",R,"01",,,"9",,"8"
"350200575",TARNÓW,"2025","11","19",6.6,,-4.6,,0.4,,-8.6,,,"9",,,"8",,"8",7.0,,,"8",,"8",,"8",,"8",,"8",,"8",,"8",,"8",,"8",,"8",,"8",,"8",,"8",,"8",,"8",,"8",,"8",,"8",R,"01",,,"9",,"8"
"350200575",TARNÓW,"2025","11","20",8.7,,-1.7,,2.7,,-5.8,,1.8,,S,,"9",,"9",,"8",,"8",,"8",,"8",,"8",,"8",,"8",,"8",,"8",,"8",,"8",,"8",,"8",,"8",,"8",,"8",,"8",,"8",,"8",Z,"01",,,"9",,"8"
"350200575",TARNÓW,"2025","11","21",1.9,,-0.1,,0.4,,-3.1,,7.9,,S,1,,,"9",,"9",,"8",,"8",,"8",,"8",,"8",,"8",,"8",,"8",,"8",,"8",,"8",,"8",,"8",,"8",,"8",,"8",1,,,"8",R,"01",,,"9",,"8"
"350200575",TARNÓW,"2025","11","22",0.7,,-1.0,,-0.1,,-0.7,,9.0,,W,,"8",,"8",,"9",,"8",,"8",,"8",,"8",,"8",,"8",,"8",,"8",,"8",,"8",,"8",,"8",,"8",,"8",,"8",,"8",,"8",,"8",R,"01",,,"9",,"8"
"350200575",TARNÓW,"2025","11","23",0.5,,-1.3,,-0.6,,0.0,,0.5,,W,,"8",,"8",,"9",,"8",,"8",,"8",,"8",,"8",,"8",,"8",,"8",,"8",,"8",,"8",,"8",,"8",,"8",,"8",,"8",,"8",,"8",R,"01",,,"9",,"8"
"350200575",TARNÓW,"2025","11","24",1.6,,-6.9,,-0.7,,-5.5,,1.6,,W,22,,1.1,,2.1,,,"8",,"8",,"8",,"8",,"8",,"8",,"8",,"8",,"8",,"8",,"8",,"8",,"8",,"8",,"8",,"8",1,,,"8",R,"01",,,"9",,"8"
"350200575",TARNÓW,"2025","11","25",5.4,,1.1,,3.2,,0.0,,3.2,,W,15,,1.6,,0.1,,,"8",,"8",,"8",,"8",,"8",,"8",,"8",,"8",,"8",,"8",,"8",,"8",,"8",,"8",,"8",,"8",1,,,"8",R,,"9",,"9",,"8"
"350200575",TARNÓW,"2025","11","26",3.6,,0.3,,1.2,,-0.4,,2.7,,S,5,,3.2,,,"9",,"8",,"8",,"8",,"8",,"8",,"8",,"8",,"8",,"8",,"8",,"8",,"8",,"8",,"8",,"8",,"8",1,,,"8",R,,"9",,"9",,"8"
"350200575",TARNÓW,"2025","11","27",2.6,,0.1,,1.8,,-0.7,,,"9",,2,,,"9",,"9",,"8",,"8",,"8",,"8",,"8",,"8",,"8",,"8",,"8",,"8",,"8",,"8",,"8",,"8",,"8",,"8",1,,,"8",R,,"9",,"9",,"8"
"350200575",TARNÓW,"2025","11","28",1.8,,-2.8,,-0.1,,-6.5,,,"9",,,"9",,"9",,"9",,"8",,"8",,"8",,"8",,"8",,"8",,"8",,"8",,"8",,"8",,"8",,"8",,"8",,"8",,"8",,"8",,"8",,"8",Z,"01",,,"9",,"8"
"350200575",TARNÓW,"2025","11","29",1.8,,-1.1,,0.4,,-3.9,,,"9",,,"8",,"8",,"9",,"8",,"8",,"8",,"8",,"8",,"8",,"8",,"8",,"8",,"8",,"8",,"8",,"8",,"8",,"8",,"8",,"8",,"8",R,"01",,,"9",,"8"
"350200575",TARNÓW,"2025","11","30",2.4,,-1.1,,1.2,,-2.9,,,"9",,,"8",,"8",,"9",,"8",,"8",,"8",,"8",,"8",,"8",,"8",,"8",,"8",,"8",,"8",,"8",,"8",,"8",,"8",,"8",,"8",,"8",R,"01",,,"9",,"8"
"350200575",TARNÓW,"2025","12","01",2.4,,-0.8,,1.0,,-0.5,,0.0,,W,,"9",,"9",,"9",,"8",,"8",,"8",,"8",,"8",,"8",,"8",,"8",,"8",,"8",,"8",,"8",,"8",,"8",,"8",,"8",,"8",,"8",R,"01",,,"9",,"8"
"350200575",TARNÓW,"2025","12","02",7.5,,1.9,,3.6,,-1.4,,,"9",,,"9",,"9",6.6,,,"8",,"8",,"8",,"8",,"8",,"8",,"8",,"8",,"8",,"8",,"8",,"8",,"8",,"8",,"8",,"8",,"8",,"8",R,,"9",,"9",,"8"
"350200575",TARNÓW,"2025","12","03",6.8,,-3.4,,2.0,,-6.6,,,"9",,,"9",,"9",3.7,,,"8",,"8",,"8",,"8",,"8",,"8",,"8",,"8",,"8",,"8",,"8",,"8",,"8",,"8",,"8",,"8",,"8",,"8",Z,"01",,,"9",,"8"
"350200575",TARNÓW,"2025","12","04",9.6,,-1.1,,2.8,,-3.6,,,"9",,,"9",,"9",4.0,,,"8",,"8",,"8",,"8",,"8",,"8",,"8",,"8",,"8",,"8",,"8",,"8",,"8",,"8",,"8",,"8",,"8",,"8",Z,"01",,,"9",,"8"
"350200575",TARNÓW,"2025","12","05",9.8,,1.6,,5.6,,-2.5,,,"9",,,"9",,"9",1.2,,,"8",,"8",,"8",,"8",,"8",,"8",,"8",,"8",,"8",,"8",,"8",,"8",,"8",,"8",,"8",,"8",,"8",,"8",R,,"9",,"9",,"8"
"350200575",TARNÓW,"2025","12","06",6.5,,1.0,,4.1,,-2.6,,,"9",,,"8",,"8",6.3,,,"8",,"8",,"8",,"8",,"8",,"8",,"8",,"8",,"8",,"8",,"8",,"8",,"8",,"8",,"8",,"8",,"8",,"8",R,,"9",,"9",,"8"
"350200575",TARNÓW,"2025","12","07",7.3,,2.4,,4.9,,-1.1,,0.0,,W,,"8",,"8",,"9",,"8",,"8",,"8",,"8",,"8",,"8",,"8",,"8",,"8",,"8",,"8",,"8",,"8",,"8",,"8",,"8",,"8",,"8",R,,"9",,"9",,"8"
"350200575",TARNÓW,"2025","12","08",8.5,,2.8,,6.0,,-1.6,,,"9",,,"9",,"9",2.8,,,"8",,"8",,"8",,"8",,"8",,"8",,"8",,"8",,"8",,"8",,"8",,"8",,"8",,"8",,"8",,"8",,"8",,"8",R,"01",,,"9",,"8"
"350200575",TARNÓW,"2025","12","09",12.2,,6.0,,9.0,,3.6,,0.0,,W,,"9",,"9",,"9",,"8",,"8",,"8",,"8",,"8",,"8",,"8",,"8",,"8",,"8",,"8",,"8",,"8",,"8",,"8",,"8",,"8",,"8",R,,"9",,"9",,"8"
"350200575",TARNÓW,"2025","12","10",12.4,,6.2,,8.2,,1.9,,0.3,,W,,"9",,"9",2.6,,,"8",,"8",,"8",,"8",,"8",,"8",,"8",,"8",,"8",,"8",,"8",,"8",,"8",,"8",,"8",,"8",,"8",,"8",R,,"9",,"9",,"8"
"350200575",TARNÓW,"2025","12","11",8.6,,2.9,,6.5,,-1.8,,0.8,,W,,"9",,"9",,"9",,"8",,"8",,"8",,"8",,"8",,"8",,"8",,"8",,"8",,"8",,"8",,"8",,"8",,"8",,"8",,"8",,"8",,"8",R,,"9",,"9",,"8"
"350200575",TARNÓW,"2025","12","12",7.6,,4.7,,6.3,,2.6,,,"9",,,"8",,"8",1.0,,,"8",,"8",,"8",,"8",,"8",,"8",,"8",,"8",,"8",,"8",,"8",,"8",,"8",,"8",,"8",,"8",,"8",,"8",R,,"9",,"9",,"8"
"350200575",TARNÓW,"2025","12","13",8.1,,0.0,,3.8,,-3.8,,0.1,,W,,"8",,"8",6.7,,,"8",,"8",,"8",,"8",,"8",,"8",,"8",,"8",,"8",,"8",,"8",,"8",,"8",,"8",,"8",,"8",,"8",,"8",R,"01",,,"9",,"8"
"350200575",TARNÓW,"2025","12","14",5.9,,2.3,,3.4,,-1.5,,0.0,,W,,"8",,"8",0.9,,,"8",,"8",,"8",,"8",,"8",,"8",,"8",,"8",,"8",,"8",,"8",,"8",,"8",,"8",,"8",,"8",,"8",,"8",R,,"9",,"9",,"8"
"350200575",TARNÓW,"2025","12","15",6.4,,-2.7,,0.7,,-6.7,,,"9",,,"9",,"9",5.5,,,"8",,"8",,"8",,"8",,"8",,"8",,"8",,"8",,"8",,"8",,"8",,"8",,"8",,"8",,"8",,"8",,"8",,"8",Z,"01",,,"9",,"8"
"350200575",TARNÓW,"2025","12","16",5.9,,-3.3,,1.4,,-7.3,,,"9",,,"9",,"9",3.7,,,"8",,"8",,"8",,"8",,"8",,"8",,"8",,"8",,"8",,"8",,"8",,"8",,"8",,"8",,"8",,"8",,"8",,"8",Z,"01",,,"9",,"8"
"350200575",TARNÓW,"2025","12","17",10.5,,-1.3,,5.0,,-4.2,,,"9",,,"9",,"9",1.9,,,"8",,"8",,"8",,"8",,"8",,"8",,"8",,"8",,"8",,"8",,"8",,"8",,"8",,"8",,"8",,"8",,"8",,"8",Z,"01",,,"9",,"8"
"350200575",TARNÓW,"2025","12","18",7.7,,0.7,,4.0,,-3.6,,,"9",,,"9",,"9",2.8,,,"8",,"8",,"8",,"8",,"8",,"8",,"8",,"8",,"8",,"8",,"8",,"8",,"8",,"8",,"8",,"8",,"8",,"8",R,,"9",,"9",,"8"
"350200575",TARNÓW,"2025","12","19",10.5,,0.8,,4.6,,-4.9,,0.0,,W,,"9",,"9",6.8,,,"8",,"8",,"8",,"8",,"8",,"8",,"8",,"8",,"8",,"8",,"8",,"8",,"8",,"8",,"8",,"8",,"8",,"8",R,,"9",,"9",,"8"
"350200575",TARNÓW,"2025","12","20",4.1,,-1.2,,0.3,,-4.7,,0.1,,W,,"8",,"8",,"9",,"8",,"8",,"8",,"8",,"8",,"8",,"8",,"8",,"8",,"8",,"8",,"8",,"8",,"8",,"8",,"8",,"8",,"8",R,"01",,,"9",,"8"
"350200575",TARNÓW,"2025","12","21",4.8,,0.7,,3.4,,1.0,,0.2,,W,,"8",,"8",,"9",,"8",,"8",,"8",,"8",,"8",,"8",,"8",,"8",,"8",,"8",,"8",,"8",,"8",,"8",,"8",,"8",,"8",,"8",R,,"9",,"9",,"8"
"350200575",TARNÓW,"2025","12","22",3.8,,2.5,,3.0,,2.5,,,"9",,,"8",,"8",,"9",,"8",,"8",,"8",,"8",,"8",,"8",,"8",,"8",,"8",,"8",,"8",,"8",,"8",,"8",,"8",,"8",,"8",,"8",R,,"9",,"9",,"8"
"350200575",TARNÓW,"2025","12","23",2.9,,0.2,,0.9,,0.0,,0.1,,W,,"8",,"8",,"9",,"8",,"8",,"8",,"8",,"8",,"8",,"8",,"8",,"8",,"8",,"8",,"8",,"8",,"8",,"8",,"8",,"8",,"8",R,,"9",,"9",,"8"
"350200575",TARNÓW,"2025","12","24",0.9,,-4.4,,-2.2,,-4.3,,0.0,,W,,"8",,"8",,"9",,"8",,"8",,"8",,"8",,"8",,"8",,"8",,"8",,"8",,"8",,"8",,"8",,"8",,"8",,"8",,"8",,"8",,"8",R,"01",,,"9",,"8"
"350200575",TARNÓW,"2025","12","25",-4.0,,-5.9,,-4.7,,-5.6,,,"9",,,"8",,"8",,"9",,"8",,"8",,"8",,"8",,"8",,"8",,"8",,"8",,"8",,"8",,"8",,"8",,"8",,"8",,"8",,"8",,"8",,"8",R,"01",,,"9",,"8"
"350200575",TARNÓW,"2025","12","26",-0.6,,-5.1,,-2.9,,-5.2,,0.3,,W,,"8",,"8",,"9",,"8",,"8",,"8",,"8",,"8",,"8",,"8",,"8",,"8",,"8",,"8",,"8",,"8",,"8",,"8",,"8",,"8",,"8",R,"01",,,"9",,"8"
"350200575",TARNÓW,"2025","12","27",2.0,,-2.2,,-0.9,,-2.6,,0.0,,W,,"8",,"8",,"9",,"8",,"8",,"8",,"8",,"8",,"8",,"8",,"8",,"8",,"8",,"8",,"8",,"8",,"8",,"8",,"8",,"8",,"8",R,"01",,,"9",,"8"
"350200575",TARNÓW,"2025","12","28",2.0,,-0.3,,0.7,,-0.6,,0.0,,W,,"8",,"8",,"9",,"8",,"8",,"8",,"8",,"8",,"8",,"8",,"8",,"8",,"8",,"8",,"8",,"8",,"8",,"8",,"8",,"8",,"8",R,"01",,,"9",,"8"
"350200575",TARNÓW,"2025","12","29",0.7,,-2.4,,-0.4,,-4.1,,0.5,,S,0,,,"9",,"9",,"8",,"8",,"8",,"8",,"8",,"8",,"8",,"8",,"8",,"8",,"8",,"8",,"8",,"8",,"8",,"8",,"8",,"8",Z,"01",,,"9",,"8"
"350200575",TARNÓW,"2025","12","30",0.5,,-2.4,,-1.4,,-3.8,,0.0,,S,1,,,"9",1.7,,,"8",,"8",,"8",,"8",,"8",,"8",,"8",,"8",,"8",,"8",,"8",,"8",,"8",,"8",,"8",,"8",1,,,"8",Z,"01",,,"9",,"8"
"350200575",TARNÓW,"2025","12","31",-1.4,,-3.8,,-2.7,,-4.1,,0.0,,S,1,,,"9",0.9,,,"8",,"8",,"8",,"8",,"8",,"8",,"8",,"8",,"8",,"8",,"8",,"8",,"8",,"8",,"8",,"8",1,,,"8",Z,"01",,,"9",,"8"
