rns,rns80,mrt,mrt80,smsa,smsa80,med,iq,kww,year,age,age80,s,s80,expr,expr80,tenure,tenure80,lw,lw80,_Iyear_67,_Iyear_68,_Iyear_69,_Iyear_70,_Iyear_71,_Iyear_73
0,0,0,1,1,1,8,93,35,68,19,31,12,12,.46200001,10.635,0,2,5.9000001,6.645,0,1,0,0,0,0
0,0,0,1,1,1,14,119,41,66,23,37,16,18,0,11.367,2,16,5.4380002,6.6939998,0,0,0,0,0,0
0,0,0,1,1,1,14,108,46,67,20,33,14,14,.42300001,11.035,1,9,5.71,6.7150002,1,0,0,0,0,0
0,0,0,1,1,1,12,96,32,66,18,32,12,12,.333,13.089,1,7,5.4809999,6.4770002,0,0,0,0,0,0
0,0,1,1,1,1,6,74,27,73,26,34,9,11,9.0129995,14.402,3,5,5.927,6.3319998,0,0,0,0,0,1
0,0,0,0,1,1,8,91,24,66,16,30,9,10,.333,13.426,1,0,4.8039999,6.3969998,0,0,0,0,0,0
0,0,1,1,1,1,8,114,50,73,30,38,18,18,1.205,7.5549998,6,14,6.5120001,6.9860001,0,0,0,0,0,1
0,0,1,1,0,0,14,111,37,67,23,36,15,15,1.25,12.62,1,1,5.8080001,7.0510001,1,0,0,0,0,0
0,0,1,1,1,1,12,95,44,66,22,36,12,12,2.0480001,15.872,2,16,5.737,6.908,0,0,0,0,0,0
0,0,1,1,0,0,13,132,44,73,30,38,18,18,1.372,8.3190002,5,13,6.382,6.835,0,0,0,0,0,1
0,0,1,1,0,0,16,102,45,69,22,33,14,14,0,9.2980003,1,11,5.743,6.8260002,0,0,1,0,0,0
0,0,0,0,0,0,12,125,40,70,20,30,14,15,.36500001,4.1129999,1,3,6.2150002,6.802,0,0,0,1,0,0
0,0,0,1,1,1,10,119,24,73,20,28,16,16,.69,7.4699998,0,2,5.257,7.184,0,0,0,0,0,1
0,0,1,1,1,1,12,118,47,73,26,34,16,16,2.3889999,9.3120003,0,9,6.6199999,7.4910002,0,0,0,0,0,1
0,0,1,1,1,1,6,105,37,66,21,35,10,10,4.3779998,17.039,2,2,5.7140002,6.8649998,0,0,0,0,0,0
0,0,0,1,1,1,12,109,39,66,22,36,12,15,0,5.9000001,2,9,5.5949998,7.2150002,0,0,0,0,0,0
0,0,1,1,1,1,10,72,36,71,29,38,11,11,8.7869997,19.231001,1,10,5.8080001,6.7449999,0,0,0,0,1,0
0,0,0,1,1,1,12,105,29,73,21,29,12,14,0,3.9260001,0,7,5.9000001,6.7220001,0,0,0,0,0,1
0,0,0,1,1,1,8,101,34,67,18,31,11,12,.37799999,12.585,1,7,5.2979999,6.1550002,1,0,0,0,0,0
0,0,0,1,1,1,12,123,37,70,21,31,12,14,1.786,8.9399996,3,1,5.7839999,7.151,0,0,0,1,0,0
0,0,1,1,1,1,12,113,49,70,26,36,16,16,.47,10.361,7,4,6.2249999,7.3870001,0,0,0,1,0,0
0,0,0,1,1,1,10,95,36,66,24,38,12,12,.29499999,13.708,1,3,5.743,6.7719998,0,0,0,0,0,0
0,0,1,1,0,1,12,145,50,71,29,38,16,16,8.3409996,17.257999,4,8,6.869,7.6669998,0,0,0,0,1,0
0,0,0,1,1,1,11,114,35,69,21,32,16,16,1,11.677,1,7,6.1220002,6.9590001,0,0,1,0,0,0
0,0,0,1,1,1,16,124,32,73,21,29,16,16,1.447,8.3870001,2,9,6.2399998,7.3790002,0,0,0,0,0,1
0,0,1,1,1,1,12,93,40,66,21,35,12,13,2.378,15.522,2,5,5.1529999,7.0799999,0,0,0,0,0,0
1,1,1,1,1,1,8,115,39,73,27,35,18,18,4.4499998,11.364,0,1,6.5689998,6.6849999,0,0,0,0,0,1
0,0,1,1,1,1,13,125,41,73,26,34,17,17,2.358,9.3760004,6,4,6.3579998,7.256,0,0,0,0,0,1
0,0,0,0,1,1,16,128,35,73,28,36,18,18,.89700001,7.8010001,5,13,6.1360002,6.454,0,0,0,0,0,1
0,0,1,1,1,1,8,103,40,71,25,34,12,12,6.7680001,16.629,1,2,5.927,6.908,0,0,0,0,1,0
0,0,0,1,1,1,12,98,41,66,21,35,14,14,2.378,15.107,3,4,6.2150002,7.2610002,0,0,0,0,0,0
0,1,0,1,1,1,12,108,41,66,18,32,13,13,0,12.306,1,2,5.5209999,7.8889999,0,0,0,0,0,0
0,0,0,1,0,0,18,129,40,69,27,38,18,18,0,8.0629997,1,12,6.0159998,6.5019999,0,0,1,0,0,0
0,0,1,1,1,1,17,132,42,73,24,32,16,17,1.475,8.3959999,2,9,6.3579998,7.4840002,0,0,0,0,0,1
0,0,0,1,1,1,8,92,24,68,19,31,13,13,0,8.5539999,2,10,5.5209999,6.6620002,0,1,0,0,0,0
0,0,1,1,1,1,15,106,35,69,20,31,13,13,0,10.813,1,12,6.1479998,7.1500001,0,0,1,0,0,0
0,0,1,1,1,1,13,105,37,73,21,29,16,16,2.2690001,8.6960001,0,2,5.8579998,6.5710001,0,0,0,0,0,1
0,0,1,1,1,0,12,123,46,69,25,36,17,18,0,10.906,3,7,6.3239999,6.9860001,0,0,1,0,0,0
0,0,1,1,1,1,8,108,48,66,24,38,12,12,6.3330002,20.598,2,11,5.7529998,6.54,0,0,0,0,0,0
0,0,0,1,1,1,12,122,47,70,23,33,16,17,.47,10.353,1,9,6.2360001,7.184,0,0,0,1,0,0
0,0,1,1,1,1,12,109,44,66,24,38,12,12,1.712,15.659,1,4,5.9910002,7.1220002,0,0,0,0,0,0
0,0,1,1,1,1,10,100,40,68,26,38,12,13,0,11.693,3,15,5.6279998,6.934,0,1,0,0,0,0
0,0,1,1,1,1,14,125,50,69,23,34,18,18,.79500002,11.793,1,12,6.0910001,7.4660001,0,0,1,0,0,0
0,0,0,0,1,1,12,122,41,73,27,35,14,14,1.869,8.8249998,7,15,6.1090002,6.8889999,0,0,0,0,0,1
0,0,1,1,1,1,12,105,34,71,21,30,16,17,0,7.415,2,11,5.4419999,6.6459999,0,0,0,0,1,0
0,0,0,1,1,1,12,94,37,69,22,33,16,16,.42300001,11.232,1,5,5.553,7.0510001,0,0,1,0,0,0
0,0,1,1,1,1,12,102,36,66,20,34,12,12,2.1670001,16.011,3,5,5.6170001,7.052,0,0,0,0,0,0
0,0,0,1,1,1,12,109,47,73,30,38,12,13,6.533,13.526,4,12,6.1760001,6.6939998,0,0,0,0,0,1
0,0,1,1,1,1,12,105,45,66,24,38,12,12,8.1009998,22.045,2,14,5.704,7.0029998,0,0,0,0,0,0
1,1,1,1,1,1,12,134,46,71,28,37,18,18,.90600002,9.7539997,1,10,5.5450001,7.0510001,0,0,0,0,1,0
0,0,0,0,1,1,12,108,32,68,17,29,12,12,.92299998,13.022,0,9,5.3839998,7.467,0,1,0,0,0,0
0,0,1,1,1,1,12,104,36,73,22,30,16,16,2.4419999,11.273,1,8,5.8889999,6.908,0,0,0,0,0,1
0,0,1,1,1,1,12,112,35,69,18,29,12,12,.46200001,10.786,1,1,5.165,6.1350002,0,0,1,0,0,0
0,0,0,0,1,1,11,120,49,71,23,32,18,18,0,7.9380002,3,12,5.6279998,6.645,0,0,0,0,1,0
0,0,0,0,1,0,17,124,40,71,22,31,16,16,1.189,8.7980003,1,3,5.3379998,6.7740002,0,0,0,0,1,0
1,0,0,1,1,1,12,103,34,68,17,29,12,12,.46200001,12.119,1,7,5.3080001,7.2259998,0,1,0,0,0,0
0,0,0,1,1,1,12,115,45,73,22,30,16,17,0,1,0,7,5.7459998,7.2810001,0,0,0,0,0,1
0,0,1,1,1,1,6,96,33,66,21,35,12,12,3.3329999,17.131001,1,12,5.572,6.6849999,0,0,0,0,0,0
0,0,1,1,1,1,12,123,48,70,26,36,17,17,.884,10.081,4,7,5.6240001,7.4660001,0,0,0,1,0,0
0,0,0,1,1,1,12,98,34,68,17,29,12,12,.37799999,12.286,3,12,5.165,7.0479999,0,1,0,0,0,0
0,0,1,1,1,1,12,96,34,66,21,35,12,12,4.3330002,18.403,1,13,5.6350002,6.7329998,0,0,0,0,0,0
0,0,1,1,1,1,12,89,47,67,25,38,12,12,5,16.551001,5,2,5.8579998,6.8850002,1,0,0,0,0,0
0,0,0,0,1,1,9,93,20,70,18,28,12,12,.37400001,10.248,1,10,5.2360001,6.428,0,0,0,1,0,0
0,0,0,1,1,1,12,82,32,66,19,33,12,12,1.916,12.292,1,0,5.5209999,6.0910001,0,0,0,0,0,0
0,0,1,1,1,0,12,120,45,69,27,38,15,15,1.378,11.621,2,1,6.5510001,6.3969998,0,0,1,0,0,0
0,0,1,1,1,1,12,122,38,71,23,32,12,12,5.3239999,15.332,6,15,6.0640001,7.2199998,0,0,0,0,1,0
0,0,1,1,1,1,12,117,48,73,25,33,18,18,1.467,8.3260002,2,2,6.7290001,7.4039998,0,0,0,0,0,1
0,0,1,1,1,1,8,109,44,73,28,36,16,16,1.619,8.4820004,5,13,6.3889999,7.283,0,0,0,0,0,1
1,0,1,1,1,1,12,114,55,69,27,38,17,18,1.462,12.393,1,7,6.3579998,7.7449999,0,0,1,0,0,0
0,0,1,1,1,1,12,126,40,70,21,31,16,16,.55199999,10.467,1,11,6.2249999,7.428,0,0,0,1,0,0
0,0,0,1,1,1,11,82,45,68,21,33,12,12,0,10.209,3,2,5.2979999,7.119,0,1,0,0,0,0
0,0,0,1,1,1,12,119,45,69,21,32,16,16,.94199997,11.326,1,4,5.9660001,6.7509999,0,0,1,0,0,0
0,0,1,1,1,1,12,104,37,68,23,35,16,16,0,5.6560001,1,8,5.8969998,6.9770002,0,1,0,0,0,0
0,0,1,1,1,1,12,97,45,66,22,36,12,12,3.461,17.334,1,15,5.5830002,6.908,0,0,0,0,0,0
0,0,0,1,1,0,14,105,27,71,22,31,14,15,.221,8.1059999,1,2,5.5209999,6.5149999,0,0,0,0,1,0
0,0,0,1,1,1,7,100,32,68,18,30,12,12,2.25,13.572,1,1,5.7620001,7.0029998,0,1,0,0,0,0
0,0,1,1,1,1,12,114,41,67,18,31,12,12,0,4.789,1,14,5.3709998,6.9039998,1,0,0,0,0,0
0,0,1,1,1,1,8,96,48,66,23,37,11,11,1.5829999,15.228,2,3,5.743,7.0900002,0,0,0,0,0,0
0,0,0,0,1,1,12,113,30,73,21,29,15,15,2.6819999,9.3269997,1,8,6.3579998,7.4349999,0,0,0,0,0,1
0,1,0,1,1,1,14,106,38,66,22,36,10,10,3.3329999,14.544,1,3,5.4809999,6.5310001,0,0,0,0,0,0
0,0,1,1,1,1,8,104,37,69,21,32,13,13,.12800001,9.0500002,4,5,5.743,6.625,0,0,1,0,0,0
0,0,0,1,1,1,12,104,30,73,22,30,12,13,0,3.8099999,0,2,6.1090002,6.724,0,0,0,0,0,1
0,0,0,1,1,0,16,122,36,70,20,30,12,13,.38100001,8.2220001,1,1,5.2979999,6.362,0,0,0,1,0,0
0,0,0,1,1,1,12,96,38,66,20,34,12,12,0,13.431,3,3,5.4159999,6.5100002,0,0,0,0,0,0
0,0,0,1,1,1,16,95,51,69,25,36,15,15,2.3080001,12.411,0,9,5.8460002,7.8239999,0,0,1,0,0,0
0,0,0,0,1,1,16,105,24,69,20,31,12,12,0,4.8610001,1,8,5.823,6.9809999,0,0,1,0,0,0
0,0,1,1,1,1,12,91,41,73,25,33,17,17,1.178,8.1899996,2,9,6.6849999,7.0780001,0,0,0,0,0,1
0,0,1,1,1,1,12,96,37,71,22,31,16,16,.75300002,9.3719997,1,7,5.421,6.7249999,0,0,0,0,1,0
0,0,0,1,1,1,9,111,44,68,19,31,14,15,.37799999,12.305,1,9,5.3709998,7.0229998,0,1,0,0,0,0
0,0,0,1,1,1,9,110,35,68,19,31,14,16,0,1,1,11,5.5209999,6.763,0,1,0,0,0,0
0,0,0,1,1,1,9,97,37,73,21,29,16,16,4.533,10.114,0,7,5.9910002,6.6939998,0,0,0,0,0,1
0,0,0,0,1,1,8,125,44,73,27,35,17,18,0,6.3930001,4,12,6.6090002,7.1690001,0,0,0,0,0,1
0,0,0,1,0,1,9,91,39,66,22,36,12,12,0,6.3340001,3,12,5.73,6.8060002,0,0,0,0,0,0
0,0,0,1,0,1,8,86,28,66,23,37,11,12,3.2590001,17.191,1,15,5.6999998,6.802,0,0,0,0,0,0
0,0,1,1,1,1,9,110,32,66,21,35,12,12,3.3329999,17.587999,2,0,5.5050001,6.4380002,0,0,0,0,0,0
0,1,1,1,0,1,12,92,47,66,22,36,14,14,2.3329999,15.777,1,1,5.5570002,7.369,0,0,0,0,0,0
0,0,1,1,0,1,9,85,41,66,24,38,10,10,1.378,15.302,2,16,5.3709998,6.869,0,0,0,0,0,0
0,0,1,1,0,1,8,120,36,73,26,34,17,17,.35800001,7.336,1,8,6.4380002,7.3390002,0,0,0,0,0,1
0,0,1,1,1,0,12,106,42,73,25,33,12,12,6.8860002,11.427,0,6,6.3099999,7.0120001,0,0,0,0,0,1
0,1,0,0,0,1,12,112,41,70,21,31,16,16,.236,6.323,1,6,5.73,7.1560001,0,0,0,1,0,0
0,0,1,1,1,1,10,91,39,66,24,38,10,12,0,12.581,1,2,6.1529999,6.6469998,0,0,0,0,0,0
0,0,1,1,1,1,10,90,42,66,24,38,12,12,2.645,16.18,3,0,5.9910002,6.908,0,0,0,0,0,0
0,0,0,1,0,0,12,113,27,68,17,29,12,12,.096000001,10.679,1,10,5.0749998,6.6199999,0,1,0,0,0,0
0,0,1,1,1,1,12,111,51,66,24,38,12,13,0,5.0370002,2,16,5.823,6.4829998,0,0,0,0,0,0
0,0,0,1,1,1,12,111,30,67,20,33,12,12,2.378,15.302,1,3,5.198,6.3990002,1,0,0,0,0,0
0,0,0,1,1,1,8,106,32,70,18,28,12,13,.45199999,10.283,1,11,5.0110002,6.3969998,0,0,0,1,0,0
0,0,0,0,0,1,12,98,28,68,18,30,12,12,.23100001,11.442,1,10,5.165,6.0710001,0,1,0,0,0,0
0,0,0,1,0,1,12,105,28,68,18,30,12,12,0,11.144,1,7,5.4970002,7.0799999,0,1,0,0,0,0
0,0,1,1,0,0,10,105,29,66,19,33,10,12,.97799999,14.935,1,15,5.6020002,6.4530001,0,0,0,0,0,0
0,0,1,1,1,1,12,118,44,70,22,32,13,13,0,9.3579998,4,14,6.1820002,7.1110001,0,0,0,1,0,0
0,0,1,1,1,1,12,90,38,66,22,36,12,12,4.6669998,18.615,5,19,5.8169999,7.0479999,0,0,0,0,0,0
0,0,0,0,1,1,9,95,34,67,19,32,12,12,.98100001,14.531,3,11,5.0560002,6.763,1,0,0,0,0,0
0,0,1,1,1,1,12,112,24,71,20,29,13,14,.41100001,9.2969999,3,5,6.059,6.9380002,0,0,0,0,1,0
0,0,1,1,1,1,12,120,39,71,23,32,12,12,.403,9.3140001,2,11,5.9910002,6.9559999,0,0,0,0,1,0
0,0,0,1,1,1,12,123,41,68,17,29,12,12,.37799999,11.754,1,1,5.165,6.908,0,1,0,0,0,0
0,0,0,1,1,1,16,103,32,70,20,30,12,13,.78200001,10.236,1,11,6.059,7.0079999,0,0,0,1,0,0
0,0,1,1,1,1,16,121,40,70,25,35,18,18,.89600003,10.749,1,7,6.4380002,7.5619998,0,0,0,1,0,0
0,0,1,1,1,1,12,90,44,68,26,38,16,16,0,9.1520004,4,16,6.0679998,7.2049999,0,1,0,0,0,0
0,0,0,1,1,1,12,125,32,71,20,29,12,12,2.652,11.478,1,10,5.5609999,6.6960001,0,0,0,0,1,0
0,0,0,1,1,1,9,109,34,73,24,32,18,18,3.1860001,10.108,0,3,6.3239999,7.3099999,0,0,0,0,0,1
1,0,0,0,1,0,10,128,46,68,21,33,16,16,.40400001,9.9840002,1,1,6.0749998,7.2049999,0,1,0,0,0,0
0,0,0,1,1,1,12,97,35,66,17,31,12,12,.333,9.8719997,1,4,5.8200002,7.0900002,0,0,0,0,0,0
0,1,1,1,1,1,12,96,35,66,19,33,12,12,0,6.1799998,1,0,5.2979999,6.2150002,0,0,0,0,0,0
0,0,0,1,1,1,12,97,44,68,16,28,12,12,.76899999,11.797,1,5,5.3660002,7.1890001,0,1,0,0,0,0
0,0,1,1,1,1,7,112,39,71,25,34,12,12,4.9850001,14.981,1,3,6.3330002,6.6849999,0,0,0,0,1,0
0,0,1,1,1,1,2,88,32,66,24,38,12,12,4,16.362,1,7,5.257,6.6849999,0,0,0,0,0,0
0,0,1,1,1,1,14,97,39,66,22,36,12,12,1.142,15.197,2,16,5.8579998,6.941,0,0,0,0,0,0
0,0,1,1,1,1,6,101,41,66,22,36,12,12,0,3.908,2,12,5.5209999,6.888,0,0,0,0,0,0
0,0,1,1,1,1,7,106,42,67,21,34,10,10,5.3330002,18.660999,1,12,5.4380002,6.7839999,1,0,0,0,0,0
0,0,0,0,1,1,8,59,28,73,26,34,10,10,6.3210001,10.765,0,5,5.2979999,6.1739998,0,0,0,0,0,1
0,0,1,1,1,1,12,105,54,73,26,34,18,18,.37200001,7.2729998,6,14,6.2340002,6.8280001,0,0,0,0,0,1
0,0,0,0,1,1,12,119,30,70,21,31,16,17,0,8.0100002,1,5,5.5650001,6.2399998,0,0,0,1,0,0
0,0,0,0,1,1,8,93,36,67,24,37,11,11,4.4029999,17.226,3,16,5.6170001,7.0079999,1,0,0,0,0,0
0,1,1,1,1,1,12,82,38,66,22,36,12,12,4.717,18.587,5,10,5.5609999,7.0840001,0,0,0,0,0,0
0,0,0,1,1,1,16,134,45,71,25,34,18,18,0,6.3039999,1,7,6.0710001,7.927,0,0,0,0,1,0
0,0,0,1,1,1,8,84,29,70,20,30,12,12,.39500001,9.3500004,1,6,6.2150002,6.658,0,0,0,1,0,0
0,0,0,1,1,1,12,98,36,69,20,31,11,11,2.9619999,12.667,3,6,5.704,6.8559999,0,0,1,0,0,0
0,0,0,1,1,0,13,118,41,73,22,30,16,16,4.0570002,10.942,1,8,5.6560001,7.2399998,0,0,0,0,0,1
0,0,1,1,1,1,12,113,50,73,25,33,17,17,3.7119999,12.719,2,9,5.8379998,7.3099999,0,0,0,0,0,1
0,0,0,1,1,1,9,100,18,70,18,28,12,12,1.308,4.461,1,3,5.2979999,6.4770002,0,0,0,1,0,0
0,0,0,1,1,1,12,93,27,69,18,29,12,13,0,8.6160002,2,5,5.4889998,6.507,0,0,1,0,0,0
1,0,1,1,1,1,12,119,30,71,23,32,16,16,0,5.0149999,1,8,6.0279999,7.026,0,0,0,0,1,0
0,0,0,1,1,1,12,106,38,70,22,32,14,15,.389,8.4630003,2,0,5.5209999,7.7849998,0,0,0,1,0,0
0,0,0,0,1,1,10,127,49,73,28,36,17,18,2.378,9.3739996,6,14,6.763,7.5489998,0,0,0,0,0,1
0,0,0,1,1,1,12,113,35,68,21,33,15,16,.73100001,10.046,1,9,6.2150002,6.6300001,0,1,0,0,0,0
0,0,0,1,1,1,12,115,36,70,19,29,13,14,.39500001,9.0740004,1,1,5.8379998,7.131,0,0,0,1,0,0
0,0,0,1,1,1,12,102,40,73,23,31,16,16,1.005,7.8189998,3,11,6.2969999,7.0580001,0,0,0,0,0,1
0,0,1,1,1,0,12,117,51,69,21,32,16,16,.46200001,11.395,1,12,6.125,7.0029998,0,0,1,0,0,0
0,0,0,1,1,1,10,125,34,73,20,28,16,16,.205,6.7940001,0,5,5.6350002,6.5710001,0,0,0,0,0,1
0,0,1,1,1,0,8,118,47,66,23,37,16,16,2.1670001,16.1,3,17,5.8379998,7.184,0,0,0,0,0,0
0,0,1,1,1,1,12,121,40,71,29,38,18,18,4.9710002,13.965,1,3,6.645,7.2519999,0,0,0,0,1,0
0,0,1,1,1,1,12,115,51,68,26,38,17,17,0,3.895,4,4,6.3579998,7.6789999,0,1,0,0,0,0
0,0,1,1,1,0,12,120,44,71,27,36,13,14,2.4619999,11.246,7,16,6.2800002,7.1490002,0,0,0,0,1,0
0,0,1,1,1,1,11,109,43,69,24,35,12,12,5.131,16.139,4,15,5.869,7.039,0,0,1,0,0,0
0,0,0,0,1,1,12,109,28,67,17,30,12,13,0,7.0300002,1,4,5.165,6.3590002,1,0,0,0,0,0
0,0,1,1,0,0,12,85,50,71,29,38,12,12,10.077,17.429001,2,8,6.1199999,6.9640002,0,0,0,0,1,0
0,0,0,1,1,1,11,106,32,73,21,29,14,14,1.538,8.5209999,2,9,5.6729999,6.6199999,0,0,0,0,0,1
0,0,1,1,1,1,10,101,30,67,17,30,12,12,.37799999,11.381,1,6,5.0110002,6.908,1,0,0,0,0,0
0,0,0,1,1,1,12,116,40,67,17,30,12,12,0,9.1289997,1,7,5.5289998,6.8579998,1,0,0,0,0,0
0,0,0,1,1,1,7,91,24,67,18,31,12,12,.96200001,12.937,1,2,4.9419999,6.4530001,1,0,0,0,0,0
0,0,0,1,1,1,11,91,28,66,20,34,12,12,.333,12.52,3,1,4.9130001,7.131,0,0,0,0,0,0
0,0,0,1,1,1,7,110,34,66,20,34,9,12,0,6.0900002,1,15,5.4159999,6.5149999,0,0,0,0,0,0
0,0,1,1,1,1,7,75,33,73,24,32,12,12,6.6999998,11.292,0,6,5.165,5.9910002,0,0,0,0,0,1
0,0,0,1,1,1,12,94,17,71,20,29,12,12,.96399999,8.6300001,1,8,5.0749998,6.3579998,0,0,0,0,1,0
1,0,0,1,1,0,12,109,27,71,20,29,13,13,1.584,10.494,1,7,6.0209999,6.3800001,0,0,0,0,1,0
0,0,1,1,0,0,8,122,38,71,22,31,16,16,.87400001,9.8070002,1,10,5.7069998,6.8280001,0,0,0,0,1,0
0,0,0,0,1,1,11,102,26,71,23,32,12,12,0,5.5489998,2,2,5.2979999,7.131,0,0,0,0,1,0
0,0,1,1,1,1,8,122,38,70,23,33,14,14,2.6889999,10.525,1,8,5.5830002,7.0029998,0,0,0,1,0,0
0,0,1,1,1,1,10,105,38,66,23,37,12,12,4.3779998,17.746,2,2,5.5869999,7.0300002,0,0,0,0,0,0
0,0,0,0,1,1,9,113,37,66,22,36,12,12,2,14.135,2,4,5.493,6.48,0,0,0,0,0,0
0,0,1,1,1,1,8,104,34,73,22,30,12,12,3.9319999,6.3109999,0,2,5.8720002,6.427,0,0,0,0,0,1
0,0,1,1,1,1,9,124,43,73,26,34,16,16,.377,7.3099999,6,14,6.1760001,6.869,0,0,0,0,0,1
0,0,0,1,0,0,12,110,31,67,19,32,12,13,1.2180001,13.8,1,11,5.1929998,6.2709999,1,0,0,0,0,0
0,0,0,1,1,0,12,95,37,66,19,33,12,12,1.8329999,15.664,1,14,5.5209999,6.7059999,0,0,0,0,0,0
0,0,1,1,0,0,18,120,39,73,24,32,16,16,1.4220001,8.4429998,2,9,6.125,6.869,0,0,0,0,0,1
0,0,0,1,0,0,12,105,39,66,24,38,12,12,4.9640002,18.979,1,15,5.263,6.7329998,0,0,0,0,0,0
0,0,0,1,0,0,12,121,30,73,20,28,16,16,.48199999,6.7249999,0,4,5.8889999,6.7639999,0,0,0,0,0,1
0,0,1,1,1,1,8,96,42,70,26,36,12,14,0,1,7,1,6.586,7.7849998,0,0,0,1,0,0
0,0,0,1,0,1,9,110,26,66,18,32,12,12,2.1359999,15.979,1,2,5.5289998,7.026,0,0,0,0,0,0
0,0,0,1,0,0,12,92,32,67,18,31,12,12,0,8.1049995,1,8,5.165,7.0560002,1,0,0,0,0,0
0,0,1,1,1,1,9,98,34,71,29,38,12,12,7.9910002,14.617,4,5,6.0710001,6.5830002,0,0,0,0,1,0
0,0,1,1,1,1,11,109,43,67,23,36,15,16,.84600002,14.105,1,13,5.7589998,7.4829998,1,0,0,0,0,0
0,0,0,1,1,0,11,118,44,67,23,36,17,18,.331,13.309,1,5,5.9990001,7.5510001,1,0,0,0,0,0
0,0,1,1,1,1,14,97,42,69,23,34,16,18,0,7.276,3,14,5.8720002,6.9180002,0,0,1,0,0,0
0,0,1,1,1,1,16,95,42,71,28,37,17,17,0,5.323,2,11,6.0910001,6.8779998,0,0,0,0,1,0
0,0,1,1,1,1,10,99,40,73,26,34,12,12,1.8660001,8.6949997,3,2,6.1760001,6.263,0,0,0,0,0,1
0,0,1,1,0,0,10,106,31,68,18,30,12,12,.37799999,12.011,1,13,5.5409999,6.263,0,1,0,0,0,0
0,0,0,1,1,0,12,117,33,68,18,30,12,12,.96200001,9.6890001,1,3,5.46,6.507,0,1,0,0,0,0
0,0,1,1,0,0,12,90,47,66,23,37,12,12,6.3779998,18.555,7,4,5.5209999,6.2150002,0,0,0,0,0,0
0,0,0,1,1,1,12,95,44,66,21,35,12,12,4.5,18.488001,1,15,5.2090001,6.3099999,0,0,0,0,0,0
0,0,0,1,1,1,12,115,43,66,18,32,12,12,1.3329999,14.158,1,1,5.4549999,6.2150002,0,0,0,0,0,0
0,0,0,0,1,1,12,106,40,71,22,31,14,15,1.503,10.458,5,5,5.6350002,6.5890002,0,0,0,0,1,0
0,0,0,1,0,0,8,114,26,68,18,30,12,12,0,6.4580002,1,8,5.2979999,6.763,0,1,0,0,0,0
0,1,0,1,0,1,12,92,34,70,20,30,12,13,.71700001,8.4650002,2,2,5.7930002,6.9860001,0,0,0,1,0,0
0,0,1,1,0,0,13,119,36,73,23,31,16,17,1.7079999,8.665,2,9,6.3060002,7.1729999,0,0,0,0,0,1
0,0,0,1,0,0,13,85,32,70,20,30,13,13,.67799997,6.448,1,1,4.927,6.3540001,0,0,0,1,0,0
0,0,0,1,0,0,12,98,34,71,21,30,16,16,.366,7.0770001,1,1,5.8579998,6.4349999,0,0,0,0,1,0
0,0,1,1,0,0,12,114,30,73,20,28,12,13,1.4579999,8.408,3,10,5.5869999,6.244,0,0,0,0,0,1
0,0,1,1,0,1,8,84,42,66,23,37,18,18,.37799999,14.335,1,4,5.0110002,7.1490002,0,0,0,0,0,0
0,0,1,1,0,0,16,108,42,66,19,33,13,13,.333,12.519,1,9,5.1529999,6.8979998,0,0,0,0,0,0
0,0,1,1,0,0,8,107,32,67,20,33,12,12,4.0669999,15.578,1,6,5.4029999,6.3969998,1,0,0,0,0,0
0,0,1,1,0,0,16,84,35,66,24,38,12,12,3.2119999,16.964001,3,2,5.4510002,7.0560002,0,0,0,0,0,0
0,0,1,1,0,0,10,86,22,69,18,29,12,12,.37799999,11.252,2,9,5.165,6.2150002,0,0,1,0,0,0
0,0,0,1,0,0,10,88,27,66,21,35,12,12,3.378,17.268999,4,18,5.5409999,6.678,0,0,0,0,0,0
0,0,1,1,1,1,12,117,45,70,23,33,16,16,.87599999,9.8450003,1,7,6.1360002,7.131,0,0,0,1,0,0
0,0,0,0,1,1,12,110,42,73,22,30,16,16,5.7680001,12.605,2,9,6.1919999,6.9219999,0,0,0,0,0,1
0,0,1,1,1,1,9,104,32,71,24,33,12,13,4.8979998,12.602,1,3,6.6199999,7.131,0,0,0,0,1,0
0,0,0,1,1,1,9,110,26,70,19,29,13,14,0,3.918,3,13,5.6700001,6.8169999,0,0,0,1,0,0
0,0,1,1,1,1,11,99,33,73,22,30,16,16,3.1210001,8.5629997,1,8,5.9510002,7.2049999,0,0,0,0,0,1
0,0,0,1,1,1,12,117,31,70,18,28,12,14,0,7.0250001,1,1,5.6700001,7.131,0,0,0,1,0,0
0,0,1,1,0,1,8,85,39,71,23,32,16,16,0,8.3520002,1,2,5.71,6.711,0,0,0,0,1,0
0,0,1,1,0,1,11,114,36,73,21,29,16,16,4.191,9.4449997,0,7,5.8460002,6.677,0,0,0,0,0,1
0,0,1,1,0,0,12,107,30,73,21,29,15,18,0,6.2670002,5,3,5.6900001,6.2540002,0,0,0,0,0,1
0,0,1,1,1,1,12,117,41,69,26,37,18,18,.62800002,11.538,1,12,6.402,7.4559999,0,0,1,0,0,0
0,0,1,1,1,1,16,112,47,73,30,38,18,18,2.3970001,9.3479996,3,10,6.645,7.5619998,0,0,0,0,0,1
0,0,1,1,1,1,14,106,46,71,28,37,18,18,1.013,9.8129997,1,2,6.4219999,7.052,0,0,0,0,1,0
0,0,0,1,1,1,12,116,38,70,21,31,14,15,0,9.3699999,1,4,5.8460002,7.6789999,0,0,0,1,0,0
0,0,0,1,1,1,8,123,44,70,21,31,14,14,0,8.3459997,3,7,5.9530001,6.8280001,0,0,0,1,0,0
0,0,0,1,1,1,8,118,40,68,21,33,16,16,.37799999,12.388,1,13,6.0710001,7.0170002,0,1,0,0,0,0
0,0,1,1,1,1,12,103,29,69,23,34,12,12,0,9.927,1,11,6.5,7.3130002,0,0,1,0,0,0
0,0,1,1,1,1,8,114,40,66,23,37,12,14,5.3330002,19.683001,2,3,5.6490002,6.717,0,0,0,0,0,0
0,0,1,1,1,1,12,102,36,66,21,35,12,12,4.2729998,16.382999,5,8,5.0999999,6.8429999,0,0,0,0,0,0
0,0,0,1,1,1,6,104,36,66,22,36,12,12,4.7329998,18.723,1,15,5.598,6.8860002,0,0,0,0,0,0
0,0,0,0,1,1,14,112,43,66,19,33,14,14,.37799999,14.269,1,12,5.5609999,6.9380002,0,0,0,0,0,0
0,0,0,1,1,1,12,107,39,68,18,30,12,12,.34599999,9.7370005,1,1,5.6939998,7.1479998,0,1,0,0,0,0
0,1,1,1,1,1,12,117,36,71,25,34,13,14,4.9330001,15.713,3,12,5.8720002,7.0349998,0,0,0,0,1,0
0,0,1,1,1,1,12,96,42,66,19,33,12,12,0,8.4940004,2,9,5.2979999,7.1999998,0,0,0,0,0,0
0,0,0,1,1,1,8,97,27,69,18,29,12,12,.354,9.9259996,1,6,5.914,6.8410001,0,0,1,0,0,0
0,1,0,1,1,0,8,99,29,69,19,30,10,10,2.628,12.039,1,2,5.3940001,5.927,0,0,1,0,0,0
0,0,0,0,1,1,8,126,44,70,21,31,14,14,.90600002,10.284,3,1,5.7839999,6.835,0,0,0,1,0,0
0,0,0,1,1,0,12,109,49,67,25,38,17,17,.98100001,13.081,1,4,5.8860002,7.052,1,0,0,0,0,0
0,0,0,1,1,1,12,119,48,68,21,33,16,16,.057999998,12.471,0,1,4.9419999,6.4330001,0,1,0,0,0,0
0,0,1,1,1,1,12,102,38,73,21,29,16,16,3.1429999,10.031,1,1,5.8579998,6.7350001,0,0,0,0,0,1
0,0,0,0,1,1,9,105,45,66,24,38,17,18,0,7.2639999,1,15,5.3520002,6.645,0,0,0,0,0,0
0,0,0,1,1,0,12,117,40,71,20,29,16,17,0,7.908,1,5,5.6659999,6.375,0,0,0,0,1,0
0,0,0,1,1,1,12,112,40,66,24,38,16,16,3.25,17.231001,4,18,5.9349999,7.5619998,0,0,0,0,0,0
0,0,0,1,1,1,8,89,28,67,16,29,10,12,0,7.4239998,0,3,5.3569999,6.9640002,1,0,0,0,0,0
0,0,0,0,1,1,12,131,39,70,18,28,12,12,0,7.0430002,1,1,5.7589998,6.0320001,0,0,0,1,0,0
0,0,1,1,1,1,16,114,28,73,20,28,16,16,.81599998,6.4889998,0,6,6.2969999,7.092,0,0,0,0,0,1
0,0,0,1,1,1,10,98,35,66,23,37,12,14,4.7119999,17.898001,6,2,5.737,7.0510001,0,0,0,0,0,0
0,0,0,1,1,1,12,125,30,71,20,29,13,14,1.3609999,10.007,2,11,6.04,7.092,0,0,0,0,1,0
0,0,0,1,1,1,10,100,38,69,25,36,16,18,2.378,13.392,1,3,5.8379998,6.5669999,0,0,1,0,0,0
0,0,0,1,1,1,8,113,26,70,18,28,12,12,0,6.5760002,4,3,5.6170001,6.7449999,0,0,0,1,0,0
0,0,0,1,1,1,10,102,46,68,23,35,16,16,1,13.497,1,11,5.6630001,6.908,0,1,0,0,0,0
0,0,0,0,1,1,12,82,33,73,23,31,18,18,.37799999,7.302,5,8,5.4380002,6.1950002,0,0,0,0,0,1
0,0,1,1,1,1,12,112,47,66,21,35,14,14,1.575,15.393,2,4,5.652,6.908,0,0,0,0,0,0
1,1,0,1,1,1,8,111,38,73,23,31,16,16,0,10.903,0,4,5.4029999,6.763,0,0,0,0,0,1
0,0,0,1,1,1,11,96,24,69,19,30,13,13,0,2.789,1,3,5.2979999,7.2259998,0,0,1,0,0,0
0,0,0,1,1,1,16,127,48,66,23,37,16,16,1.3329999,15.609,1,12,5.6939998,7.369,0,0,0,0,0,0
0,0,0,1,1,1,8,97,47,67,24,37,14,15,1,13.989,1,14,6.2150002,7.3790002,1,0,0,0,0,0
0,1,1,1,1,1,12,120,50,69,25,36,14,14,.79500002,11.855,2,13,6.6199999,8.0319996,0,0,1,0,0,0
0,0,0,0,1,1,16,101,41,73,27,35,16,16,.39700001,7.3860002,2,9,5.9910002,6.8000002,0,0,0,0,0,1
0,0,0,1,1,1,12,120,40,66,23,37,14,14,3.3329999,15.652,2,2,5.8109999,6.809,0,0,0,0,0,0
0,0,0,0,1,1,5,110,23,66,18,32,12,12,1.3329999,15.172,3,13,5.8200002,6.0970001,0,0,0,0,0,0
0,0,0,1,1,1,5,94,35,67,17,30,9,12,0,9.2130003,1,0,4.8280001,5.665,1,0,0,0,0,0
0,0,1,1,1,1,17,120,50,70,27,37,16,16,2.2609999,12.174,5,15,6.2919998,7.2750001,0,0,0,1,0,0
0,0,1,1,1,1,8,108,45,66,22,36,12,12,5.3779998,19.374001,7,21,5.6630001,6.869,0,0,0,0,0,0
0,0,0,1,1,1,11,103,31,66,19,33,9,12,3.5829999,17.125999,1,10,5.8460002,6.98,0,0,0,0,0,0
0,0,1,1,1,1,11,106,36,67,22,35,12,12,1,13.835,6,19,6.0159998,7.131,1,0,0,0,0,0
0,0,0,0,1,1,12,119,37,73,29,37,16,16,.37799999,6.961,10,18,6.4920001,6.9569998,0,0,0,0,0,1
0,0,1,1,1,1,8,87,33,71,27,36,12,12,7.2820001,17.820999,1,9,5.8579998,6.9840002,0,0,0,0,1,0
0,0,1,1,1,1,11,121,49,68,22,34,16,17,0,11.645,1,13,5.4640002,6.4829998,0,1,0,0,0,0
0,0,0,1,1,1,12,112,33,70,20,30,12,12,0,7.6129999,1,10,5.4250002,6.6599998,0,0,0,1,0,0
0,1,1,1,1,0,12,103,36,71,27,36,12,15,0,8.4350004,7,2,6.0819998,6.9450002,0,0,0,0,1,0
0,0,1,1,1,1,16,99,48,66,23,37,16,16,1.3329999,16.238001,1,14,5.8460002,7.5619998,0,0,0,0,0,0
0,0,1,1,1,1,12,101,40,66,23,37,14,15,1.378,15.264,3,17,5.7589998,7.092,0,0,0,0,0,0
0,0,1,1,1,1,8,109,41,69,25,36,13,14,.37799999,11.318,3,14,5.7490001,6.8080001,0,0,1,0,0,0
0,0,0,1,1,1,12,73,46,68,19,31,12,12,0,6.237,1,8,5.835,6.7909999,0,1,0,0,0,0
0,1,1,1,1,0,16,116,27,70,21,31,16,16,.31099999,10.162,1,7,5.7839999,6.7059999,0,0,0,1,0,0
0,0,0,0,1,1,12,98,42,69,18,29,12,12,0,9.8620005,1,2,5.1420002,6.6999998,0,0,1,0,0,0
1,1,0,1,1,1,14,104,43,70,20,30,13,14,.32800001,5.8800001,1,2,5.2979999,6.3579998,0,0,0,1,0,0
0,0,0,1,1,1,12,78,29,68,19,31,12,14,0,9.0039997,0,2,4.9200001,6.6279998,0,1,0,0,0,0
0,0,1,1,1,1,12,85,39,66,20,34,11,12,2.128,14.03,1,1,5.2979999,7.052,0,0,0,0,0,0
0,0,0,1,1,1,12,104,25,68,17,29,12,12,.45300001,12.385,1,7,5.3800001,6.9320002,0,1,0,0,0,0
0,0,1,1,1,1,8,109,48,66,23,37,12,12,6.3779998,20.284,8,22,5.7589998,6.9089999,0,0,0,0,0,0
0,0,0,1,1,1,10,96,33,69,19,30,13,13,0,10.722,1,12,5.4809999,7.1149998,0,0,1,0,0,0
0,0,1,1,1,0,12,90,32,66,23,37,12,12,4.3330002,17.032,4,1,5.3940001,6.5710001,0,0,0,0,0,0
0,0,1,1,1,1,12,103,29,73,24,32,15,15,1.462,8.3979998,2,3,6.1529999,6.908,0,0,0,0,0,1
0,1,1,1,1,1,14,106,41,68,21,33,16,16,.333,12.342,1,13,5.9349999,7.6339998,0,1,0,0,0,0
0,0,1,1,1,1,14,96,32,73,22,30,16,16,4.2350001,11.108,0,5,6.105,6.816,0,0,0,0,0,1
0,1,1,1,1,1,8,114,39,70,20,30,12,12,.49200001,7.757,2,5,5.2979999,6.3969998,0,0,0,1,0,0
0,0,0,1,1,1,9,86,33,66,17,31,10,11,.333,12.982,1,1,4.7870002,6.8569999,0,0,0,0,0,0
1,1,1,1,1,1,13,110,38,73,24,32,16,16,1.753,8.4799995,0,5,6.052,6.5669999,0,0,0,0,0,1
0,0,1,1,1,1,12,87,41,66,24,38,12,12,4.2950001,18.263,7,9,5.8520002,7.0479999,0,0,0,0,0,0
0,0,0,1,1,1,13,89,31,69,17,28,12,12,0,9.1599998,2,5,5.2979999,6.908,0,0,1,0,0,0
0,0,1,1,1,1,8,106,40,67,18,31,12,12,1.7690001,14.749,1,10,5.743,6.7350001,1,0,0,0,0,0
0,0,0,1,1,1,5,100,43,67,19,32,12,12,.91000003,12.281,1,3,5.4759998,5.9910002,1,0,0,0,0,0
0,0,1,1,1,1,16,111,38,67,21,34,12,12,4.428,17.445999,1,14,5.8579998,7.0689998,1,0,0,0,0,0
0,0,1,1,1,1,12,100,40,66,23,37,12,12,3.5150001,17.620001,4,2,5.927,7.092,0,0,0,0,0,0
0,0,1,1,1,1,12,114,38,67,20,33,12,12,3.378,16.365,4,17,5.6630001,7.2740002,1,0,0,0,0,0
0,0,1,1,1,1,13,98,45,73,26,34,18,18,0,5.0570002,0,1,6.033,6.2870002,0,0,0,0,0,1
0,0,0,1,1,1,9,89,24,68,18,30,11,11,.79500002,12.795,1,10,5.8579998,6.6609998,0,1,0,0,0,0
0,0,1,1,1,1,11,74,23,67,17,30,10,10,.46200001,13.419,1,9,5.2979999,6.6199999,1,0,0,0,0,0
0,0,1,1,0,1,11,130,29,68,26,38,13,13,2.7950001,14.369,3,1,5.704,6.5510001,0,1,0,0,0,0
0,0,1,1,1,1,12,108,51,71,27,36,16,16,.36500001,9.4110003,1,4,6.165,7.2049999,0,0,0,0,1,0
0,0,1,1,0,0,10,98,31,66,19,33,12,12,2.3329999,16.094,2,12,5.3889999,6.6849999,0,0,0,0,0,0
0,0,0,1,1,1,16,125,27,71,21,30,16,16,.36899999,9.3070002,1,10,5.9530001,7.131,0,0,0,0,1,0
0,0,1,1,1,1,12,104,29,73,21,29,16,16,0,4.7270002,1,8,5.7620001,7.0079999,0,0,0,0,0,1
0,0,0,0,1,1,8,98,33,69,19,30,12,14,3,11.819,0,1,5.5570002,6.1630001,0,0,1,0,0,0
0,0,1,1,0,0,11,104,37,73,25,33,15,15,0,6.0630002,3,4,6.033,6.6360002,0,0,0,0,0,1
0,0,0,1,1,1,8,120,33,66,22,36,12,12,4.6170001,18.495001,5,19,5.5209999,6.869,0,0,0,0,0,0
0,1,0,0,1,1,8,134,38,67,17,30,12,13,0,9.3859997,1,9,5.2979999,6.5809999,1,0,0,0,0,0
0,0,1,1,1,1,8,92,28,66,20,34,9,9,4.25,18.41,4,13,5.375,6.6849999,0,0,0,0,0,0
0,0,1,1,0,1,13,129,34,73,22,30,16,16,4.5479999,11.47,2,9,5.8660002,6.4889998,0,0,0,0,0,1
0,0,1,1,0,1,12,118,42,71,27,36,13,14,0,4.349,7,16,6.1919999,7.1469998,0,0,0,0,1,0
0,0,0,1,0,0,12,107,37,69,17,28,12,12,.37799999,10.789,1,7,5.8200002,7.1799998,0,0,1,0,0,0
0,0,1,1,1,1,12,92,37,66,24,38,12,12,5.461,19.406,1,15,5.6059999,6.7140002,0,0,0,0,0,0
0,0,0,1,1,1,16,118,33,73,21,29,16,16,.37799999,6.4559999,0,7,4.8280001,7.2740002,0,0,0,0,0,1
0,0,1,1,1,1,12,108,38,73,23,31,17,17,.66900003,6.5159998,0,3,6.052,7.244,0,0,0,0,0,1
0,0,1,1,0,0,12,119,42,66,22,36,12,12,5.3330002,19.735001,1,5,5.2090001,6.9450002,0,0,0,0,0,0
0,0,0,1,0,0,8,109,29,69,18,29,12,12,.414,11.436,1,12,5.5009999,6.5040002,0,0,1,0,0,0
0,0,1,1,0,0,8,91,41,71,27,36,12,12,9.0860004,17.907,1,10,5.908,7.0029998,0,0,0,0,1,0
0,0,0,1,0,1,12,118,38,69,19,30,14,14,0,8.552,1,7,5.2979999,6.908,0,0,1,0,0,0
0,0,0,1,0,0,14,119,37,68,18,30,13,13,0,9.1379995,1,2,5.3709998,6.2600002,0,1,0,0,0,0
0,0,0,1,0,0,14,103,33,68,19,31,13,14,1.314,13.249,1,13,6.1589999,7.013,0,1,0,0,0,0
0,0,1,1,0,0,12,120,25,73,20,28,16,16,0,6.072,0,4,5.927,6.869,0,0,0,0,0,1
0,0,1,1,1,1,8,122,40,67,21,34,16,18,0,6.165,1,13,5.0939999,6.5910001,1,0,0,0,0,0
0,0,0,1,0,1,8,119,35,69,17,28,12,12,.42300001,9.2049999,2,5,5.2979999,6.5370002,0,0,1,0,0,0
0,0,1,1,0,0,9,104,37,71,29,38,11,11,7.3179998,14.944,6,7,6.4380002,6.9180002,0,0,0,0,1,0
0,1,0,1,0,1,8,96,22,69,18,29,10,11,.73699999,7.1360002,0,2,5.4029999,6.3969998,0,0,1,0,0,0
0,0,1,1,0,0,8,83,36,67,21,34,12,12,2.914,15.805,4,17,5.4159999,6.3899999,1,0,0,0,0,0
0,0,0,1,0,1,10,88,27,69,18,29,12,12,.46200001,9.2969999,0,2,5.7680001,6.507,0,0,1,0,0,0
0,0,0,1,0,0,8,96,43,66,22,36,12,12,2.9949999,16.882999,4,18,5.2979999,6.6760001,0,0,0,0,0,0
0,1,1,1,1,0,12,123,42,66,24,38,17,17,1.8329999,14.39,2,7,6.0089998,7.2740002,0,0,0,0,0,0
0,1,1,1,1,1,11,108,43,66,20,34,12,12,2.3329999,14.272,1,8,5.0110002,6.507,0,0,0,0,0,0
0,0,0,1,1,1,12,116,35,73,21,29,16,16,2.5,9.5600004,1,8,6.323,6.7750001,0,0,0,0,0,1
0,0,1,1,0,0,16,109,45,68,24,36,18,18,.90799999,12.7,1,2,5.9660001,6.7350001,0,1,0,0,0,0
0,0,0,1,1,1,12,97,39,71,22,31,12,13,2.5680001,7.6300001,1,0,4.9419999,6.882,0,0,0,0,1,0
0,0,0,1,0,0,12,107,34,69,17,28,12,12,1,7.355,2,3,5.0110002,7.1090002,0,0,1,0,0,0
0,1,1,1,0,1,12,95,27,71,26,35,12,12,8.0270004,16.396999,2,5,5.8940001,6.8130002,0,0,0,0,1,0
0,0,1,1,1,1,15,109,31,73,22,30,14,15,1.3839999,8.3240004,2,2,5.7399998,6.2789998,0,0,0,0,0,1
0,0,1,1,0,0,12,104,36,66,19,33,12,12,1.9,15.281,3,11,5.7680001,6.6199999,0,0,0,0,0,0
0,0,1,1,0,1,12,110,37,66,24,38,12,12,1.6670001,15.672,2,4,5.704,7.0949998,0,0,0,0,0,0
0,0,0,0,1,0,13,94,40,71,27,36,13,13,4.0879998,16.722,1,1,6.1760001,6.6139998,0,0,0,0,1,0
0,1,1,1,0,0,8,103,38,66,23,37,12,12,2.4159999,15.271,2,1,5.9000001,6.802,0,0,0,0,0,0
0,0,0,1,1,1,8,123,45,66,18,32,12,14,0,8.6520004,1,14,5.7270002,7.0650001,0,0,0,0,0,0
0,0,0,1,0,0,6,113,33,68,19,31,12,12,.37799999,12.246,1,3,5.2979999,6.2919998,0,1,0,0,0,0
0,0,0,1,0,0,12,100,31,70,20,30,13,14,0,9.2189999,1,4,5.1360002,6.4219999,0,0,0,1,0,0
0,0,0,1,0,1,12,95,39,66,17,31,12,13,0,6.1560001,1,2,4.9770002,6.8119998,0,0,0,0,0,0
0,0,1,1,0,0,8,100,34,66,22,36,12,12,3.8310001,17.695999,5,12,5.2729998,6.645,0,0,0,0,0,0
0,0,1,1,1,1,15,108,39,66,23,37,13,13,3.7249999,17.410999,4,18,5.6700001,6.8920002,0,0,0,0,0,0
0,0,1,1,1,1,12,101,47,67,24,37,12,12,.76899999,14.63,1,12,5.3610001,6.7249999,1,0,0,0,0,0
0,0,0,0,1,1,12,90,43,66,21,35,12,12,2.25,16.750999,2,10,5.2979999,6.7789998,0,0,0,0,0,0
0,0,1,1,1,1,8,115,41,66,21,35,12,12,2.9400001,16.165001,4,7,5.737,6.934,0,0,0,0,0,0
0,0,0,1,1,1,11,84,33,70,19,29,13,13,.49700001,10.391,1,1,5.3610001,6.1420002,0,0,0,1,0,0
0,0,1,1,1,1,12,125,44,67,24,37,14,14,0,8.9060001,2,0,5.572,6.4629998,1,0,0,0,0,0
0,0,1,1,1,1,11,107,42,66,24,38,12,12,6.3330002,21.121,5,14,6.2290001,6.9419999,0,0,0,0,0,0
0,0,0,0,1,1,8,129,33,68,20,32,13,14,0,8.8579998,1,3,5.8579998,7.0999999,0,1,0,0,0,0
0,0,0,1,1,1,12,98,40,69,19,30,12,12,1.692,11.084,1,6,5.927,6.8559999,0,0,1,0,0,0
0,0,0,1,1,1,8,108,41,66,24,38,12,12,5.1900001,18.667,6,20,5.684,6.8439999,0,0,0,0,0,0
1,0,1,1,1,1,2,114,37,73,22,30,16,16,.77999997,7.6490002,1,8,6.2049999,7.131,0,0,0,0,0,1
0,0,1,1,0,0,12,111,37,71,25,34,16,18,0,6.145,1,10,5.6630001,6.3740001,0,0,0,0,1,0
0,0,0,1,0,0,12,101,29,71,19,28,12,12,.98100001,6.6609998,1,6,5.2979999,6.5409999,0,0,0,0,1,0
0,0,0,0,0,0,12,99,25,66,20,34,12,12,3.0829999,17.500999,1,12,4.9489999,6.3319998,0,0,0,0,0,0
0,0,0,0,0,0,12,75,24,68,18,30,11,12,1.192,12.29,1,5,5.1059999,5.928,0,1,0,0,0,0
0,0,0,1,0,0,6,91,29,66,24,38,12,12,0,7.3189998,1,11,5.7870002,6.5120001,0,0,0,0,0,0
0,0,1,1,0,0,12,113,38,68,21,33,16,17,0,.69199997,1,13,5.4720001,6.4829998,0,1,0,0,0,0
0,0,1,1,0,0,8,120,34,71,26,35,12,12,8.4440002,16.690001,1,7,5.5009999,6.54,0,0,0,0,1,0
0,0,0,1,1,1,12,98,32,70,19,29,13,14,.36899999,9.7950001,1,1,5.5209999,7.013,0,0,0,1,0,0
0,1,1,1,1,1,16,107,31,70,23,33,16,16,.458,10.512,2,1,6.098,7.2210002,0,0,0,1,0,0
0,0,1,1,1,1,12,121,39,73,24,32,18,18,.384,7.25,5,13,6.2150002,7.1560001,0,0,0,0,0,1
0,0,0,1,1,1,12,134,42,67,22,35,15,15,0,15.057,1,7,5.6630001,7.2049999,1,0,0,0,0,0
0,0,0,0,1,1,12,120,38,73,21,29,16,16,.75,7.6630001,1,5,6.2969999,6.75,0,0,0,0,0,1
0,0,0,0,1,1,12,105,36,70,22,32,15,15,1.02,9.0550003,1,5,5.6170001,6.789,0,0,0,1,0,0
0,0,1,1,1,1,10,121,40,73,26,34,12,12,0,4.5630002,3,10,6.3010001,7.0570002,0,0,0,0,0,1
0,0,1,1,1,1,12,113,29,71,21,30,16,16,.463,8.7729998,1,0,5.823,6.369,0,0,0,0,1,0
0,0,1,1,1,1,12,106,37,71,20,29,12,12,0,4.8010001,1,3,5.7839999,7.1389999,0,0,0,0,1,0
0,0,1,1,1,0,9,104,41,73,27,35,18,18,1.408,8.3190002,5,13,6.6030002,6.8530002,0,0,0,0,0,1
0,0,0,1,1,1,10,80,23,66,19,33,11,11,0,13.924,1,15,5.6170001,7.5229998,0,0,0,0,0,0
0,0,0,1,1,1,10,117,28,67,17,30,12,12,1,13.226,1,2,5.7839999,7.362,1,0,0,0,0,0
0,0,0,0,1,1,12,126,42,73,20,28,16,16,1.385,10.349,1,8,5.7140002,6.631,0,0,0,0,0,1
0,0,0,1,1,1,10,112,42,66,22,36,12,12,4.961,18.957001,1,15,5.5799999,7.2740002,0,0,0,0,0,0
0,0,0,1,1,1,6,83,20,70,22,32,12,12,3.1559999,13.083,1,11,5.7620001,6.2150002,0,0,0,1,0,0
0,0,0,1,1,1,6,84,13,67,19,32,10,12,0,12.559,1,9,4.8280001,7.0900002,1,0,0,0,0,0
0,0,0,1,1,0,12,109,32,67,18,31,12,12,.37799999,13.031,1,2,5.9889998,7.5599999,1,0,0,0,0,0
0,0,0,1,1,1,12,111,25,73,21,29,14,14,0,6.5110002,0,7,6.131,6.5279999,0,0,0,0,0,1
0,0,1,1,0,0,12,94,33,66,23,37,12,12,6.4619999,20.285999,1,4,5.5489998,6.651,0,0,0,0,0,0
0,0,0,1,0,0,12,96,32,67,17,30,12,16,0,7.289,1,4,5.704,5.4520001,1,0,0,0,0,0
0,0,0,1,0,0,12,101,33,69,19,30,13,13,.67299998,12.273,1,10,5.724,6.882,0,0,1,0,0,0
0,0,1,1,1,1,12,90,35,68,18,30,11,12,0,13.26,1,1,5.869,7.2199998,0,1,0,0,0,0
0,1,1,1,1,1,12,120,48,67,24,37,16,16,3.378,16.298,4,3,6.2249999,7.6669998,1,0,0,0,0,0
0,1,0,1,1,1,12,120,38,73,21,29,16,16,2.2309999,10.18,0,1,6.066,6.5510001,0,0,0,0,0,1
0,0,1,1,1,1,8,108,29,66,19,33,12,12,2.378,16.236,3,11,5.737,7.0900002,0,0,0,0,0,0
0,0,1,1,1,1,12,99,43,66,22,36,13,13,2.1900001,16.131001,4,18,5.7620001,7.0570002,0,0,0,0,0,0
0,0,1,1,1,1,12,80,31,66,20,34,11,11,2.4619999,16.312,1,15,5.6020002,6.592,0,0,0,0,0,0
0,0,1,1,1,1,10,93,45,66,22,36,11,11,5.3330002,17.393,3,2,5.631,6.6199999,0,0,0,0,0,0
0,0,0,1,1,1,11,118,43,69,21,32,13,15,.37799999,11.079,1,3,5.5209999,7.013,0,0,1,0,0,0
0,0,0,1,1,1,12,115,31,67,18,31,11,12,1,11.834,1,8,5.5050001,6.4380002,1,0,0,0,0,0
0,0,0,1,1,1,10,119,28,73,22,30,16,16,3.7390001,10.63,0,5,5.2979999,7.0900002,0,0,0,0,0,1
0,0,0,1,1,1,12,94,39,67,19,32,12,12,0,8.0190001,1,1,5.5009999,7.3400002,1,0,0,0,0,0
0,0,1,1,1,1,13,109,42,73,26,34,16,16,4.842,11.757,0,9,5.9429998,7.0510001,0,0,0,0,0,1
0,0,0,0,1,0,14,104,37,68,21,33,13,13,2.378,10.424,1,0,5.0809999,5.737,0,1,0,0,0,0
0,0,0,1,0,0,7,89,21,67,17,30,11,12,1.09,14.048,1,4,4.8280001,6.4130001,1,0,0,0,0,0
0,0,0,1,0,0,12,101,28,66,22,36,12,12,2.3540001,16.306999,3,17,5.5209999,7.467,0,0,0,0,0,0
0,1,0,0,0,1,12,96,34,71,22,31,16,16,0,8.7340002,1,1,5.704,6.908,0,0,0,0,1,0
0,0,1,1,0,0,9,109,48,66,22,36,12,12,1.5829999,14.175,1,1,5.0630002,5.8579998,0,0,0,0,0,0
0,0,1,1,0,0,4,94,38,66,23,37,12,12,3.0829999,17.063,4,18,5.3709998,6.6399999,0,0,0,0,0,0
0,0,0,1,0,0,6,115,34,66,20,34,12,12,1.473,15.304,2,2,5.5209999,6.6719999,0,0,0,0,0,0
0,0,1,1,0,0,8,92,41,66,24,38,12,12,2.161,16.061001,3,17,5.6490002,6.7069998,0,0,0,0,0,0
0,0,0,1,0,0,11,71,32,67,17,30,9,9,.51899999,11.783,1,1,5.46,6.1669998,1,0,0,0,0,0
0,0,1,1,0,0,12,130,39,66,19,33,11,14,0,14.634,1,1,4.8829999,6.8439999,0,0,0,0,0,0
0,0,0,1,0,1,12,119,38,70,22,32,16,16,.228,9.6820002,1,4,5.8460002,7.6490002,0,0,0,1,0,0
0,0,0,1,1,1,10,74,24,66,18,32,9,12,.46200001,14.389,1,3,4.8600001,5.8579998,0,0,0,0,0,0
0,0,1,1,1,1,10,124,23,73,20,28,15,15,3.7539999,10.612,1,8,6.033,7.092,0,0,0,0,0,1
0,0,1,1,0,0,12,94,29,71,22,31,14,15,.45699999,9.3620005,1,4,5.2979999,6.1090002,0,0,0,0,1,0
0,0,1,1,0,0,12,120,44,71,28,37,16,16,6.3629999,16.273001,4,13,5.5009999,6.9640002,0,0,0,0,1,0
0,0,1,1,1,1,8,96,40,66,23,37,11,11,1.545,15.407,1,15,5.7589998,6.908,0,0,0,0,0,0
0,0,0,1,1,1,12,98,42,69,17,28,12,12,.42300001,11.213,1,9,5.2979999,6.8649998,0,0,1,0,0,0
0,0,0,1,0,0,9,109,44,66,19,33,12,14,2.3329999,16.281,2,5,5.198,7.3779998,0,0,0,0,0,0
0,0,0,0,1,0,12,100,39,73,22,30,17,18,0,5.8070002,0,5,6.2010002,6.4070001,0,0,0,0,0,1
0,0,0,1,0,1,11,101,25,68,18,30,12,12,.53799999,12.653,1,1,5.2519999,6.237,0,1,0,0,0,0
0,1,1,1,0,1,12,111,40,69,21,32,16,16,.167,11.055,1,12,6.1739998,7.2519999,0,0,1,0,0,0
0,0,1,1,0,1,8,106,38,69,26,37,16,16,2.9809999,14.728,5,11,6.1329999,7.2049999,0,0,1,0,0,0
0,0,1,1,0,0,12,102,37,66,23,37,12,12,1.128,15.075,2,16,5.704,7.3280001,0,0,0,0,0,0
0,0,0,1,0,0,12,115,28,71,21,30,14,14,.741,9.3170004,1,10,5.8460002,6.98,0,0,0,0,1,0
0,0,1,1,0,1,10,99,37,70,18,28,12,12,1.387,11.332,1,11,6.2150002,7.0900002,0,0,0,1,0,0
0,0,1,1,0,1,11,118,48,66,22,36,16,16,1.3329999,15.237,2,1,5.5570002,7.2280002,0,0,0,0,0,0
0,0,0,1,1,0,13,132,37,69,22,33,13,13,0,7.6459999,1,2,5.7779999,6.7729998,0,0,1,0,0,0
0,0,0,1,1,1,12,108,26,68,18,30,13,13,.333,11.166,1,9,5.7589998,6.4380002,0,1,0,0,0,0
0,0,0,1,1,1,14,98,40,66,19,33,12,12,2.1659999,16.976,2,2,5.5450001,7.131,0,0,0,0,0,0
0,0,0,1,1,1,8,111,44,66,22,36,12,13,6.0830002,20.358999,1,12,5.553,6.987,0,0,0,0,0,0
0,0,1,1,1,0,8,79,36,66,24,38,11,11,4.3559999,17.941,4,3,5.4120002,6.5409999,0,0,0,0,0,0
0,0,0,1,0,0,12,97,29,68,19,31,12,12,1,11.097,1,11,5.2979999,6.5890002,0,1,0,0,0,0
0,0,1,1,0,0,12,99,49,66,24,38,15,15,2.3329999,16.283001,1,15,4.6539998,6.4219999,0,0,0,0,0,0
0,0,0,1,1,1,12,101,33,73,23,31,16,16,0,5.2810001,0,7,5.704,6.8169999,0,0,0,0,0,1
0,0,0,1,0,0,12,120,45,66,22,36,17,17,0,3.9030001,2,10,5.3940001,6.7839999,0,0,0,0,0,0
0,0,0,1,1,1,8,97,33,69,18,29,12,12,.37799999,10.357,2,4,5.2979999,6.5479999,0,0,1,0,0,0
0,0,1,1,0,0,8,106,34,67,23,36,12,12,4.7470002,16.698,5,18,4.9899998,6.684,1,0,0,0,0,0
0,0,0,0,0,0,12,131,44,71,21,30,16,16,.47799999,8.9250002,2,3,6.1760001,6.6999998,0,0,0,0,1,0
0,0,1,1,0,1,12,93,32,66,20,34,10,11,2.0450001,16.101,1,14,5.5009999,6.908,0,0,0,0,0,0
0,0,0,0,0,0,8,79,23,68,20,32,12,12,.37799999,11.423,1,3,5.704,6.309,0,1,0,0,0,0
0,0,0,1,1,1,11,100,38,66,17,31,12,12,.37799999,12.634,1,15,5.704,7.1700001,0,0,0,0,0,0
0,0,0,1,1,1,9,107,30,70,23,33,16,16,.81599998,9.2950001,1,8,6.1960001,6.8280001,0,0,0,1,0,0
0,0,1,1,1,0,12,105,22,69,19,30,12,12,.37799999,11.284,1,9,5.7069998,6.5809999,0,0,1,0,0,0
0,0,1,1,0,0,12,114,25,71,22,31,12,12,5.302,15.198,5,14,5.8410001,6.7030001,0,0,0,0,1,0
0,0,1,1,0,0,8,116,36,69,27,38,12,12,9.3780003,20.344,1,2,5.6630001,6.3969998,0,0,1,0,0,0
0,0,1,1,1,1,11,104,41,66,23,37,12,12,5.25,17.882,4,7,5.1820002,7.0029998,0,0,0,0,0,0
0,0,0,1,1,1,9,85,48,66,21,35,12,12,3.5829999,17.570999,5,19,5.704,6.9640002,0,0,0,0,0,0
0,0,0,1,1,1,9,93,46,68,18,30,12,12,2.8329999,14.786,1,1,5.835,6.869,0,1,0,0,0,0
0,0,1,1,0,0,8,100,40,66,23,37,10,12,0,5.1329999,1,9,5.8460002,6.0710001,0,0,0,0,0,0
0,0,0,0,1,1,12,88,36,71,23,32,16,16,.43399999,9.2770004,1,10,5.9000001,7.256,0,0,0,0,1,0
0,0,1,1,0,1,12,93,32,73,21,29,12,12,4.4439998,11.327,0,9,6.184,6.908,0,0,0,0,0,1
0,0,0,1,0,0,12,98,26,68,20,32,12,13,1.795,13.712,1,5,5.1529999,6.2150002,0,1,0,0,0,0
0,0,1,1,0,1,12,110,35,73,20,28,14,14,1.892,8.2989998,3,5,5.2979999,6.6849999,0,0,0,0,0,1
0,0,0,1,0,0,11,94,38,67,20,33,14,14,.63499999,11.92,1,10,4.605,6.6199999,1,0,0,0,0,0
0,0,1,1,0,0,8,77,36,66,23,37,12,12,1.201,15.116,2,2,5.2199998,6.3099999,0,0,0,0,0,0
0,0,0,1,1,1,12,102,44,71,21,30,12,12,3.142,11.945,1,10,5.8049998,6.5830002,0,0,0,0,1,0
0,0,1,1,1,1,16,113,49,73,26,34,14,14,5.369,12.376,1,8,6.1399999,6.9460001,0,0,0,0,0,1
1,1,1,1,1,1,12,103,38,73,24,32,10,10,5.434,11.317,7,15,5.704,5.2979999,0,0,0,0,0,1
1,1,1,1,1,1,12,96,31,66,21,35,11,11,3.3329999,17.413,1,1,5.0110002,6.3540001,0,0,0,0,0,0
1,1,1,1,1,1,12,97,35,66,23,37,11,11,5.3330002,16.094999,1,5,5.2199998,6.7449999,0,0,0,0,0,0
1,1,1,1,1,1,15,89,39,66,23,37,12,12,2.3169999,10.611,3,4,5.6939998,7.0580001,0,0,0,0,0,0
1,1,1,1,1,1,16,104,34,73,23,31,16,16,.89499998,7.757,0,4,6.23,7.1469998,0,0,0,0,0,1
1,1,1,1,1,1,11,116,36,71,24,33,14,16,0,5.3769999,1,3,5.4159999,5.8579998,0,0,0,0,1,0
1,1,0,1,1,1,12,104,47,66,23,37,14,15,0,14.256,1,11,5.5570002,7.2880001,0,0,0,0,0,0
1,1,0,1,1,1,12,114,37,70,18,28,12,13,.54100001,9.0640001,1,2,5.1929998,6.6209998,0,0,0,1,0,0
0,1,1,1,0,1,12,103,40,73,23,31,16,17,1.553,5.3109999,0,3,5.7709999,6.1900001,0,0,0,0,0,1
1,1,1,1,1,1,6,92,34,66,22,36,12,12,1.25,15.115,2,5,5.5650001,7.244,0,0,0,0,0,0
1,1,1,1,1,1,8,98,41,73,23,31,18,18,4.7059999,9.8610001,0,7,6.0009999,6.8460002,0,0,0,0,0,1
1,1,1,1,1,1,12,114,48,66,23,37,13,13,1.4170001,15.433,2,16,5.8200002,6.7639999,0,0,0,0,0,0
1,1,1,1,1,1,12,110,37,66,24,38,12,12,1.9170001,15.847,3,17,5.0500002,5.8470001,0,0,0,0,0,0
1,1,1,1,1,1,8,132,39,73,25,33,17,17,1.113,8.1359997,2,1,6.6149998,7.2740002,0,0,0,0,0,1
1,1,1,1,0,0,8,112,37,73,24,32,16,16,5.9320002,12.681,0,2,5.2979999,6.3280001,0,0,0,0,0,1
1,1,1,1,1,1,12,99,42,66,22,36,9,12,2.5,16.959999,2,11,5.4809999,6.3099999,0,0,0,0,0,0
1,1,0,1,1,1,12,106,45,66,24,38,13,13,3.3329999,16.054001,5,2,5.572,6.5279999,0,0,0,0,0,0
1,1,1,1,1,1,18,128,43,73,25,33,15,16,.30899999,7.2329998,0,1,6.2150002,7.1869998,0,0,0,0,0,1
1,1,0,0,1,1,8,80,30,73,22,30,12,12,3.4860001,7.7189999,2,0,5.8940001,6.0320001,0,0,0,0,0,1
1,1,1,1,1,1,6,71,24,71,23,32,11,11,2.043,9.4610004,1,0,5.704,6.1570001,0,0,0,0,1,0
1,1,0,1,1,1,12,127,45,71,23,32,18,18,.792,9.7530003,1,3,6.3990002,7.4260001,0,0,0,0,1,0
1,1,0,0,1,1,8,114,43,73,23,31,16,16,0,.76899999,2,9,6.1090002,6.9460001,0,0,0,0,0,1
1,1,0,1,1,1,7,102,30,69,19,30,13,13,.65399998,12.512,1,11,5.4809999,7.131,0,0,1,0,0,0
1,1,0,1,1,1,12,88,34,68,19,31,12,12,.46200001,12.115,3,15,5.2309999,6.6329999,0,1,0,0,0,0
1,1,0,1,1,1,12,88,32,68,17,29,12,12,1,13.55,1,12,5.8579998,7.0510001,0,1,0,0,0,0
1,0,1,1,1,1,14,110,45,66,23,37,15,15,1.916,14.225,2,1,5.5489998,7.3790002,0,0,0,0,0,0
0,0,0,1,1,1,8,130,39,73,22,30,16,16,0,5.3909998,0,3,6.1760001,6.763,0,0,0,0,0,1
1,1,1,1,1,1,12,101,36,66,21,35,11,12,3.378,16.076,1,1,5.112,6.908,0,0,0,0,0,0
1,1,0,1,1,1,9,89,36,66,18,32,10,10,.333,13.244,1,9,4.9559999,6.7480001,0,0,0,0,0,0
1,0,1,1,1,1,12,80,25,66,21,35,10,12,1.3329999,15.618,2,14,5.2199998,6.6459999,0,0,0,0,0,0
0,0,1,1,1,1,12,72,20,73,26,34,12,12,9.0579996,15.949,0,9,6.3969998,6.908,0,0,0,0,0,1
0,0,1,1,1,1,12,115,56,71,27,36,18,18,1.189,10.072,2,5,5.4120002,7.1919999,0,0,0,0,1,0
1,1,1,1,1,1,12,115,48,70,27,37,16,16,.79799998,10.479,5,4,6.3150001,7.428,0,0,0,1,0,0
1,1,0,0,1,1,8,93,27,66,24,38,12,12,3.2950001,17.247999,1,7,5.3709998,6.5289998,0,0,0,0,0,0
1,1,0,0,1,1,12,92,42,73,24,32,15,16,2.9159999,9.8140001,3,11,6.0229998,7.131,0,0,0,0,0,1
1,1,0,0,1,1,5,115,40,73,20,28,13,13,1.164,7.0900002,2,7,6.1630001,6.3969998,0,0,0,0,0,1
1,1,1,1,1,1,12,93,26,71,20,29,11,11,1.975,10.625,1,0,5.4720001,6.908,0,0,0,0,1,0
1,1,0,1,1,1,8,91,39,66,22,36,12,12,.653,14.589,1,15,5.4070001,6.8959999,0,0,0,0,0,0
1,1,1,1,1,1,9,90,35,66,20,34,10,10,4.5,19.209,1,10,5.165,6.1690001,0,0,0,0,0,0
1,1,1,1,1,0,9,104,47,66,20,34,12,12,3.1819999,16.400999,4,1,5.1700001,7.3460002,0,0,0,0,0,0
1,1,1,1,1,1,12,100,42,66,18,32,12,12,1.848,15.764,2,14,4.9419999,6.908,0,0,0,0,0,0
1,1,0,1,1,0,15,129,40,73,28,36,18,18,0,4.3189998,0,5,4.8899999,6.4380002,0,0,0,0,0,1
0,0,0,1,1,1,12,112,39,67,22,35,16,16,.71700001,13.649,1,14,5.7270002,7.2049999,1,0,0,0,0,0
1,1,1,1,0,0,11,98,38,71,27,36,11,11,6.717,16.659,7,16,6.1550002,7.0910001,0,0,0,0,1,0
1,1,1,1,1,1,12,132,45,73,24,32,17,18,4.0190001,13.083,1,8,6.5669999,7.0229998,0,0,0,0,0,1
1,1,0,1,1,1,13,110,36,69,21,32,13,14,0,9.5419998,0,4,5.7270002,6.2280002,0,0,1,0,0,0
1,0,0,1,1,1,11,127,44,73,21,29,12,12,1.191,6.599,0,1,5.9640002,7.3559999,0,0,0,0,0,1
1,1,1,1,1,1,8,94,39,66,22,36,13,13,3.6199999,17.538,4,18,6.1090002,7.3990002,0,0,0,0,0,0
0,0,1,1,1,1,16,97,48,73,24,32,16,16,0,3.727,0,1,6.3870001,7.1560001,0,0,0,0,0,1
0,0,1,1,1,1,11,109,42,71,24,33,15,15,.255,7.4689999,1,8,5.652,7.0900002,0,0,0,0,1,0
1,1,0,1,0,0,3,89,21,67,18,31,12,12,0,5.619,1,6,4.9050002,6.7509999,1,0,0,0,0,0
1,1,0,1,0,0,11,90,33,66,23,37,12,12,5.3779998,18.254999,6,7,5.46,6.9590001,0,0,0,0,0,0
1,1,0,1,0,0,12,105,39,69,17,28,12,12,0,10.536,2,4,5.0749998,6.908,0,0,1,0,0,0
1,0,0,0,1,1,8,100,27,68,22,34,12,12,5.2750001,18.132,1,5,5.6900001,6.802,0,1,0,0,0,0
1,1,1,1,0,0,16,111,40,71,22,31,16,16,.958,9.8690004,1,10,5.4720001,7.3790002,0,0,0,0,1,0
1,1,0,1,0,1,16,125,44,71,22,31,17,17,0,8.5200005,1,2,5.9910002,6.2309999,0,0,0,0,1,0
1,1,0,1,0,0,12,124,20,73,21,29,16,16,0,5.7529998,0,6,5.4159999,7.3130002,0,0,0,0,0,1
1,1,1,1,1,1,12,107,41,73,24,32,14,14,7.934,14.87,2,9,6.1360002,7.428,0,0,0,0,0,1
1,1,0,1,1,1,12,110,45,71,26,35,12,13,3.9909999,13.387,1,1,5.2979999,6.6199999,0,0,0,0,1,0
1,1,0,1,0,0,16,102,32,73,21,29,13,14,1.455,8.3540001,0,7,5.4809999,6.737,0,0,0,0,0,1
1,1,1,1,0,0,12,81,36,71,25,34,12,12,7.3330002,17.264999,6,15,6.0229998,6.9120002,0,0,0,0,1,0
1,1,0,1,0,0,12,99,36,71,21,30,12,12,3.7839999,12.553,3,10,5.4159999,6.4770002,0,0,0,0,1,0
1,1,1,1,1,0,12,102,35,69,19,30,13,13,0,8.4139996,1,2,5.7839999,7.6669998,0,0,1,0,0,0
1,1,1,1,1,1,12,95,44,66,24,38,12,12,0,14.079,7,21,5.421,6.6350002,0,0,0,0,0,0
1,1,0,0,1,1,11,98,37,69,24,35,16,16,.76899999,8.3210001,1,3,5.9910002,6.645,0,0,1,0,0,0
1,1,1,1,0,1,4,109,41,71,22,31,16,16,.55599999,8.8760004,1,3,5.9790001,6.895,0,0,0,0,1,0
1,1,1,1,0,0,8,82,41,66,24,38,12,12,6.6550002,20.549,2,1,5.7329998,7.8239999,0,0,0,0,0,0
1,1,0,0,0,1,12,105,22,68,20,32,13,14,0,6.4429998,0,1,5.0749998,7.0009999,0,1,0,0,0,0
1,1,1,1,0,0,12,95,36,66,24,38,12,12,0,5.855,2,16,5.493,7.0999999,0,0,0,0,0,0
1,1,1,1,1,1,12,123,43,73,24,32,16,16,1.872,8.8009996,4,12,5.8410001,7.3130002,0,0,0,0,0,1
1,1,0,1,0,1,12,86,24,69,19,30,12,12,0,8.9469995,1,1,5.3889999,6.369,0,0,1,0,0,0
1,1,0,1,1,1,8,87,41,66,24,38,12,12,0,12.404,2,13,5.2150002,6.8509998,0,0,0,0,0,0
0,1,1,1,0,1,12,117,39,71,22,31,16,16,.55299997,8.6389999,1,3,6.2919998,7.2740002,0,0,0,0,1,0
1,1,0,1,1,1,12,112,50,66,24,38,16,16,1.128,13.661,2,8,5.7589998,7.1950002,0,0,0,0,0,0
1,0,0,0,1,1,12,119,41,70,23,33,15,15,0,8.3920002,1,5,6.3099999,7.3130002,0,0,0,1,0,0
1,1,0,1,0,1,6,81,33,69,21,32,12,13,.38499999,10.626,1,5,5.2470002,6.8800001,0,0,1,0,0,0
1,1,1,1,0,1,10,124,48,70,22,32,17,18,.38499999,9.9090004,1,8,5.8080001,7.6789999,0,0,0,1,0,0
1,1,1,1,0,0,7,89,38,66,22,36,12,12,0,10.327,2,7,5.4380002,6.6810002,0,0,0,0,0,0
1,1,1,1,1,1,12,106,41,73,21,29,16,16,1.189,8.1969995,2,9,6.3969998,7.4640002,0,0,0,0,0,1
1,1,0,1,0,0,11,103,30,66,18,32,13,15,.333,14.378,1,2,5.3800001,6.4450002,0,0,0,0,0,0
1,1,0,1,0,0,6,91,40,67,19,32,12,12,.37799999,11.01,1,4,5.2930002,6.0970001,1,0,0,0,0,0
1,1,1,1,1,1,12,101,34,73,23,31,16,16,5.4060001,12.283,2,9,5.829,6.4920001,0,0,0,0,0,1
1,1,0,0,1,1,12,83,32,66,22,36,12,12,2.25,8.71,2,1,5.0430002,5.9320002,0,0,0,0,0,0
1,1,1,1,1,1,12,102,54,73,24,32,17,17,.161,6.7529998,5,13,6.1760001,7.0229998,0,0,0,0,0,1
1,1,0,1,1,0,7,94,34,68,18,30,12,12,.42300001,8.901,1,2,5.1929998,6.1160002,0,1,0,0,0,0
1,1,1,1,1,1,12,97,38,66,23,37,10,10,3.4749999,17.371,1,9,5.46,7.2340002,0,0,0,0,0,0
1,1,0,1,1,1,12,115,38,73,23,31,17,17,0,6.7210002,2,9,6.0910001,7.3390002,0,0,0,0,0,1
1,1,0,1,1,1,17,117,38,69,24,35,16,16,.37799999,11.274,1,12,5.9860001,7.0510001,0,0,1,0,0,0
1,1,1,1,1,1,8,105,45,67,24,37,12,14,5.756,14.839,1,2,5.5570002,6.869,1,0,0,0,0,0
1,1,0,0,1,1,8,113,36,73,30,38,16,16,.53299999,7.6170001,5,1,5.829,6.5819998,0,0,0,0,0,1
0,1,1,1,1,1,10,83,37,73,29,37,12,12,5.974,8.8409996,0,3,6.1939998,6.1739998,0,0,0,0,0,1
1,1,1,1,1,0,17,101,44,71,29,38,18,18,.40599999,8.2110004,4,9,6.4070001,6.6939998,0,0,0,0,1,0
1,1,1,1,1,1,12,113,36,66,22,36,12,13,0,13.954,6,8,5.7930002,7.2740002,0,0,0,0,0,0
1,0,1,1,1,1,12,88,31,66,23,37,12,13,.62800002,13.135,2,4,5.4159999,6.9949999,0,0,0,0,0,0
1,1,1,1,1,1,16,113,27,71,21,30,16,16,.54100001,9.3520002,4,13,5.7779999,6.9330001,0,0,0,0,1,0
1,1,1,1,1,1,12,106,38,70,20,30,14,15,0,5.2280002,1,1,6.8439999,7.1950002,0,0,0,1,0,0
1,0,1,1,1,1,10,114,36,66,23,37,12,12,2.1659999,16.988001,1,9,5.4510002,6.8189998,0,0,0,0,0,0
1,1,0,0,1,1,11,119,32,73,22,30,16,16,2.1129999,9.0039997,2,10,6.2930002,7.0079999,0,0,0,0,0,1
1,1,1,1,1,1,1,89,40,66,24,38,12,12,5.5799999,17.25,2,8,5.3610001,6.908,0,0,0,0,0,0
1,1,0,1,1,1,12,97,28,68,18,30,13,13,.37799999,12.365,1,5,5.8200002,6.8340001,0,1,0,0,0,0
1,1,0,1,1,1,12,83,51,71,24,33,13,13,.52700001,9.474,1,10,6.0570002,7.1240001,0,0,0,0,1,0
1,1,1,1,1,1,12,97,40,71,27,36,11,12,11.444,21.035999,1,10,6.3189998,6.9710002,0,0,0,0,1,0
1,1,1,1,1,1,12,98,37,68,18,30,12,12,0,5.1859999,1,3,5.6170001,5.9990001,0,1,0,0,0,0
1,1,0,1,0,0,8,84,24,67,18,31,12,12,1.045,13.656,1,10,5.1529999,6.4310002,1,0,0,0,0,0
1,1,0,1,0,0,8,74,24,70,20,30,12,12,1.964,12.022,1,11,5.257,6.0879998,0,0,0,1,0,0
1,1,1,1,0,0,6,93,32,66,22,36,12,12,2.128,16.063,3,5,4.7449999,6.5879998,0,0,0,0,0,0
1,1,1,1,1,1,17,113,41,73,26,34,17,17,1.1339999,8.0819998,2,2,6.5250001,6.908,0,0,0,0,0,1
1,1,0,1,1,1,8,92,37,66,24,38,12,12,1.145,15.078,2,16,5.342,5.973,0,0,0,0,0,0
1,1,0,0,0,0,9,127,44,73,20,28,12,12,2.1110001,8.2659998,0,3,5.6869998,6.3969998,0,0,0,0,0,1
1,1,1,1,0,0,6,109,44,66,23,37,12,12,6.25,20.702,5,12,5.829,6.869,0,0,0,0,0,0
1,1,0,1,0,0,10,97,42,66,20,34,12,12,1.206,15.074,2,4,5.4159999,6.869,0,0,0,0,0,0
1,0,1,1,1,1,0,66,30,73,22,30,11,11,4.5250001,10.473,0,7,5.2360001,6.763,0,0,0,0,0,1
0,1,1,1,1,1,16,109,46,71,26,35,16,16,.96200001,9.8699999,7,3,6.3940001,7.0510001,0,0,0,0,1,0
1,1,1,1,1,0,4,109,43,70,24,34,16,16,.27700001,10.188,1,11,6.0710001,7.2340002,0,0,0,1,0,0
1,1,1,1,0,1,8,85,44,69,23,34,12,13,0,4.2160001,1,9,5.2199998,6.763,0,0,1,0,0,0
1,1,0,1,0,0,8,81,26,68,19,31,12,12,1.154,13.147,1,13,5.1929998,6.5510001,0,1,0,0,0,0
1,1,1,1,0,0,5,87,12,71,28,37,9,9,10.609,19.795,1,10,6.0640001,6.882,0,0,0,0,1,0
0,1,0,1,1,1,12,78,40,67,20,33,13,13,.96799999,11.729,1,3,5.5209999,7.1700001,1,0,0,0,0,0
0,1,0,1,1,1,12,54,37,69,20,31,13,14,1,11.722,1,3,5.3470001,6.802,0,0,1,0,0,0
0,0,1,1,1,1,8,98,33,66,22,36,12,12,1.233,15.143,1,15,5.4159999,6.7199998,0,0,0,0,0,0
0,1,0,1,1,1,12,98,34,66,22,36,12,12,2.25,16.672001,3,13,5.652,6.908,0,0,0,0,0,0
0,0,0,1,1,1,16,105,29,73,22,30,16,16,.60299999,7.4980001,1,8,5.8049998,6.7179999,0,0,0,0,0,1
0,1,0,1,1,1,12,87,25,68,19,31,12,13,0,5.454,1,2,5.1059999,6.2150002,0,1,0,0,0,0
0,0,1,1,1,1,12,117,25,73,20,28,13,13,2.6500001,9.4239998,0,1,6.2150002,7.052,0,0,0,0,0,1
0,0,0,0,1,1,12,85,30,73,21,29,14,15,0,8.3540001,0,3,5.2979999,6.8559999,0,0,0,0,0,1
0,0,0,1,1,1,8,82,35,70,20,30,13,13,1.817,10.294,1,4,5.4159999,6.5510001,0,0,0,1,0,0
0,0,1,1,1,1,12,114,39,73,24,32,18,18,1.381,6.9650002,0,6,6.5240002,7.4439998,0,0,0,0,0,1
0,0,1,1,1,1,12,105,48,73,26,34,18,18,3.3199999,9.5710001,2,0,7.0510001,7.6030002,0,0,0,0,0,1
0,0,1,1,1,1,7,92,20,73,24,32,14,14,2.4489999,9.3039999,1,8,5.9910002,6.7909999,0,0,0,0,0,1
0,0,0,1,1,1,12,107,23,69,18,29,12,13,0,11.022,1,4,5.829,8.0319996,0,0,1,0,0,0
0,0,0,1,1,1,12,111,41,69,26,37,17,17,0,10.094,2,13,5.927,7.3390002,0,0,1,0,0,0
0,0,0,0,1,0,16,119,49,71,26,35,16,17,4.3629999,13.306,1,9,6.1360002,7.211,0,0,0,0,1,0
0,0,1,1,1,1,12,97,40,66,24,38,12,12,7.1279998,21.091,8,8,6.3559999,7.0409999,0,0,0,0,0,0
0,0,1,1,1,1,10,110,34,66,19,33,12,12,2.3329999,15.656,1,8,5.6659999,6.869,0,0,0,0,0,0
0,0,1,1,1,1,12,96,32,66,24,38,12,12,5.2010002,19.063,6,20,5.9429998,7.131,0,0,0,0,0,0
0,0,1,1,1,0,12,102,31,66,23,37,10,12,3.3329999,16.546,4,4,5.7199998,6.8080001,0,0,0,0,0,0
0,0,1,1,1,1,0,64,22,66,24,38,12,12,5.3779998,17.955999,6,0,5.198,6.8309999,0,0,0,0,0,0
0,0,0,1,1,1,8,103,32,66,20,34,12,12,3,16.593,1,10,4.605,7.3520002,0,0,0,0,0,0
0,0,1,1,1,1,12,118,39,73,24,32,10,10,9.4980001,14.233,0,4,5.323,7.1789999,0,0,0,0,0,1
0,0,1,1,1,1,13,118,41,73,23,31,17,18,0,1,2,9,5.697,6.7789998,0,0,0,0,0,1
0,1,1,1,1,1,12,75,37,71,29,38,13,13,6.7199998,13.64,1,1,5.704,6.6849999,0,0,0,0,1,0
0,0,1,1,1,0,12,112,45,68,20,32,13,14,0,5.8119998,1,10,5.8860002,6.9559999,0,1,0,0,0,0
0,0,0,0,1,0,12,95,20,71,21,30,12,12,1.712,4.473,1,1,5.2979999,6.3099999,0,0,0,0,1,0
0,0,1,1,1,1,12,119,38,73,26,34,16,17,0,3.9200001,4,2,6.1939998,7.0819998,0,0,0,0,0,1
0,0,1,1,1,0,12,94,35,68,25,37,14,14,.37799999,10.458,1,6,5.704,6.369,0,1,0,0,0,0
0,0,0,1,1,1,6,103,27,68,18,30,12,14,0,4.652,1,2,5.165,7.0900002,0,1,0,0,0,0
0,0,1,1,1,1,14,90,36,68,21,33,16,16,.38499999,10.514,1,5,5.6170001,6.6810002,0,1,0,0,0,0
0,0,1,1,0,0,16,128,50,73,28,36,17,18,1.145,8.0410004,5,13,6.7059999,7.223,0,0,0,0,0,1
0,0,0,1,1,1,12,84,40,69,19,30,12,12,.37799999,11.213,1,12,6.04,7.1469998,0,0,1,0,0,0
0,0,1,1,1,1,8,97,38,66,22,36,12,12,2.3329999,16.118,2,1,6.1360002,7.513,0,0,0,0,0,0
0,0,0,1,1,1,12,102,34,66,19,33,12,12,1.3329999,14.206,1,5,5.704,6.8119998,0,0,0,0,0,0
0,0,1,1,1,1,12,131,41,71,24,33,17,18,.484,9.4139996,1,10,6.3839998,7.4650002,0,0,0,0,1,0
0,0,1,1,1,1,12,126,23,73,22,30,16,16,.977,7.8509998,1,1,5.7069998,6.2529998,0,0,0,0,0,1
0,0,1,1,1,0,12,107,32,73,21,29,16,16,.39700001,6.4499998,0,7,5.9910002,6.6950002,0,0,0,0,0,1
0,0,1,1,1,1,12,108,45,70,26,36,16,16,.85000002,10.674,2,2,6.7859998,7.6669998,0,0,0,1,0,0
0,0,1,1,1,1,12,108,40,73,28,36,15,16,0,4.0359998,0,1,6.04,6.836,0,0,0,0,0,1
0,0,0,1,1,1,12,115,46,68,22,34,16,16,.37799999,10.515,1,3,5.2979999,6.6999998,0,1,0,0,0,0
0,0,1,1,1,1,12,111,44,66,21,35,14,14,1.75,16.483,2,14,5.5009999,6.7639999,0,0,0,0,0,0
0,0,1,1,1,1,12,115,47,66,22,36,12,12,1.462,14.469,2,9,5.2729998,7.2740002,0,0,0,0,0,0
0,0,1,1,1,0,11,101,31,67,19,32,13,14,1,11.936,2,0,5.0500002,6.2150002,1,0,0,0,0,0
0,0,1,1,1,1,12,114,48,68,25,37,18,18,.34599999,12.263,1,2,6.1220002,7.2329998,0,1,0,0,0,0
0,0,0,1,1,1,12,116,40,73,22,30,17,18,0,5.1570001,2,9,5.421,6.2690001,0,0,0,0,0,1
0,0,1,1,1,0,12,90,41,66,22,36,12,12,0,4.382,2,14,5.3800001,6.7810001,0,0,0,0,0,0
0,0,0,1,1,1,14,125,33,69,17,28,12,12,0,10.853,1,11,5.4640002,6.9330001,0,0,1,0,0,0
0,0,0,0,1,1,12,98,26,69,17,28,12,12,.33700001,11.34,1,12,5.638,7.0999999,0,0,1,0,0,0
0,0,1,1,1,0,10,111,42,73,21,29,15,15,1.374,7.605,4,5,5.849,7.3899999,0,0,0,0,0,1
0,0,1,1,1,1,12,109,38,70,22,32,15,16,.80599999,10.708,3,2,6.0380001,7.5190001,0,0,0,1,0,0
0,0,0,1,1,1,12,124,36,68,25,37,16,16,.37799999,12.343,1,2,5.743,7.3790002,0,1,0,0,0,0
0,0,1,1,1,1,8,121,35,73,25,33,13,13,.35800001,6.0440001,4,1,6.3969998,6.908,0,0,0,0,0,1
0,0,0,1,1,1,10,103,37,69,19,30,12,12,0,6.671,1,4,5.5209999,6.6030002,0,0,1,0,0,0
0,1,0,0,1,1,12,96,19,68,17,29,12,12,1,9.7019997,1,1,5.598,7.4380002,0,1,0,0,0,0
0,0,1,1,1,1,12,100,40,66,19,33,12,12,0,10.881,2,9,6.0209999,7.4380002,0,0,0,0,0,0
0,0,1,1,1,1,11,112,38,66,24,38,10,12,0,11.58,8,5,5.9990001,7.0089998,0,0,0,0,0,0
0,0,0,1,1,1,12,73,24,66,17,31,10,11,0,.96200001,1,1,5.3709998,6.4380002,0,0,0,0,0,0
0,0,0,1,1,1,11,101,39,70,19,29,12,13,0,1,1,7,5.6279998,6.579,0,0,0,1,0,0
0,0,0,1,1,1,12,99,44,66,22,36,12,12,4.3330002,19.089001,4,10,5.4809999,6.7509999,0,0,0,0,0,0
0,0,0,1,1,1,12,95,23,67,19,32,12,12,.46200001,12.084,1,2,4.8280001,7.131,1,0,0,0,0,0
0,0,1,1,0,0,18,109,40,70,28,38,16,18,0,3.829,3,13,6.125,7.0300002,0,0,0,1,0,0
0,0,0,0,1,1,13,110,35,70,18,28,12,12,0,6.1420002,1,1,5.6729999,6.802,0,0,0,1,0,0
0,0,1,1,1,1,4,98,49,69,27,38,17,17,0,6.368,1,7,6.2820001,7.5619998,0,0,1,0,0,0
0,0,1,1,1,1,12,112,46,73,29,37,15,15,2.0369999,7.5079999,0,2,6.6199999,6.869,0,0,0,0,0,1
0,0,1,1,1,1,11,90,28,68,18,30,12,12,0,5.395,1,3,6.6199999,7.3610001,0,1,0,0,0,0
0,0,1,1,0,1,12,102,46,73,28,36,14,14,5.2820001,11.063,0,7,6.3330002,6.8460002,0,0,0,0,0,1
0,0,1,1,1,0,12,119,39,73,22,30,16,16,.65799999,7.5339999,2,9,6.052,6.802,0,0,0,0,0,1
0,0,1,1,0,0,8,96,34,66,17,31,12,12,.333,14.677,1,13,5.553,6.7820001,0,0,0,0,0,0
0,0,1,1,1,1,12,118,40,69,27,38,18,18,1.1799999,12.112,1,12,6.4629998,7.4439998,0,0,1,0,0,0
0,0,1,1,0,0,9,79,39,66,23,37,11,12,5.3779998,19.33,1,15,5.6630001,7.1389999,0,0,0,0,0,0
0,0,1,1,0,0,10,96,42,68,26,38,12,12,0,8.7329998,8,7,5.9580002,6.6209998,0,1,0,0,0,0
0,0,0,1,0,0,12,80,27,69,17,28,11,11,1.006,11.996,1,12,5.7779999,7,0,0,1,0,0,0
0,0,0,1,0,0,12,137,36,70,23,33,13,13,.79799998,10.801,1,11,5.8140001,6.9089999,0,0,0,1,0,0
0,0,0,0,0,0,12,116,42,69,23,34,15,15,.46200001,11.261,1,12,5.9640002,7.0510001,0,0,1,0,0,0
0,0,1,1,1,1,12,69,31,66,21,35,11,12,1.317,15.168,2,16,6.0310001,6.908,0,0,0,0,0,0
0,0,0,1,1,1,6,78,36,66,19,33,12,12,1.961,15.9,1,3,5.6059999,7.131,0,0,0,0,0,0
0,1,1,1,1,1,8,99,41,71,29,38,12,12,11.11,17.914,4,3,5.994,6.7540002,0,0,0,0,1,0
0,0,0,1,1,1,16,92,33,67,18,31,12,12,.37799999,13.406,3,3,5.3520002,7.099,1,0,0,0,0,0
0,0,0,1,1,1,16,113,23,73,21,29,16,16,0,11.995,6,7,6.0430002,6.8429999,0,0,0,0,0,1
0,0,0,1,1,1,12,98,29,71,24,33,13,13,0,6.5669999,1,1,5.434,6.8070002,0,0,0,0,1,0
0,0,1,1,1,1,12,115,30,73,21,29,15,15,.39199999,7.355,3,4,6.1719999,6.7709999,0,0,0,0,0,1
0,0,0,1,1,1,6,117,41,69,24,35,16,17,0,1,1,9,5.6630001,7.1399999,0,0,1,0,0,0
0,0,1,1,1,1,8,96,38,66,21,35,12,12,0,13.921,4,2,5.6589999,6.8559999,0,0,0,0,0,0
0,0,0,1,1,1,10,108,46,73,21,29,12,12,1.783,8.6899996,0,3,5.5209999,4.7490001,0,0,0,0,0,1
0,0,1,1,0,1,16,92,34,73,23,31,16,17,.52999997,5.908,0,4,5.4120002,6.5120001,0,0,0,0,0,1
0,0,0,1,1,1,16,95,38,66,23,37,15,15,3.3329999,16.601999,1,10,5.4159999,6.9879999,0,0,0,0,0,0
0,0,0,1,1,1,15,94,40,67,21,34,13,14,.46200001,13.416,1,14,5.645,6.9640002,1,0,0,0,0,0
0,0,1,1,0,0,7,115,38,66,24,38,12,12,6.3330002,20.323,7,12,5.8439999,6.6849999,0,0,0,0,0,0
0,0,1,1,0,0,12,105,42,67,23,36,16,16,.25,13.572,0,13,5.8460002,7.5619998,1,0,0,0,0,0
0,0,0,1,0,0,7,109,36,66,22,36,12,12,2.5450001,16.509001,1,15,5.5760002,6.7509999,0,0,0,0,0,0
0,0,1,1,0,0,12,87,38,71,22,31,12,12,4.5089998,14.943,4,6,5.684,6.7620001,0,0,0,0,1,0
0,0,0,1,1,1,13,110,34,66,22,36,16,16,.333,14.654,1,13,5.5409999,6.9959998,0,0,0,0,0,0
0,0,0,1,0,0,10,110,30,71,21,30,16,16,.38699999,9.3140001,1,4,5.6170001,6.9320002,0,0,0,0,1,0
0,0,0,1,1,0,17,109,32,68,19,31,12,12,.96200001,11.414,1,2,5.7270002,6.7449999,0,1,0,0,0,0
0,0,1,1,0,0,12,85,21,66,21,35,12,12,3.1659999,16.969999,4,10,5.6170001,6.5120001,0,0,0,0,0,0
0,0,1,1,0,0,10,105,42,69,26,37,14,14,1.378,12.316,1,12,5.652,6.6849999,0,0,1,0,0,0
0,0,1,1,0,0,10,122,39,73,25,33,16,16,.59399998,7.0539999,0,3,5.5949998,6.9559999,0,0,0,0,0,1
0,0,1,1,1,1,14,108,40,67,22,35,16,17,0,9.0810003,1,11,6.0209999,6.7849998,1,0,0,0,0,0
0,1,0,0,1,1,12,122,38,71,22,31,16,16,1.309,9.8219995,1,2,5.6240001,6.6849999,0,0,0,0,1,0
0,0,1,1,1,1,8,79,32,73,24,32,16,17,2.3970001,9.3629999,2,9,6.263,7.0900002,0,0,0,0,0,1
0,0,0,1,1,1,12,105,30,68,17,29,12,12,0,7.9330001,1,10,5.165,6.4980001,0,1,0,0,0,0
0,0,0,1,0,1,8,110,42,66,23,37,12,12,0,6.21,1,12,5.5489998,6.908,0,0,0,0,0,0
0,0,0,0,1,1,14,92,32,71,20,29,12,12,2.3870001,7.829,1,4,5.73,6.7740002,0,0,0,0,1,0
0,0,1,1,0,0,12,131,32,73,25,33,16,16,3.395,10.302,5,2,5.9530001,7.092,0,0,0,0,0,1
0,0,0,1,0,0,12,104,32,71,20,29,12,12,1.131,10.008,1,2,5.257,6.5019999,0,0,0,0,1,0
0,0,1,1,0,0,12,110,39,70,27,37,16,16,4.6820002,14.617,1,11,6.0279999,6.8280001,0,0,0,1,0,0
1,1,0,1,1,1,10,99,20,69,17,28,12,12,.69199997,10.277,1,10,5.4809999,6.6690001,0,0,1,0,0,0
1,1,0,1,0,0,4,72,34,66,20,34,9,9,4.0830002,17.283001,1,5,4.8280001,6.4380002,0,0,0,0,0,0
1,1,0,0,0,0,6,86,35,67,19,32,12,12,.46200001,12.75,1,9,4.9130001,6.5219998,1,0,0,0,0,0
1,1,1,1,0,0,12,68,38,66,21,35,11,12,0,10.874,5,19,5.46,6.5409999,0,0,0,0,0,0
1,0,1,1,0,0,12,116,42,71,29,38,16,17,.495,7.6729999,2,2,6.2540002,7.744,0,0,0,0,1,0
1,1,0,1,0,0,10,96,45,70,22,32,13,14,0,9.7089996,1,4,5.2979999,7.0869999,0,0,0,1,0,0
1,1,0,1,1,1,12,100,32,68,17,29,9,12,0,8.026,1,8,5.0749998,6.5809999,0,1,0,0,0,0
1,1,1,1,1,1,12,101,38,66,18,32,12,13,0,13.38,1,2,5.7810001,7.3130002,0,0,0,0,0,0
1,1,1,1,1,1,12,117,39,73,22,30,16,16,1.275,6.9689999,0,9,6.4439998,7.0879998,0,0,0,0,0,1
1,1,0,1,1,1,16,93,38,67,19,32,12,12,0,4.1880002,2,2,4.8280001,5.9660001,1,0,0,0,0,0
1,1,0,1,1,1,9,116,37,69,17,28,12,12,1,12,2,11,5.1760001,6.79,0,0,1,0,0,0
1,1,1,1,1,1,12,106,42,66,22,36,12,12,5.0830002,19.02,6,20,5.1420002,6.9809999,0,0,0,0,0,0
1,1,1,1,1,1,14,98,45,66,22,36,12,12,2.5829999,16.768999,1,12,5.6240001,7.027,0,0,0,0,0,0
1,1,1,1,1,0,12,103,36,66,23,37,12,15,0,1,1,1,5.4380002,6.6199999,0,0,0,0,0,0
1,1,0,1,0,0,10,100,22,70,21,31,13,13,0,5.316,1,1,5.3520002,6.263,0,0,0,1,0,0
1,1,1,1,0,0,10,96,39,69,18,29,12,12,1.13,10.694,1,4,5.5209999,7.007,0,0,1,0,0,0
1,1,0,1,1,0,10,96,27,69,18,29,12,12,.87800002,9.7399998,1,1,6.0310001,6.6849999,0,0,1,0,0,0
1,1,0,1,0,0,13,104,42,66,17,31,12,13,0,7.6350002,1,7,4.796,7.2329998,0,0,0,0,0,0
1,1,0,0,0,0,14,106,34,73,28,36,17,17,3.0009999,8.1450005,1,0,5.3470001,6.052,0,0,0,0,0,1
1,1,0,1,0,0,12,106,44,67,23,36,16,16,.417,13.38,1,10,5.7779999,7.033,1,0,0,0,0,0
1,1,0,0,1,1,9,94,24,71,26,35,12,12,7.7859998,17.833,6,15,5.5009999,6.5240002,0,0,0,0,1,0
1,1,1,1,0,0,10,81,29,66,21,35,10,11,4.3330002,15.502,1,5,5.8579998,6.8559999,0,0,0,0,0,0
1,1,1,1,0,0,5,87,15,66,22,36,9,10,6.4619999,20.188999,4,7,4.7179999,6.3969998,0,0,0,0,0,0
1,1,0,1,0,0,6,75,27,68,18,30,12,12,1,11.951,1,9,5.2470002,6.8299999,0,1,0,0,0,0
1,1,0,1,0,0,5,95,34,66,17,31,12,12,.333,14.482,1,13,5.0110002,6.3099999,0,0,0,0,0,0
1,1,0,1,0,0,3,86,19,69,19,30,11,11,1,12.786,4,11,4.868,6.4070001,0,0,1,0,0,0
1,1,0,1,0,0,3,86,17,68,18,30,10,10,.308,6.9959998,1,1,5.1360002,6.052,0,1,0,0,0,0
1,1,0,1,0,1,8,104,41,69,20,31,12,14,0,3.7130001,1,1,5.2199998,5.829,0,0,1,0,0,0
1,1,0,1,0,1,7,95,21,66,20,34,12,12,2.6010001,16.393999,3,9,4.9050002,6.54,0,0,0,0,0,0
1,1,0,1,0,0,8,116,37,69,18,29,12,12,.61500001,11.232,1,9,5.4159999,6.3540001,0,0,1,0,0,0
1,1,1,1,0,0,8,66,20,68,21,33,9,9,4.3330002,14.821,1,10,5.704,6.3470001,0,1,0,0,0,0
1,1,1,1,1,1,0,101,38,70,22,32,16,16,1.475,10.714,1,9,5.684,6.7059999,0,0,0,1,0,0
1,1,0,1,0,0,12,96,23,68,17,29,12,12,0,11.388,0,5,4.8899999,6.895,0,1,0,0,0,0
1,1,1,1,0,1,9,104,41,66,21,35,12,12,2.378,16.360001,4,18,5.2470002,6.4239998,0,0,0,0,0,0
1,0,1,1,0,1,14,105,34,69,24,35,16,16,1.013,11.888,1,1,5.6630001,6.9330001,0,0,1,0,0,0
1,0,0,1,1,1,8,106,34,69,18,29,12,12,0,3.8369999,1,3,5.5799999,6.6950002,0,0,1,0,0,0
1,1,1,1,0,1,15,101,34,73,22,30,17,17,1.597,7.8610001,2,0,6.2519999,6.6939998,0,0,0,0,0,1
1,1,1,1,1,1,12,96,42,66,22,36,12,12,.91600001,12.85,1,5,5.4159999,6.6700001,0,0,0,0,0,0
1,0,0,1,0,1,12,105,34,66,19,33,12,12,0,6.3080001,2,2,5.0809999,6.7449999,0,0,0,0,0,0
1,1,1,1,1,1,3,106,40,70,28,38,12,12,.52700001,10.323,9,19,6.131,6.802,0,0,0,1,0,0
1,1,1,1,1,1,8,102,44,66,22,36,12,12,5.4169998,19.377001,6,20,5.3130002,7.257,0,0,0,0,0,0
1,1,1,1,0,0,12,90,46,66,24,38,11,13,0,3.7579999,1,1,5.1929998,6.3319998,0,0,0,0,0,0
1,1,0,1,0,0,12,104,30,69,17,28,12,12,.403,10.952,1,5,5.3800001,6.3319998,0,0,1,0,0,0
1,1,1,1,0,0,12,118,37,69,21,32,16,16,.46200001,11.391,1,12,5.9530001,6.9169998,0,0,1,0,0,0
1,1,1,1,0,1,9,108,40,66,22,36,12,12,2.7249999,16.732,3,17,5.2979999,7.2740002,0,0,0,0,0,0
1,1,0,1,0,0,12,104,37,66,18,32,12,12,.37799999,14.377,1,15,5.4850001,6.8429999,0,0,0,0,0,0
1,1,1,1,0,0,10,92,40,71,27,36,9,10,8.0880003,18.221001,1,10,5.5409999,6.4359999,0,0,0,0,1,0
1,1,0,1,0,0,4,87,26,71,21,30,12,13,.92799997,9.4040003,1,3,5.5170002,6.4640002,0,0,0,0,1,0
1,1,0,0,0,0,12,96,38,73,20,28,15,15,0,6.3239999,3,10,5.2360001,5.9910002,0,0,0,0,0,1
1,1,1,1,0,0,12,80,34,66,24,38,10,10,1.322,15.339,4,14,5.0749998,6.802,0,0,0,0,0,0
1,1,1,1,0,0,12,104,40,73,25,33,16,16,1.511,8.3719997,2,10,6.0710001,6.2399998,0,0,0,0,0,1
1,1,1,1,0,0,9,104,35,73,27,35,18,18,0,7.0050001,2,10,6.3579998,6.796,0,0,0,0,0,1
1,1,1,1,1,1,12,96,24,73,24,32,18,18,.5,7.329,0,5,5.4419999,7.1560001,0,0,0,0,0,1
1,1,0,0,0,0,12,89,24,73,22,30,12,12,3.2060001,10.134,2,9,5.4159999,6.184,0,0,0,0,0,1
1,1,1,1,0,0,10,113,39,69,18,29,12,12,1.462,10.905,2,5,4.8600001,5.7839999,0,0,1,0,0,0
1,1,0,1,0,0,7,105,29,66,19,33,12,12,1.8329999,15.707,2,5,5.0110002,6.645,0,0,0,0,0,0
1,1,0,0,0,1,7,84,39,69,20,31,12,14,0,5.5050001,1,8,5.5209999,6.4260001,0,0,1,0,0,0
1,1,1,1,1,1,7,108,36,66,21,35,12,12,2.434,16.365999,3,17,5.2309999,6.947,0,0,0,0,0,0
1,1,1,1,1,1,8,104,32,66,20,34,12,12,1.462,15.33,2,4,5.1360002,6.6209998,0,0,0,0,0,0
1,1,0,1,0,0,7,106,28,67,17,30,12,12,1,14.728,1,11,4.8280001,5.9400001,1,0,0,0,0,0
1,1,1,1,1,1,12,70,34,66,24,38,10,10,7.5450001,20.566999,8,7,5.2979999,6.6240001,0,0,0,0,0,0
1,1,1,1,1,1,11,104,39,70,24,34,16,16,.47499999,10.229,1,11,5.8460002,6.9710002,0,0,0,1,0,0
1,0,0,1,1,1,14,91,42,68,18,30,12,12,0,13.217,1,1,5.112,6.9749999,0,1,0,0,0,0
1,1,1,1,1,1,14,112,42,73,26,34,18,18,.39500001,7.3119998,1,8,6.2540002,7.3610001,0,0,0,0,0,1
1,1,0,1,0,0,12,97,27,68,18,30,10,10,.86500001,13.75,1,9,5.2470002,6.4770002,0,1,0,0,0,0
1,1,0,1,0,0,10,99,40,66,18,32,12,12,1.3329999,14.616,1,7,5.2979999,6.5510001,0,0,0,0,0,0
1,1,0,1,0,0,6,86,28,66,17,31,9,10,.333,14.637,1,12,5.165,6.2529998,0,0,0,0,0,0
1,1,0,1,0,0,12,90,36,66,18,32,12,12,2.289,16.254999,2,16,5.4159999,6.7919998,0,0,0,0,0,0
0,0,1,1,1,1,12,101,43,69,19,30,12,12,0,10.904,1,12,5.6939998,6.3460002,0,0,1,0,0,0
1,1,1,1,0,1,11,109,33,73,21,29,15,15,0,10.571,0,1,5.73,7.2750001,0,0,0,0,0,1
1,1,1,1,0,0,12,107,40,66,24,38,12,12,6.3330002,21.054001,1,12,5.1529999,6.2150002,0,0,0,0,0,0
1,1,1,1,0,0,12,110,48,66,22,36,16,16,.926,14.967,1,15,5.2979999,7.2950001,0,0,0,0,0,0
1,1,1,1,1,1,10,120,35,73,20,28,13,13,0,4.099,0,1,6.7309999,6.6880002,0,0,0,0,0,1
1,1,0,1,1,1,12,97,34,73,22,30,16,16,.78600001,6.849,0,2,5.8200002,6.869,0,0,0,0,0,1
1,1,1,1,1,1,11,103,37,73,21,29,12,12,1.906,8.7989998,0,5,5.881,6.908,0,0,0,0,0,1
1,1,1,1,1,1,12,114,36,73,22,30,16,16,.336,4.7779999,0,4,5.927,6.3969998,0,0,0,0,0,1
1,1,0,1,1,0,8,95,31,68,18,30,11,11,0,12.407,1,2,5.1760001,6.1090002,0,1,0,0,0,0
1,1,0,1,0,1,12,97,28,73,24,32,16,17,.5,7.494,2,2,6.5120001,7.3540001,0,0,0,0,0,1
1,1,0,1,0,0,13,97,34,73,20,28,14,14,1.908,5.809,0,3,5.4419999,5.8779998,0,0,0,0,0,1
1,1,1,1,1,1,10,83,25,67,19,32,13,13,1,14.419,1,13,4.9419999,6.8670001,1,0,0,0,0,0
1,1,1,1,0,0,12,104,46,73,24,32,16,16,0,5.0669999,1,2,5.5289998,6.3390002,0,0,0,0,0,1
1,1,1,1,0,0,12,82,27,73,24,32,12,12,2.8169999,8.7329998,0,2,5.6869998,6.1750002,0,0,0,0,0,1
1,1,1,1,1,1,8,113,45,71,26,35,16,16,0,8.2049999,1,10,6.0229998,7.2740002,0,0,0,0,1,0
1,1,1,1,0,0,7,93,39,67,22,35,12,12,.69199997,10.737,1,3,5.1760001,6.4689999,1,0,0,0,0,0
1,1,1,1,0,0,12,101,38,73,25,33,12,12,4.8280001,10.589,0,5,5.7839999,6.467,0,0,0,0,0,1
1,1,1,1,0,0,7,100,33,73,23,31,12,12,2.4890001,9.0039997,2,3,5.6279998,6.1680002,0,0,0,0,0,1
1,1,1,1,1,1,8,102,32,68,19,31,12,13,.27700001,9.8339996,1,3,5.0749998,7.092,0,1,0,0,0,0
