taxableinc,federaltax,hsiblings,hfathereduc,hmothereduc,siblings,lfp,hours,kidsl6,kids618,age,educ,wage,wage76,hhours,hage,heduc,hwage,faminc,mtr,mothereduc,fathereduc,unemployment,largecity,exper
12200,1494,1,14,16,4,1,1610,1,0,32,12,3.3540001,2.6500001,2708,34,12,4.0288,16310,.72149998,12,7,5,0,14
18000,2615,8,7,3,0,1,1656,0,2,30,12,1.3889,2.6500001,2310,30,9,8.4415998,21800,.66149998,7,7,11,1,5
24000,3957,4,7,10,2,1,1980,1,3,35,12,4.5454998,4.04,3072,40,12,3.5806999,21040,.69150001,12,7,5,0,15
16400,2279,6,7,12,5,1,456,0,3,34,12,1.0965,3.25,1920,53,10,3.5416999,7300,.78149998,7,7,5,0,6
10000,1063,3,7,7,7,1,1568,1,2,31,14,4.5918002,3.5999999,2000,32,12,10,27300,.62150002,12,14,9.5,1,7
6295,370,8,7,7,4,1,2032,0,0,54,12,4.7420998,4.6999998,1040,57,11,6.7105999,19495,.69150001,14,7,7.5,1,33
9952,877,0,7,10,8,1,1440,0,2,37,16,8.3332996,5.9499998,2670,37,12,3.4277,21152,.69150001,14,7,5,0,11
18900,2804,2,7,7,7,1,1020,0,0,54,12,7.8431001,9.9799995,4120,53,8,2.5485001,18900,.69150001,3,3,5,0,35
1500,0,6,7,7,7,1,1458,0,2,48,12,2.1262,0,1995,52,4,4.2206001,20405,.75150001,7,7,3,0,24
22000,3246,5,7,7,0,1,1600,0,2,39,12,4.6875,4.1500001,2100,43,12,5.7143002,20425,.69150001,7,7,5,0,21
30000,5517,0,7,7,3,1,1969,0,1,33,12,4.0630002,4.3000002,2450,34,12,9.7959003,32300,.58149999,12,3,5,0,15
21950,3463,3,7,9,2,1,1960,0,1,42,11,4.5918002,4.5799999,2375,47,14,8,28700,.62150002,14,7,5,0,14
22000,3486,2,12,9,2,1,240,1,2,30,12,2.0833001,0,2830,33,16,5.3003998,15500,.72149998,16,16,5,0,0
9296,907,3,7,10,7,1,997,0,2,43,12,2.2667999,3.5,3317,46,12,4.3413,16860,.72149998,10,10,7.5,1,14
12600,1568,2,12,16,1,1,1848,0,1,43,10,3.6796999,3.3800001,2024,45,17,10.87,31431,.58149999,7,7,7.5,1,6
25000,3952,1,7,7,4,1,1224,0,3,35,11,1.3472,0,1694,38,12,9.1499004,19180,.72149998,16,10,7.5,1,9
5878,306,3,3,7,2,1,1400,0,2,43,12,3.2142999,4,2156,45,12,6.1223998,18600,.69150001,10,7,7.5,1,20
11100,1272,8,7,10,2,1,640,0,5,39,12,5.1750002,2.25,2250,40,12,6.1497998,19151,.72149998,12,12,7.5,1,6
25320,4262,1,7,12,1,1,2000,0,0,45,12,2,2.3,2024,51,11,6.9169998,18100,.69150001,7,7,5,1,23
56100,14812,3,12,12,5,1,1324,0,4,35,12,7.5528998,3.9400001,2123,40,10,4.7103,20300,.69150001,12,7,5,0,9
9960,1049,2,7,9,4,1,2215,0,2,42,16,3.5051999,3.3,4160,48,16,3.131,30419,.62150002,10,16,7.5,0,5
8900,850,7,3,3,5,1,1680,0,0,30,12,3.5713999,3.8,2000,35,12,4,14090,.72149998,12,10,3,0,11
19500,2930,4,3,16,1,1,1600,0,0,48,13,3.25,3.26,2420,52,17,7.2227001,22679,.66149998,7,3,5,1,18
19900,3014,1,7,7,0,1,800,0,0,45,12,3.25,2.2,1150,53,17,7.9651999,12160,.72149998,7,7,11,0,15
18100,2636,0,7,12,5,1,1955,1,1,31,12,2.1545,2.3,2024,31,12,4.0883999,12487,.75150001,12,7,5,1,4
4000,26,2,3,7,2,1,660,0,2,43,17,3.7879,0,1904,43,17,14.181,29850,.58149999,16,14,9.5,1,21
18150,2636,1,7,7,3,1,525,0,0,59,12,4,3.1800001,2448,53,16,6.5359001,18100,.69150001,3,7,9.5,1,31
15000,2011,1,10,10,4,1,1904,0,3,32,12,4.7269001,6.0700002,2000,33,13,8.5,26000,.66149998,3,7,11,1,9
16000,2196,4,7,7,6,1,1516,1,0,31,17,7.2558999,6,2390,30,17,6.2761998,26100,.62150002,12,12,5,0,7
8000,679,5,7,7,3,1,346,0,0,42,12,5.8670998,6.3899999,1920,47,10,5.2083001,17730,.72149998,12,12,9.5,0,7
15500,2104,5,7,7,3,1,1040,0,0,50,11,1.5385,0,1840,53,10,2.7821,6719,.75150001,7,7,7.5,1,32
21600,3154,1,7,10,5,1,732,0,0,59,16,2.4590001,2.5,3360,57,17,4.9106998,18550,.69150001,3,3,14,1,11
11225,1291,8,7,9,4,1,1880,0,2,36,13,5.8511,5.1999998,2284,35,13,5.8669,24600,.66149998,12,10,7.5,0,16
63200,16984,0,12,14,0,1,1680,0,1,51,12,3.5713999,3.29,1875,50,8,7.52,23100,.69150001,7,14,5,1,14
12090,1457,8,7,7,0,1,2081,0,3,45,16,3.8067999,4.1900001,2140,47,17,7.5448999,24656,.66149998,12,12,5,1,27
6000,330,7,7,10,6,1,690,0,1,42,11,2.4638,0,1896,44,8,5.5380001,15897,.75150001,10,3,7.5,0,0
12800,1605,7,7,12,3,1,4210,0,0,46,12,2.3752999,4.6300001,1040,49,16,6.9231,20320,.69150001,3,3,11,1,17
11600,1375,3,12,7,1,1,2205,0,1,46,10,4.5351,4.5500002,2200,52,12,5,21384,.66149998,10,3,11,0,28
21900,3223,3,3,7,1,1,1952,0,0,51,14,5.6183,5.5999999,1952,58,12,7.3063998,25561,.62150002,7,7,14,0,24
15271,2048,1,9,3,3,1,1302,0,0,30,17,14.631,9.5299997,1560,30,17,11.218,36550,.57999998,14,17,5,1,11
8117,698,4,7,10,8,1,112,1,2,30,12,2.6786001,0,4030,33,16,3.8462,15810,.72149998,12,12,3,0,1
20000,3035,3,7,9,5,1,893,0,0,57,12,3.9194,3.5,2570,58,12,5.8365998,25500,.62150002,9,9,7.5,1,14
12000,1266,3,10,7,3,1,583,1,2,31,16,2.5729001,9.9799995,1530,34,16,13.725,24000,.66149998,14,16,9.5,1,6
24000,3957,3,7,7,3,1,480,0,2,48,12,4.5374999,4.6500001,3149,48,8,6.3492999,22172,.66149998,3,3,5,0,10
19237,2867,2,7,7,3,1,1900,0,3,30,12,2,2.23,2690,32,12,5.2528,17930,.72149998,12,7,5,0,6
11080,1253,6,3,7,8,1,576,0,2,34,12,3.4721999,3.8399999,3096,33,12,1.3075,7000,.78149998,12,7,3,0,4
16500,2300,5,7,14,2,1,2056,0,2,48,16,2.0160999,0,2552,53,16,2.7997999,25300,.72149998,14,16,5,1,10
10700,1196,8,7,7,7,1,1984,0,0,45,12,4.5716,4.8200002,2040,47,11,2.6961,16212,.72149998,10,10,11,0,22
17500,2510,4,7,7,3,1,2640,0,0,51,12,2.2727001,0,2180,50,13,7.5688,22650,.66149998,7,7,3,0,16
9560,973,5,3,3,1,1,240,0,2,30,12,2.6375,0,1864,37,12,3.4077001,6985,.78149998,12,7,14,0,6
14574,1919,7,3,9,4,1,1173,0,1,46,12,2.2899001,2.5,2068,46,12,6.5401001,30000,.69150001,7,7,11,1,12
25000,4192,8,7,12,2,1,3640,0,0,58,12,1.0989,0,2010,58,12,7.2139001,18500,.69150001,7,3,9.5,1,32
13000,1642,1,7,3,2,1,340,0,8,37,12,1.1765,0,2152,40,10,6.2732,16658,.75150001,12,7,5,0,15
20200,3077,2,7,7,5,1,500,0,0,52,8,1.6,0,1496,54,11,5.8824,10300,.75150001,7,7,5,1,17
18965,2804,2,7,7,0,1,1599,0,0,52,10,1.8762,2.8,2100,47,4,3.8095,11000,.75150001,7,3,7.5,0,34
40000,8660,3,12,14,2,1,1830,0,0,31,16,4.0437002,4.1999998,1960,35,14,6.3776002,19900,.69150001,12,12,7.5,1,9
10040,1063,3,3,10,5,1,1920,0,0,55,14,9.6353998,8.75,1985,55,15,6.0453,32500,.63999999,7,7,14,1,37
13000,1642,1,3,7,7,1,2052,0,0,34,17,8.0409002,8.25,2020,33,17,8.8119001,37300,.57999998,17,17,7.5,1,10
35000,7019,5,3,7,1,1,2312,0,0,55,14,4.599,5.5799999,2178,56,16,8.8765001,30018,.58149999,17,7,11,1,35
32000,6112,6,3,3,8,1,196,0,2,39,12,2.1429,2.5,3684,39,12,3.342,12807,.75150001,12,7,14,1,6
16950,2384,4,7,9,4,1,2500,0,3,40,14,4.4000001,5.5,5010,42,13,3.1835999,39500,.55150002,14,3,7.5,0,19
15500,2104,1,12,12,2,1,1980,0,4,43,12,3.5353999,3.75,1880,47,12,6.9148998,22050,.69150001,12,12,9.5,1,10
20000,2818,1,14,14,0,1,1840,0,0,48,8,2.7174001,4.8000002,1904,56,8,5.5146999,15500,.72149998,7,7,14,1,11
30020,5517,1,12,12,4,1,320,0,0,47,12,6.25,6.25,2083,47,12,5.2807999,13810,.72149998,7,7,9.5,1,15
29000,4979,8,7,7,0,1,419,0,4,41,12,11.933,6.3000002,2125,44,12,3.2,11950,.75150001,7,7,5,1,12
8072,679,7,7,9,8,1,1880,0,0,36,8,3.5931001,3.75,1985,37,12,5.8790998,19175,.69150001,12,12,7.5,0,12
28600,5141,1,12,12,0,1,72,0,2,46,17,6.9443998,0,2640,48,17,6.25,17900,.69150001,12,16,7.5,0,14
15000,2011,7,7,12,6,1,120,0,0,34,12,2.9166999,0,2070,51,8,7.4878998,15850,.72149998,12,7,5,1,11
13000,1642,8,16,12,2,1,1885,0,3,41,12,3.0769,2.9000001,2107,48,8,6.9766998,27017,.69150001,7,7,5,1,9
8600,793,8,7,3,8,1,240,0,1,51,12,3.75,0,2250,54,10,8,18900,.69150001,12,7,5,0,24
5000,174,2,7,7,6,1,1729,0,0,33,12,5.7259002,4.7600002,2880,34,16,4.1318998,21800,.69150001,12,12,7.5,1,12
20400,2617,8,7,3,2,1,1850,0,0,52,12,3.6756999,3.4000001,1848,53,12,14.476,33552,.55150002,10,10,7.5,1,13
17200,2447,4,7,7,3,1,2033,0,0,58,9,5.1648002,4.3200002,1927,53,7,5.7343001,22650,.66149998,7,9,7.5,1,29
10550,1158,8,3,3,6,1,608,2,4,34,10,8.2236996,3,1304,38,9,3.3742001,15200,.79149997,0,0,7.5,1,11
16000,2196,3,7,7,1,1,1153,0,1,31,12,4.3365002,4.52,3000,35,12,1.8333,13120,.72149998,7,10,7.5,1,13
15200,2048,2,7,3,2,1,2208,0,1,48,12,4.9819002,5.3099999,1892,52,12,5.6025,21660,.66149998,12,14,5,1,19
7700,622,3,14,12,6,1,252,0,2,32,12,.35710001,0,3644,32,12,4.2975001,18190,.72149998,7,7,3,0,2
5500,250,6,3,9,6,1,337,0,0,49,17,2.9674001,0,1430,47,17,3.9161,9600,.75150001,3,3,14,1,24
11500,1353,1,7,10,3,1,90,2,2,32,15,1,0,2350,31,14,4.8786998,13755,.75150001,10,12,7.5,1,9
18800,2783,1,14,12,2,1,1174,0,0,58,12,2.5553999,4.8699999,1948,59,16,9.2402,35350,.66149998,7,12,7.5,1,6
57000,15190,2,7,12,0,1,372,0,0,50,6,.86019999,2.25,1804,42,12,6.6518998,12405,.72149998,12,7,7.5,1,22
31100,5840,2,7,3,8,1,30,0,0,60,14,1,0,2326,51,12,4.6216998,12180,.75150001,12,17,9.5,0,30
8900,850,8,7,7,5,1,1800,0,1,50,12,2.9261,0,1739,55,11,9.9741001,22962,.66149998,7,3,7.5,1,10
14000,1631,5,10,10,3,1,282,0,0,56,14,3.5460999,2.5,1176,57,17,20.917999,25700,.62150002,7,7,9.5,1,6
22200,3533,1,7,12,1,1,720,0,0,51,9,1.6264,2.2,1100,55,8,1.9400001,3305,.79149997,7,7,3,0,29
18822,2783,6,0,7,5,1,1440,0,1,54,17,8.3332996,6,1528,58,17,8.8351002,32950,.58149999,7,12,5,1,29
16476,2279,7,7,3,3,1,2100,0,0,59,13,3.0952001,2.95,2250,52,15,4.6666999,17000,.69150001,7,7,5,1,36
22300,3557,4,10,7,2,1,1000,0,2,46,9,2.7,2.3499999,1927,47,10,5.1894002,13250,.75150001,7,7,5,1,19
14000,1796,2,7,3,3,1,952,0,1,46,15,5.2521,0,2414,47,16,18.724001,50750,.44150001,7,12,5,1,8
18500,2720,3,7,7,6,1,1413,1,3,39,12,1.4154,2.2,768,49,8,10.417,15632,.77149999,10,10,14,0,13
15300,2067,5,7,12,3,1,2100,0,2,44,12,4.7986002,4.8499999,1984,43,14,8.8458004,28316,.62150002,7,0,11,1,16
24137,3980,5,7,10,7,1,120,2,0,33,12,1.6667,2.3699999,2246,36,12,7.5689998,17290,.72149998,12,12,9.5,1,11
55600,14602,5,7,12,2,1,3000,1,2,33,12,1.1217,0,3024,30,17,4.4506998,33600,.62150002,10,10,7.5,1,15
22000,3246,2,12,12,2,1,1000,0,2,48,12,.5,0,2921,52,12,9.3204002,29200,.62150002,12,7,9,1,6
5000,32,2,7,7,5,1,336,0,4,31,12,.71429998,0,2045,37,17,9.1687002,19870,.69150001,7,7,11,0,13
10300,948,5,3,7,2,1,1216,0,1,45,12,2.7960999,2.9000001,1928,44,12,6.4833999,16225,.72149998,7,7,11,0,22
8000,509,6,3,7,4,1,988,0,1,45,12,4.8583002,4.5,1920,44,10,7.8125,28600,.69150001,7,3,5,1,24
25000,3952,2,12,12,8,1,2581,0,2,32,13,1.7435,2.5999999,2280,37,17,11.404,30800,.58149999,14,12,7.5,1,2
22000,3246,0,7,7,3,1,2030,0,0,47,12,2.4631,2.8,2300,47,17,5.0869999,25700,.69150001,7,7,3,0,6
15189,1640,2,7,7,8,1,413,0,2,34,13,2.4212999,3,2480,35,13,6.9758,27000,.62150002,12,12,3,0,2
19500,2713,3,7,14,7,1,782,0,1,37,12,1.5345,2.3,1135,34,10,5.2863002,12077,.77149999,12,7,9.5,1,2
63500,17515,0,12,16,3,1,1388,0,1,36,12,2.8817999,1.87,1384,39,12,11.562,29612,.66149998,7,7,11,0,14
14600,1742,1,7,7,0,1,1450,1,2,47,12,2.4068999,3,1848,50,14,8.6061001,24479,.69150001,7,10,9.5,1,9
31500,5381,3,7,12,0,1,1720,0,1,48,16,5.2326002,4.6799998,2499,46,17,12.805,79750,.44150001,14,14,7.5,1,11
22000,3246,5,7,9,4,1,800,0,2,42,12,3.75,2.5,2390,43,12,6.6946001,20050,.69150001,12,7,11,0,9
20930,3007,1,9,12,1,1,360,0,3,33,13,1.3889,0,2400,44,14,8.3332996,21500,.69150001,10,12,11,1,6
14000,1631,1,7,12,4,1,2000,0,0,46,11,4,4.6100001,1920,53,8,4.1666999,16120,.69150001,7,7,5,0,19
15000,1816,3,12,12,1,1,1176,0,3,47,12,3.2313001,3.3499999,2301,48,13,5.4759002,24686,.72149998,7,7,9.5,0,26
12300,1317,6,7,7,8,1,2058,0,1,44,12,3.4014001,3.8,1944,43,10,5.1440001,24669,.69150001,7,10,9.5,1,19
9290,571,2,7,12,1,1,900,0,4,36,12,1.3333,2.2,2100,37,17,11.667,26400,.66149998,7,7,7.5,1,3
32000,5812,0,12,12,3,1,215,2,0,31,17,9.3023005,9.9799995,1920,32,16,7.2916999,16245,.72149998,12,12,7.5,1,7
15150,1465,0,10,12,8,1,2000,0,0,55,14,4.5,4.3699999,2880,55,14,4.8611002,23300,.66149998,7,7,9.5,1,28
28235,4764,7,10,7,0,1,757,0,1,45,16,4.6234999,4.5,1932,48,16,12.164,27200,.62150002,12,7,9.5,1,13
21000,3028,6,7,7,5,1,1264,0,0,47,17,3.9556999,0,3234,48,17,10.823,51000,.46149999,10,17,9.5,1,9
20800,4680,4,7,7,3,1,2064,0,3,46,12,5.8140001,6,2805,47,12,12.478,55000,.46149999,10,7,14,1,15
20220,2860,2,7,7,7,1,1280,0,0,49,11,.5,0,2272,52,9,6.1620002,15389,.72149998,7,7,7.5,1,20
16240,2038,3,10,7,2,1,1715,0,0,49,12,4.0816002,3.75,2227,52,14,7.1845999,23150,.66149998,7,7,9.5,1,29
29513,5113,8,10,10,0,1,2000,0,2,45,12,6,4.9499998,1720,49,6,7.0929999,29774,.62150002,7,10,14,1,9
2620,0,2,7,7,3,1,12,1,3,38,17,3.6666999,0,2300,38,13,17.826,91044,.44150001,12,10,14,1,1
9600,810,6,7,7,2,1,1528,0,0,47,10,3.8613,2.95,3410,50,12,6.3930001,28200,.58149999,7,12,14,1,8
17000,2188,3,7,9,8,1,561,0,3,54,13,2.7629001,2.53,2304,57,16,11.719,36150,.55150002,7,7,9.5,1,19
22000,2833,5,7,9,2,1,2058,0,0,41,11,2.931,2.9000001,1984,42,12,4.7883,15652,.72149998,12,12,7.5,0,23
16500,2093,1,7,12,4,1,1823,0,2,43,12,4.3884001,4.1999998,1890,33,14,4.2328,18900,.75150001,14,7,11,0,3
15600,1927,8,7,7,8,1,1680,1,1,31,16,5.4166999,4.6999998,1970,32,12,7.1065998,23600,.66149998,12,10,7.5,0,13
21000,3028,5,7,7,1,1,1440,0,0,47,17,9.8611002,7.0999999,2400,46,12,8.3332996,36200,.61000001,7,7,7.5,1,8
20000,2818,1,16,12,1,1,4950,0,2,35,12,.16159999,2.75,2504,37,12,6.9888,18700,.69150001,10,10,7.5,0,17
16500,2093,0,12,12,4,1,1176,0,3,45,16,.38260001,3.75,2398,48,17,9.5913,24125,.66149998,7,7,11,1,4
28900,4682,1,10,16,1,1,1100,1,0,33,12,3.6364,3.5799999,1960,39,12,6.0204,15800,.72149998,7,7,7.5,0,15
23000,3481,0,12,16,0,1,1516,0,1,54,16,2.3747001,2.4000001,2550,55,12,2.9686,19742,.72149998,12,7,3,0,11
11000,1081,8,3,7,8,1,900,0,4,35,8,4.6666999,3.95,2500,41,12,7,22600,.69150001,10,7,9.5,0,7
11920,1250,1,7,7,3,1,1080,1,2,31,12,1.8519,2.25,2164,37,10,7.1627002,17500,.72149998,7,7,7.5,0,0
13299,1112,2,7,12,1,1,480,0,0,55,12,5.1999998,0,2640,60,12,4.7364001,19820,.69150001,7,7,7.5,0,0
30400,5355,1,7,7,5,1,288,0,2,34,12,3.2986,4.6199999,1936,36,12,8.7810001,20155,.69150001,12,16,11,1,10
21025,3028,1,14,12,2,1,1875,0,1,38,13,8.5333004,8.5,2136,41,12,9.8315001,37300,.57999998,10,12,7.5,1,8
5400,91,4,7,7,2,1,630,0,1,45,11,2.0634999,0,1955,51,10,6.6496,24860,.72149998,7,7,7.5,1,2
28000,4440,4,7,9,6,1,234,0,1,47,12,2.5641,2.5,1980,48,10,9.8485003,21450,.66149998,12,3,7.5,1,4
8000,509,3,7,7,4,1,1600,0,2,39,12,2.1875,0,2550,42,11,9.8038998,29650,.62150002,7,7,5,1,6
9000,621,8,7,9,8,1,960,1,0,36,14,6.25,0,2058,37,13,8.2603998,23000,.66149998,7,7,11,1,18
18750,2327,7,7,10,3,1,120,1,2,33,12,3.3333001,0,2263,32,14,9.0676003,21120,.69150001,7,7,9,1,3
26180,3970,5,7,7,1,1,2025,0,0,50,12,4.4443998,4.8000002,1763,54,13,8.5081997,26000,.62150002,7,12,5,1,22
21014,3028,7,7,3,4,1,1809,0,0,58,12,6.6335001,6.4499998,2096,59,14,7.1564999,28000,.62150002,3,7,7.5,1,33
10834,870,1,12,9,3,1,3087,0,0,49,17,8.4224005,9.9799995,2059,47,13,7.0423002,45500,.51999998,12,12,11,1,28
16000,2001,2,7,12,2,1,910,0,2,41,14,4.3955998,0,1820,40,17,6.5934,16000,.72149998,16,12,14,1,23
16150,2020,6,16,16,3,1,1840,0,1,51,12,2.4456999,2.5,2832,53,8,4.3456998,18232,.69150001,7,14,11,0,27
13400,1521,7,7,7,7,1,784,0,0,53,9,1.2244999,2.25,1990,60,10,7.2361999,28160,.72149998,3,7,14,1,11
16073,2001,3,7,12,1,1,400,1,2,36,12,1.625,0,2000,40,7,1.74,5965,.80150002,12,7,11,1,6
12916,1261,2,9,12,1,1,1000,0,2,46,12,3,5.5,1885,46,12,6.8965998,19000,.72149998,7,7,9.5,1,11
28000,4440,1,7,12,1,1,1904,0,2,36,12,4.7269001,4.1999998,2860,37,12,5.0454998,36872,.55150002,12,12,11,1,14
11000,908,2,7,7,1,1,1771,0,1,53,14,1.1293,9.9799995,1913,48,16,17.25,42000,.49149999,12,12,14,1,17
22995,3218,1,16,12,3,1,1486,0,3,40,16,7.4024,6.25,1800,54,16,8.3332996,26900,.62150002,16,14,11,1,17
6000,39,4,17,16,2,1,740,0,2,42,17,4.4594998,1.65,2880,45,16,9.375,30800,.58149999,12,10,9,0,14
9000,364,2,7,12,3,1,1820,1,1,33,15,2.4725001,0,1993,32,16,8.2790003,21520,.69150001,12,12,11,1,11
15586,1834,4,7,12,7,1,1275,0,3,43,12,1.8824,3,2250,47,14,4.5,24795,.69150001,7,7,7.5,1,7
37752,7257,5,7,7,2,1,450,1,0,31,16,4,4,2286,30,16,4.1995001,12900,.72149998,14,16,14,1,8
5000,0,1,7,7,3,1,1221,0,0,47,17,8.1899996,5.9899998,1880,47,16,16.063999,42700,.49149999,7,7,7.5,1,6
15900,1788,2,17,12,2,1,1550,0,0,54,17,7.0967999,6,2350,58,17,11.277,38800,.52149999,10,17,11,1,8
12600,1189,7,7,10,4,1,180,1,3,33,12,1.6667,0,3640,33,11,.54939997,2500,.94150001,7,3,3,0,4
30000,4977,2,16,16,1,1,2090,0,0,43,16,3.4449999,3.8499999,1770,47,14,9.5480003,26921,.62150002,14,10,11,1,25
13900,1418,4,7,7,1,1,1960,0,1,46,13,4.2347002,4.1999998,1875,49,13,5.3333001,18300,.69150001,7,9,3,0,24
37000,7028,0,12,12,1,1,1440,0,3,35,12,2.7778001,4.0999999,2200,38,9,5.4545002,17200,.72149998,7,7,14,1,11
20625,2726,0,7,10,4,1,794,0,3,37,11,1.8892,3.8499999,2033,39,12,5.9025998,14209,.75150001,12,3,9.5,1,19
28200,4494,8,10,10,4,1,993,0,2,37,16,5.0352001,8.3000002,2739,39,17,9.8576002,32300,.58149999,12,16,14,1,9
8200,385,7,7,7,7,1,160,0,3,34,14,1.25,0,1626,38,14,11.685,21400,.72149998,17,12,7.5,1,19
15380,1677,8,7,3,2,1,105,1,0,43,16,2.8571,0,2248,44,17,6.2277999,14700,.72149998,7,7,9.5,0,14
51000,11948,2,17,16,2,1,1200,0,0,46,12,4.1167002,4.3299999,2140,48,12,9.1747999,25516,.62150002,7,7,9.5,1,22
15825,1769,5,7,16,4,1,450,0,3,35,9,1.7778,2.5999999,1985,42,12,6.2972002,13300,.75150001,3,7,5,1,6
17000,1991,2,7,7,8,1,996,0,0,46,17,13.554,9.9799995,1528,59,17,10.471,31000,.58149999,12,12,9.5,1,23
16460,1880,5,10,12,5,1,1052,0,0,46,14,4.5626998,4.9000001,1920,48,16,14.583,48800,.49149999,7,3,11,1,15
29800,4924,0,7,9,1,1,1128,0,2,43,12,2.1277001,2.4000001,1918,46,10,6.2143002,15519,.72149998,7,7,14,1,6
14550,1529,3,7,3,2,1,1840,0,0,30,12,2.9891,3.75,2112,30,12,6.6287999,19500,.69150001,7,7,7.5,0,11
23600,3382,0,17,10,2,1,1910,0,2,41,11,2.5653999,2.5699999,2144,46,9,3.8246,14545,.72149998,3,7,5,0,2
20378,2446,7,12,7,2,1,980,0,1,54,12,5.6121998,5,1920,54,15,7.8125,22897,.69150001,7,7,14,1,22
29000,4439,2,14,12,0,1,2317,0,1,31,12,2.8053999,3.8699999,2241,41,9,3.4806001,14300,.72149998,10,10,7.5,1,10
87500,27875,1,7,10,1,1,1089,0,0,44,10,1.607,0,880,47,11,5.5500002,14884,.75150001,10,10,9.5,1,14
37000,7028,2,12,7,4,1,800,0,1,32,12,2.25,0,2070,31,16,11.594,27400,.62150002,12,7,11,1,12
15212,1463,3,7,7,3,1,1230,0,0,47,5,2.0325,2.8199999,1050,53,5,9.5237999,16400,.72149998,7,12,14,1,9
18300,2243,6,7,3,6,1,1158,0,1,46,17,5.5320001,8.1000004,2635,57,17,7.2804999,25704,.62150002,14,17,7.5,0,13
14800,1584,1,14,12,0,1,2272,0,0,37,11,1.5845,3.71,3000,47,8,3,12800,.72149998,10,10,7.5,0,18
24030,3477,6,7,7,7,1,528,0,2,51,12,3.7879,0,2500,50,11,10.4,40000,.62150002,7,7,7.5,0,8
6531,86,5,3,9,6,1,1000,0,1,49,12,3,0,1990,49,12,10.05,47000,.66149998,7,7,14,1,11
12000,921,7,7,7,2,1,520,0,4,36,14,8.6538,0,2390,37,13,8.7866001,25872,.66149998,10,12,9.5,1,9
30000,4977,3,7,12,2,1,760,0,1,39,11,4.2104998,3.95,1430,44,12,10.14,26868,.69150001,12,7,9.5,1,9
39900,7655,3,7,3,1,1,1920,0,2,48,12,4.6875,4.3000002,1800,50,8,5,18000,.69150001,12,12,9.5,1,14
50000,11570,8,7,7,8,1,1220,0,2,38,14,4.0984001,4.8400002,2103,43,17,11.888,30200,.58149999,7,7,5,1,9
14600,1547,4,7,3,5,1,200,0,2,40,12,25,3,1350,42,12,13.333,26220,.66149998,7,7,7.5,1,2
13000,1253,1,9,3,8,1,2480,1,5,39,10,2.6331,4.1999998,2880,36,17,8.6806002,40500,.58149999,7,7,3,0,12
23600,3382,1,7,12,3,1,2750,0,0,37,16,6,9,2400,43,17,7.2916999,33570,.61000001,12,7,7.5,1,15
13450,1521,6,7,7,6,1,2014,0,1,49,13,5.4126,4.0500002,1135,47,12,3.5242,16917,.72149998,7,14,14,1,11
17000,1991,4,7,14,5,1,1355,0,3,33,12,.66420001,1,2750,35,17,6.1817999,18000,.72149998,12,7,9.5,0,7
12000,921,4,7,12,1,1,80,0,0,30,12,1.25,0,2085,32,16,2.9755001,8337,.75150001,12,12,11,1,9
3500,0,1,3,9,4,1,1670,0,0,54,12,2.2753999,2.0999999,2600,56,8,4.5769,17100,.72149998,12,7,9.5,0,19
16600,1723,8,3,7,2,1,520,0,4,39,11,3.4614999,3.05,3542,40,12,3.1056001,17800,.75150001,10,7,11,0,11
19876,2341,8,7,7,1,1,288,0,3,43,12,4.1666999,3,1975,43,12,5.8228002,13740,.75150001,12,12,14,1,8
7867,176,7,12,7,6,1,2014,0,3,31,9,4.4686999,4.2600002,2400,32,12,7.5,27000,.62150002,10,3,9.5,1,13
11467,812,3,3,7,4,1,800,0,3,33,13,1.75,0,3000,37,14,8.3332996,32600,.62150002,12,7,7.5,1,4
48300,10560,1,10,3,0,1,1984,0,3,40,12,3.6694,4.25,1960,39,14,9.2347002,28030,.66149998,12,12,14,1,7
28600,4331,8,7,7,0,1,1823,0,1,36,12,6.5826001,6,2000,39,9,5.5,23100,.66149998,12,12,3,0,19
4100,0,8,7,7,5,1,1500,0,0,51,12,2.5999999,2,3000,51,12,6,24580,.66149998,7,7,9.5,1,14
13400,1144,3,7,3,1,1,2261,0,1,44,13,4.8650999,5.5,2400,43,12,6.6666999,29000,.62150002,12,7,9.5,1,14
24470,3089,1,7,7,1,1,1728,0,3,42,16,5.7870002,6.25,2450,48,14,13.061,42430,.52149999,12,14,9.5,1,3
17600,1907,6,7,7,6,1,1960,0,1,40,12,4.5408001,5,2423,40,8,12.794,41800,.52149999,12,12,7.5,1,9
19000,2390,4,7,10,4,1,1578,1,1,34,16,9.5057001,7.7199998,2000,33,16,12,39100,.57999998,12,17,9.5,1,7
12143,774,1,7,12,3,1,1316,0,0,30,17,10.638,7,2526,41,16,6.73,31800,.58149999,16,17,11,1,7
18300,1840,0,7,7,8,1,1530,0,0,54,12,1.1111,1.13,2695,53,12,6.6789999,22200,.69150001,7,7,14,0,14
77000,22643,0,16,12,5,1,2220,0,0,51,12,4.0541,4.3699999,2048,54,12,4.3944998,19500,.69150001,16,7,3,0,29
26000,3707,6,7,7,8,1,1336,0,2,44,9,2.6870999,2.6400001,1920,46,11,4.6875,14027,.75150001,7,10,11,0,19
15500,1519,1,16,10,2,1,1008,0,1,43,12,2.9762001,2.5,2338,42,9,7.6989002,21195,.66149998,7,7,11,1,14
15317,1482,4,7,7,3,1,1944,0,1,34,12,3.1728001,3.23,2945,37,8,4.3287001,19013,.69150001,10,7,7.5,0,16
11625,850,8,7,7,1,1,2000,0,0,45,13,3.55,3.45,2047,52,12,6.7416,20900,.66149998,12,7,11,1,10
13530,1160,6,7,9,1,1,258,0,0,39,12,17.907,0,1668,47,7,9.3525,26820,.62150002,10,3,11,0,12
16700,1740,8,3,7,4,1,1785,0,0,50,12,3.4173999,5.75,175,48,10,9.1429005,12800,.75150001,0,0,14,1,24
19000,2173,0,7,12,3,1,480,0,0,52,12,3.3333001,0,1798,53,12,2.6417999,7850,.75150001,7,7,14,0,6
16200,1648,8,3,3,4,1,772,0,2,41,12,3.8859999,7.5,1222,45,12,7.3649998,18600,.72149998,12,12,7.5,1,9
3777,0,4,3,3,6,1,900,0,0,59,10,2.3111,2.22,1820,59,7,1.4066,5380,.77149999,12,7,5,0,14
26400,3801,4,7,12,8,1,1428,0,0,52,12,1.7108001,2.5,1560,60,8,1.5192,6114,.77149999,10,7,14,0,26
18214,1821,0,3,7,8,1,210,0,0,46,16,2.1143,4,2210,49,12,3.3439,8234,.75150001,12,12,14,0,7
14700,1178,3,7,9,5,1,239,1,5,41,12,9.9330997,4.5,2874,48,16,2.9105999,20646,.72149998,3,7,11,1,4
24400,3277,0,10,10,4,1,1878,0,2,33,11,3.0276999,3.5,2499,35,8,4.3834,16640,.72149998,7,7,9.5,0,15
15000,1052,4,7,12,8,1,215,0,0,45,12,1.8605,2.3,3088,38,12,4.2097998,13900,.72149998,12,12,5,1,23
32750,4889,4,7,3,3,1,2340,1,2,36,10,.12819999,0,2020,37,8,3.7128999,11500,.78149998,10,7,7.5,0,1
18200,1821,3,7,3,4,1,1960,0,1,48,12,6.6327,6.3000002,1980,56,10,10.606,34000,.55150002,7,7,14,1,29
7500,0,8,7,3,8,1,532,0,1,47,12,5.6391001,3.5999999,1968,47,11,8.6381998,28700,.66149998,7,3,11,1,9
13900,1066,4,7,7,0,1,394,0,0,45,12,1.599,2.5,2100,45,12,3.8367,9563,.75150001,7,7,7.5,0,6
15865,1378,3,7,9,4,1,675,0,2,37,12,2.6666999,3,2651,48,17,7.1671,20960,.69150001,7,7,7.5,0,11
24000,3004,0,7,10,2,1,1515,0,4,46,16,7.9208002,6.8000002,1918,49,14,8.8634005,38590,.62150002,12,10,14,1,17
15700,1164,3,9,14,2,1,1030,0,3,43,17,5.3397999,5.8000002,2585,46,16,7.7368999,27900,.66149998,12,12,5,1,6
20000,1958,2,10,7,5,1,1250,0,2,42,12,4,4,2250,46,17,9.1702003,25633,.62150002,7,7,7.5,1,7
26000,3224,8,7,7,4,1,1158,1,2,34,17,6.0448999,5.0999999,2480,39,17,11.29,35200,.55150002,12,12,7.5,1,2
12243,562,2,10,7,3,1,112,0,0,52,12,6.25,0,2924,53,12,6.3269,29500,.58149999,7,7,7.5,1,24
3000,0,3,7,7,3,1,336,0,3,37,12,2.9762001,2.2,1896,52,9,4.7467999,10000,.75150001,10,7,7.5,0,4
5000,0,2,3,7,8,1,1984,0,1,37,12,4.2339001,4.7800002,2332,40,12,4.8885002,19800,.69150001,10,7,5,0,11
22800,3614,1,7,12,4,1,716,0,0,52,8,3.4916,2.2,3482,59,7,2.4842,12900,.72149998,7,7,5,0,25
19392,2671,4,14,7,1,1,1410,1,0,30,12,4.9645,1.28,2106,30,14,8.5469999,26080,.62150002,12,12,7.5,0,11
10800,1043,6,7,7,8,1,1300,0,1,31,13,2.7692001,0,1160,32,12,6.6378999,13066,.75150001,17,7,11,1,2
18200,2440,7,10,12,3,1,1640,0,1,38,12,3.6585,3.25,2040,46,12,3.1863,12500,.72149998,7,7,7.5,0,19
17500,2293,3,7,12,1,1,1202,0,3,43,12,5.3934999,0,2856,48,16,4.5465999,35600,.58149999,7,7,9,1,7
19768,2755,1,12,12,0,1,489,0,1,49,8,.65640002,2.29,950,51,8,12.789,19424,.75150001,7,7,5,1,2
8068,517,8,7,7,0,1,2076,0,0,55,12,4.7687998,4.6799998,2068,58,10,6.5279999,26250,.66149998,7,7,5,1,20
24350,3547,2,12,12,4,1,526,0,2,38,17,8.5551004,4.1999998,1896,42,17,16.403,36525,.55150002,12,14,9.5,1,10
25100,3735,4,7,7,2,1,1721,0,0,52,17,10.459,9.5,2000,56,16,7,34700,.61000001,14,17,14,1,19
22000,3020,2,12,12,1,1,1327,0,0,48,12,2.6375,2.5699999,288,51,11,13.542,8311,.75150001,7,7,11,1,17
42250,8746,6,7,12,1,1,584,0,2,32,13,6.8492999,4.3200002,2160,33,12,6.7129998,28626,.69150001,12,10,11,1,12
26040,3947,0,10,12,1,1,1376,0,1,32,12,5.0872002,5,3120,33,17,5.4487,24400,.66149998,7,7,5,1,11
25700,3455,0,16,14,1,1,1040,0,2,38,12,.96149999,0,1944,41,17,6.6872001,14025,.72149998,7,7,7.5,1,6
7000,190,1,7,3,4,1,548,0,3,46,12,4.3066001,3.6900001,2046,47,12,9.0943003,21367,.69150001,16,12,14,1,10
4000,0,3,12,10,1,1,15,0,3,40,12,7.0667,0,2005,42,9,6.5337,14136,.75150001,7,7,7.5,0,4
12000,921,7,12,12,2,1,1980,0,4,31,9,2.5253,2.5599999,2070,36,10,4.6859999,19900,.75150001,10,7,5,1,2
19022,2390,2,16,16,2,1,1520,0,1,43,10,7.8947001,5,3000,50,12,8,37000,.52149999,12,9,9.5,1,13
11100,927,1,10,7,1,1,1880,0,0,51,12,4.1489,3.9000001,2640,51,12,4.053,18500,.69150001,7,7,7.5,0,21
14800,1389,4,7,12,4,1,1260,1,0,30,16,8.1745996,8.1700001,2450,34,17,8.1632996,34550,.55150002,16,14,5,1,9
14500,1529,1,10,12,3,1,1092,0,0,52,13,9.5971003,0,1000,53,15,16.5,49620,.46149999,10,7,11,1,4
50300,11683,0,7,12,1,1,1587,1,5,30,8,2.0164001,2.3,2080,33,8,3.4614999,10400,.78149998,3,3,7.5,0,2
9400,600,4,12,12,2,1,156,0,0,51,16,7.6217999,0,2413,51,16,11.361,33000,.55150002,16,16,11,1,19
29000,4709,0,12,17,1,1,1939,0,2,31,13,3.1975,3.4300001,2570,31,12,3.8910999,16200,.72149998,7,3,7.5,1,4
30300,4788,1,7,7,5,1,1250,0,4,34,12,1.6,1.36,2030,52,12,9.6058998,22660,.69150001,12,16,7.5,1,9
13700,1381,2,10,9,2,1,610,0,0,49,11,4.0984001,4,4684,59,17,2.6687,16000,.72149998,7,7,7.5,1,14
24701,3641,2,14,12,1,1,270,1,3,35,13,1.4815,5,2802,41,17,8.8865004,25780,.66149998,7,16,9.5,1,6
16028,1806,1,7,10,4,1,660,1,0,53,12,3.6364,3.1500001,2090,59,12,6.3635998,20675,.72149998,7,12,7.5,1,24
16200,1843,4,12,12,1,1,1000,0,3,32,12,1,0,2053,46,16,17.728001,40213,.55150002,12,7,11,0,1
37600,7224,1,12,12,8,1,1920,0,3,38,10,2.6041999,2.9300001,1984,42,10,5.2923002,15500,.72149998,12,7,7.5,1,13
8607,453,2,7,7,4,1,200,0,0,54,12,1.75,0,2040,54,16,15.686,35207,.58149999,7,12,9.5,1,3
13075,1253,5,10,12,8,1,1500,0,1,47,17,4.8000002,3.5999999,2794,58,8,5.2423,35702,.55150002,10,12,11,1,10
27850,4386,4,14,12,8,1,868,0,1,45,15,5.5300002,6,3290,47,14,3.0395,17800,.72149998,14,12,9.5,1,16
9800,676,3,7,12,3,1,2318,0,1,47,16,4.0984001,4.1999998,1911,46,16,16.745001,50900,.49149999,16,16,5,1,9
20000,2600,5,10,7,7,1,2000,0,0,59,10,1.25,0,2000,60,12,3.75,17280,.69150001,7,7,5,0,19
14000,1436,4,3,3,4,1,60,0,1,32,11,1.6667,0,2580,31,12,5.8140001,15150,.72149998,10,9,5,1,4
7500,121,2,16,12,6,1,1715,0,1,45,12,3.7901001,3.3800001,2400,49,17,10.833,36200,.58149999,7,7,7.5,1,10
20500,2488,3,12,12,1,1,550,0,4,40,12,2.3636,2.26,1740,47,12,9.0029001,17465,.72149998,14,12,5,1,5
6500,0,2,7,3,5,1,1960,0,2,47,14,10.204,0,2500,50,12,6.54,45205,.61000001,14,12,3,1,7
45250,9114,2,12,12,1,1,44,1,2,36,16,6.8182001,1.36,1840,37,17,5.9783001,14500,.75150001,12,10,5,0,3
6800,16,4,7,3,6,1,1920,0,0,56,14,7.2146001,6.9200001,2036,56,14,8.6247997,32011,.58149999,7,7,7.5,0,38
7286,84,3,7,7,0,1,2540,0,1,41,8,2.4484,0,3536,43,11,4.8329,35200,.62150002,7,12,9.5,0,16
8009,200,1,7,9,2,1,156,0,3,48,7,1.1987,0,880,51,11,10.909,13579,.75150001,3,7,11,0,13
18220,2018,7,7,12,3,1,780,1,2,36,12,1.641,0,2007,38,12,3.8864,10455,.75150001,7,7,11,0,1
96000,31386,3,7,14,1,1,3120,0,0,41,12,1.7821,0,2632,44,13,8.4574003,32600,.55150002,7,3,5,0,7
18010,1981,2,10,12,3,1,2040,0,0,41,14,2.9412,2.8,2600,43,12,5,19150,.69150001,7,10,11,1,15
28450,4277,1,7,12,1,1,1610,0,3,36,12,4.9689002,4.25,2156,36,13,7.4211998,24400,.66149998,12,17,9.5,1,10
10800,698,2,7,10,1,1,215,0,3,37,12,1.8605,0,3625,41,12,4.4938002,21700,.69150001,10,7,3,0,2
17045,1796,2,10,7,5,1,1120,0,0,38,12,8.0356998,0,2420,42,12,7.0251999,26201,.62150002,7,3,9.5,1,19
13600,1176,8,7,10,3,1,846,0,2,43,14,3.9716001,4.1999998,2080,43,9,3.2788,11920,.75150001,3,3,7.5,1,25
21000,2593,4,16,7,3,1,3225,0,0,54,16,3.0416,0,3443,59,17,1.2861,16300,.72149998,12,12,9.5,1,25
16510,1703,1,12,12,1,1,1376,0,1,38,12,2.9070001,3.75,2250,41,12,5.5556002,16500,.72149998,7,7,5,1,7
25000,3472,4,12,12,1,1,980,1,0,30,12,3.0611999,3.5999999,2535,34,16,7.4951,30000,.58149999,12,7,11,1,15
12200,953,2,7,7,6,1,1838,0,0,49,12,4.8965998,5,2352,48,15,22.108999,62500,.44150001,7,7,9.5,1,11
9890,513,4,7,9,6,1,1494,0,1,45,13,4.0160999,2.5,3036,49,6,9.0579996,58500,.44150001,10,10,9.5,1,25
47500,9908,4,7,12,1,1,450,0,0,51,13,5.5556002,3.5,2600,57,14,11.538,40900,.52149999,7,7,9.5,1,19
23500,2899,4,12,12,3,1,1976,0,0,34,10,1.2227,2.45,2223,39,7,6.0468001,16308,.69150001,0,10,7.5,1,4
15000,1230,3,7,7,3,1,2012,0,2,34,12,2.6839001,3.6099999,2666,34,10,1.3653001,9300,.75150001,7,7,7.5,1,14
6000,0,3,12,12,5,1,561,0,1,41,12,2.6738,3.25,2006,41,17,16.549999,35700,.55150002,10,9,7.5,1,19
24000,3004,1,12,10,2,1,1715,0,1,49,12,9.3294001,7.0500002,1710,49,17,8.7719002,35700,.63999999,9,9,11,1,18
24900,3207,1,7,12,0,1,1912,0,0,32,12,3.1380999,3.5999999,1920,46,14,9.6353998,24500,.66149998,12,12,5,1,14
17000,1600,6,7,7,7,1,3686,0,0,32,14,.54259998,0,1647,39,14,6.6788001,13000,.72149998,12,12,7.5,1,11
14750,1208,2,12,12,3,1,1080,0,2,32,17,8.6111002,4.6500001,3080,35,15,7.5727,52600,.44150001,12,12,5,0,4
27360,3771,3,12,17,1,1,1799,0,0,47,10,3.6687,3.25,1920,48,10,7.8125,25360,.66149998,3,7,7.5,1,29
24760,3136,1,14,14,8,1,1984,0,1,39,9,2.3185,2.3,2420,47,4,1.9835,9400,.75150001,9,9,7.5,0,21
26000,3465,1,10,12,1,1,1839,0,0,49,12,2.882,3.27,2205,53,15,9.5237999,26800,.62150002,12,12,11,1,24
27975,3912,7,3,7,3,1,1579,0,3,37,12,3.1666,0,3035,39,14,6.4250002,33040,.66149998,12,7,7.5,1,19
30000,4164,1,7,9,1,1,96,0,0,59,16,3.6458001,0,2185,60,15,10.984,26350,.62150002,14,12,7.5,1,31
19700,2101,1,16,14,2,1,1920,0,0,50,12,6.25,5.4699998,1880,56,12,12.766,39000,.52149999,7,7,14,1,28
40420,8141,5,3,3,8,1,1688,0,1,32,17,10.249,9.8000002,1863,33,17,9.5544996,35100,.61000001,12,12,9.5,1,15
7000,0,5,7,3,8,1,1589,0,0,46,12,3.2096,5.54,2456,48,16,5.4966998,22502,.66149998,12,12,11,0,27
11000,0,7,7,12,8,1,345,0,2,43,17,7.6522002,5,1847,46,17,9.7617998,21950,.69150001,12,14,14,0,13
26000,3224,1,7,3,4,1,1521,0,3,37,11,1.9724,2.3,2000,42,6,5,13000,.75150001,7,7,7.5,0,4
12100,1109,0,12,12,3,1,1490,0,2,32,16,4.698,3.9000001,1856,35,14,5.9994998,18180,.72149998,12,14,9,1,10
23600,3382,2,7,10,2,1,989,0,1,39,11,2.1234,2.76,1880,43,14,6.9148998,20957,.69150001,10,10,9,1,8
16050,1806,5,7,12,6,1,600,0,2,34,13,2.3333001,2.9000001,3020,35,12,4.9668999,13700,.72149998,12,12,7.5,0,4
16150,1825,3,17,17,3,1,2646,0,1,39,11,2.3896,0,2646,41,8,2.3896,20000,.69150001,7,7,5,1,18
14700,1371,1,12,12,2,1,2149,0,3,45,8,1.2564,2.5,1640,48,9,4.5121999,12260,.75150001,7,7,5,1,3
18520,2285,5,7,12,2,1,320,0,0,50,11,1.0937999,0,1950,54,11,9.2307997,24850,.66149998,3,12,7.5,1,11
17200,2028,1,12,12,2,1,1600,0,1,40,12,3.75,3.3,1920,39,12,11.458,29150,.58149999,12,7,7.5,1,8
18600,2306,3,10,12,3,1,2419,0,1,30,10,3.3072,3.9000001,2025,34,12,7.6992998,23591,.66149998,7,7,11,1,10
7800,168,4,7,7,6,1,2005,0,0,57,17,5.1352,5.25,2470,56,17,4.1830001,24717,.66149998,16,12,11,1,33
23000,3013,1,14,16,2,1,1960,0,1,39,12,6.6327,3.5999999,1800,43,12,8.3332996,30455,.62150002,12,12,9,1,19
40250,8046,8,12,12,2,1,2147,0,0,53,12,4.5644999,4.9000001,1920,56,8,5.1041999,19600,.69150001,12,12,7.5,1,35
15000,1426,8,10,7,3,1,1207,0,1,48,17,11.848,7.1500001,2039,53,17,8.2271004,31875,.63999999,7,12,5,1,21
9900,334,2,7,12,2,1,2000,0,1,46,14,3.75,3.75,2570,48,16,5.6634002,24055,.66149998,14,14,7.5,0,7
35000,6747,4,7,7,5,1,1260,0,0,47,12,4.3650999,4.3499999,1914,54,12,5.2220001,18795,.72149998,7,10,7.5,0,18
36000,6119,1,7,12,1,1,90,0,1,43,12,3.9333,4,1516,47,10,7.1900001,12198,.75150001,7,7,7.5,0,4
10000,172,7,12,12,5,1,1800,0,0,47,12,3.3333001,3.25,2520,47,16,13.907,52645,.49149999,12,7,7.5,1,12
3200,0,4,7,7,3,1,573,0,1,47,12,3.3159001,2.2,2327,48,12,6.0163002,16600,.72149998,10,7,14,0,16
18000,1588,4,7,12,2,1,1825,0,0,47,12,3.5616,3,2188,50,12,7.6781998,32590,.62150002,7,7,7.5,1,14
7000,0,6,7,10,8,1,75,0,0,46,12,1.6,0,1864,48,12,5.3112001,10020,.75150001,3,7,7.5,1,3
51200,11656,1,17,12,4,1,1348,0,4,34,9,2.2255001,2.3,2183,33,10,4.1227999,12048,.75150001,7,7,11,0,1
73600,20702,2,12,12,2,1,1880,0,0,48,10,4.7872,4.25,1920,55,12,7.8125,39750,.62150002,7,7,11,0,27
12200,184,8,7,7,3,1,1240,0,1,30,12,5.8065,6.9000001,1824,31,12,4.6052999,15700,.72149998,10,7,7.5,1,12
91044,28627,5,12,12,2,1,848,0,1,51,12,2.3585,2.3,2878,54,12,3.9746001,24250,.66149998,7,7,3,0,6
24751,3641,8,7,7,1,1,150,0,5,52,12,2,0,2390,54,16,15.063,43210,.52149999,7,12,14,1,9
13236,1112,8,7,7,4,1,2000,0,2,37,12,1.9,1.85,3120,39,13,4.5064001,37100,.62150002,12,12,5,0,2
10780,1196,4,7,10,2,1,1952,0,2,32,12,5.1230001,3.25,2040,33,12,5.8824,23820,.66149998,12,7,5,0,6
11500,831,4,17,14,1,1,1456,0,2,36,17,5.4945002,6.04,2151,35,15,10.228,31600,.58149999,12,14,5,1,9
20880,2768,2,12,14,0,1,1740,0,2,35,12,6.3218002,5.5,1976,37,14,6.5788999,24000,.66149998,10,10,7.5,1,16
12473,1336,4,7,10,8,1,1400,0,0,45,17,7.1429,7.1399999,2286,51,16,8.8144999,30750,.58149999,14,12,5,0,22
15150,1835,6,9,12,2,1,2000,0,0,56,12,2.375,2.7,2032,60,10,2.9528,11050,.75150001,7,7,14,0,26
23750,3166,1,7,10,1,1,1750,0,2,40,10,2.5429001,2.74,1680,45,4,4.5173001,12239,.75150001,7,7,14,0,11
17900,2159,4,12,12,3,1,1101,1,2,45,12,2.1798,2.3,1560,49,14,5.1282001,12870,.75150001,14,12,7.5,1,11
10020,1063,1,3,7,2,1,2000,0,2,32,12,2.5999999,2.5,2895,30,12,4.1451001,17200,.72149998,10,7,7.5,0,15
8337,736,2,12,12,2,1,1877,0,0,45,12,3.7293999,3.5999999,1820,50,8,8.7911997,23980,.66149998,10,10,7.5,0,13
11282,1119,3,7,7,4,1,160,0,2,40,12,4.375,1.85,2450,44,12,7.3060999,18600,.69150001,7,12,14,1,6
11555,630,7,12,14,3,1,1886,0,1,38,12,4.4432998,4,1748,42,8,6.0068998,23920,.69150001,7,10,9.5,1,20
25950,4445,1,12,12,1,1,1446,0,4,49,12,4.2877002,4.4000001,1020,45,12,8.3332996,16084,.75150001,7,7,14,1,17
14700,1761,2,7,12,1,1,1500,0,1,47,16,1.6667,1.5,2342,49,17,11.529,31100,.58149999,14,14,11,1,8
30370,5598,2,17,14,0,1,860,0,0,52,13,3.2558,5.8299999,2250,53,12,6.6666999,20460,.66149998,7,7,11,1,13
29500,5383,7,7,7,8,1,1848,0,1,34,13,5.4113002,6,2880,40,16,8.6806002,36000,.55150002,12,12,7.5,1,15
15810,1574,3,10,12,4,1,1678,0,2,44,12,2.2049999,2.3,2032,46,12,3.4679999,17302,.72149998,14,12,3,0,14
15850,2159,8,7,7,4,1,160,0,3,36,16,4.0625,0,3120,42,16,3.0321,16450,.72149998,14,7,3,0,14
21120,2614,1,9,7,3,1,108,0,0,50,17,.64819998,0,1760,57,16,13.807,41170,.58149999,14,16,9.5,1,6
24000,3004,8,7,10,3,1,1738,0,0,45,12,5.3825998,6.1799998,1725,47,12,6.2174001,20130,.66149998,0,0,7.5,1,24
17290,2028,4,12,12,1,1,1170,0,2,44,14,.1709,0,2080,46,13,4.2308002,9200,.75150001,16,12,9.5,1,10
14000,1241,4,9,12,3,1,15,0,2,57,12,23.466999,0,2040,57,10,11.47,24751,.66149998,7,7,11,1,2
42300,7792,1,7,16,2,1,2088,0,0,35,17,9.5784998,9.9799995,2940,42,17,12.245,57300,.5,12,17,9.5,1,9
35300,7116,1,12,12,0,1,2490,0,0,46,12,3.6947999,3.77,2280,52,12,9.2104998,37200,.58149999,7,7,7.5,1,23
33000,6414,0,12,12,7,1,135,2,1,30,14,2.2221999,0,2164,35,16,6.3309002,14000,.72149998,10,12,14,1,12
9787,494,7,7,10,8,1,1944,0,3,42,12,1.749,2.3,1999,44,12,7.8038998,20610,.69150001,7,3,14,0,8
18600,2092,3,14,12,7,1,690,0,1,34,12,1.1594,2.25,1824,36,13,7.6753998,14800,.72149998,10,7,7.5,1,16
19200,1613,4,7,12,1,1,608,0,2,45,17,6.9900999,3,2182,47,16,15.582,40005,.55150002,10,14,14,1,10
16450,1675,5,7,7,2,1,63,1,2,35,16,3.9683001,0,2385,37,16,9.6436005,23750,.66149998,14,7,14,1,7
26500,3825,1,14,12,1,1,154,0,0,40,16,21.429001,8.1300001,2460,44,17,12.886,35300,.55150002,7,12,14,1,19
2300,0,8,7,12,7,1,420,0,1,32,12,.47620001,2.8499999,2595,35,16,6.5510998,17350,.69150001,12,12,7.5,1,2
12732,1205,3,3,10,1,1,651,0,0,54,9,2.1505001,1.4400001,2400,57,10,8.25,21650,.66149998,7,7,7.5,1,9
33450,5635,7,7,7,8,1,675,0,3,38,12,1.8578,2.2,3120,42,8,1.3792,6740,.79149997,7,7,14,0,14
23000,3481,1,7,12,1,1,1663,0,3,43,12,4.3295002,3.5999999,2850,42,12,5.2631998,32275,.69150001,12,14,5,1,9
43500,8512,8,7,10,1,1,1680,0,0,54,16,8.9286003,7,760,60,12,10.526,33220,.72000003,14,7,9.5,1,16
8234,544,7,7,7,7,1,180,0,3,39,14,2.7778001,4,2500,37,17,10,26500,.62150002,12,12,7.5,1,7
13900,1808,1,16,17,4,1,1581,0,1,37,12,2.6565001,3.25,2630,39,14,12.548,38700,.52149999,7,12,5,1,6
20200,2425,1,12,12,3,1,1200,0,2,46,12,2.5,3.0799999,2597,48,8,4.6206999,15400,.72149998,7,7,5,1,22
16037,1611,3,9,12,3,1,450,0,0,56,11,18.267,0,2760,60,11,1.854,19007,.69150001,7,7,3,0,9
25490,3566,1,12,14,2,1,547,0,3,41,12,.81900001,2,2070,44,8,7.4266,16771,.72149998,12,7,7.5,0,9
21450,3112,5,7,7,1,1,300,0,1,45,16,2,0,2256,48,16,13.298,31100,.58149999,16,7,11,1,14
19469,1669,2,7,3,1,1,975,0,1,44,17,15.385,8.5,1505,47,16,26.577999,66300,.5,3,3,7.5,1,17
18900,2369,5,7,7,2,1,1621,0,1,50,17,6.4775,0,2364,52,17,13.959,43550,.49149999,16,12,5,0,12
6985,182,5,7,12,1,1,300,0,5,37,14,8.3332996,3.5,2895,38,14,13.126,37250,.62150002,7,7,11,0,13
15500,1519,2,7,7,1,1,1868,0,1,44,12,4.5503001,4.25,2041,46,12,7.8882999,24900,.66149998,16,7,14,0,8
17590,2083,4,7,7,1,1,1803,0,2,32,14,2.4958,1.9,2195,34,17,8.6560001,24200,.66149998,7,14,9.5,1,10
26220,4496,8,3,7,4,1,2143,1,1,34,12,4.4797001,4.8000002,1935,40,12,3.4109001,16200,.72149998,10,10,14,0,16
25780,3418,1,7,7,1,1,1080,0,2,32,10,2.2323999,2.3,1950,35,10,4.6255999,11431,.75150001,10,10,7.5,0,1
25700,4362,2,12,7,3,1,1352,0,3,37,12,2.0710001,1.8,2375,38,14,4.2104998,13200,.75150001,10,10,11,0,6
17955,2159,0,12,10,1,1,537,0,1,44,13,1.676,0,1920,55,8,4.2708001,15420,.77149999,10,10,9,1,4
13500,1160,2,7,12,2,1,352,0,2,34,16,3.4091001,0,3300,33,12,3.3424001,18400,.69150001,12,12,14,0,8
23580,3359,3,12,12,4,1,200,1,3,33,12,2.5,8,3680,33,16,8.6358995,43500,.49149999,10,3,5,1,4
31100,5173,2,7,7,0,1,2045,0,3,43,7,3.9609001,4.0700002,1968,43,12,6.7581,21972,.69150001,7,7,7.5,1,15
30100,3705,4,7,12,8,1,1253,0,2,35,16,6.2275,3.97,2504,33,10,.58429998,7774,.77149999,16,16,11,0,7
13100,1465,4,12,3,5,1,1960,0,1,43,14,3.9286001,3.8499999,2000,45,14,5.335,24470,.69150001,7,7,7.5,0,14
24850,3665,8,3,9,3,1,2000,0,0,34,12,2.9000001,2.5,1656,37,12,4.7101002,13600,.72149998,7,7,7.5,0,16
10000,546,8,7,3,1,1,1960,0,3,36,10,4.0816002,4.5500002,1968,39,7,4.9797001,22500,.72149998,7,0,7.5,0,15
19870,2122,0,7,7,5,1,2000,0,2,41,12,2.8499999,4.1999998,2016,41,12,2.9762001,13600,.72149998,7,7,14,0,23
9600,983,1,7,12,8,1,1568,0,0,41,16,7.0152998,6.3099999,2602,44,17,12.744,90800,.44150001,7,7,7.5,0,19
13900,299,2,7,9,6,1,1225,0,3,35,10,2.9388001,2.4000001,1560,43,9,3.8462,10776,.75150001,10,10,7.5,0,4
20970,2789,2,14,7,3,1,780,1,3,32,12,1.9231,3.25,1827,37,10,7.2233,19007,.75150001,10,7,5,1,12
12030,1457,1,7,14,2,1,480,0,0,30,14,6.875,0,2080,34,14,8.8077002,23900,.66149998,12,12,14,1,12
18400,2264,4,7,12,1,1,1923,0,0,43,12,3.9001999,4.7399998,3390,47,12,5.3864002,26060,.62150002,7,7,7.5,1,25
20500,2488,4,12,12,0,1,2000,0,0,54,6,2,0,2524,57,6,3.6846001,13300,.72149998,7,7,7.5,0,14
12320,1512,0,7,12,4,1,2110,0,2,35,15,4.9762998,4.3699999,2777,34,12,1.8437001,15620,.72149998,7,7,7.5,0,14
32650,5406,2,7,10,2,1,1664,0,0,50,12,1.2019,5,3120,54,13,1.3013,16500,.72149998,7,7,7.5,0,11
8687,802,2,7,7,1,1,48,1,1,34,17,22.5,0,2700,36,17,7.2221999,20880,.69150001,14,16,5,1,7
5610,0,8,7,10,4,1,1791,0,0,52,14,6.8677001,6.1799998,1904,57,12,7.3529,30600,.66149998,14,12,9.5,1,18
27000,4182,5,12,12,2,1,1404,0,3,35,13,3.5613,5.3000002,2360,38,14,11.864,39000,.62150002,7,10,9,1,4
11800,687,3,12,10,3,1,1920,0,0,55,6,1.9792,2.5799999,1960,58,8,5.3326998,15428,.72149998,7,7,7.5,0,37
17350,2251,2,16,12,1,1,2141,0,0,35,16,5.3713002,6,2000,42,16,5.5,23300,.66149998,7,7,7.5,0,13
2400,0,1,7,12,3,1,1720,0,1,49,14,1.7442,0,2600,45,16,7.2308002,42100,.52149999,16,16,9.5,1,14
40500,8174,1,12,12,1,1,3533,2,2,38,15,5.0948,8.5,2000,38,9,7,36430,.63999999,12,7,9.5,1,17
19007,2825,1,12,7,5,1,2000,0,2,42,14,2.5,0,2218,45,14,7.2136998,26000,.69150001,7,7,9.5,1,5
13300,1128,8,7,3,5,1,800,0,1,48,8,3.825,2.3,2000,52,5,4.5,62060,.75150001,7,7,7.5,0,2
12900,1428,3,12,12,3,1,3000,0,0,51,14,1,0,2595,53,16,8.8632002,28300,.62150002,12,12,9.5,1,0
7300,91,3,7,7,7,1,293,0,2,43,12,3.0717001,4,2400,47,12,9.3332996,24149,.66149998,12,10,7.5,1,3
17300,2046,1,7,7,2,1,1872,0,1,43,12,1.7163,0,2856,48,12,3.8262999,28141,.66149998,12,10,7.5,1,21
23900,3933,2,7,12,5,1,2058,0,1,38,12,4.0208998,4,2601,38,14,5.4447999,23057,.66149998,10,10,7.5,1,20
7850,650,8,9,7,8,1,1832,0,1,44,12,5.4584999,4.9499998,2054,48,9,8.7634001,28900,.62150002,3,7,7.5,1,19
19820,2993,0,7,7,3,1,120,1,3,36,12,25,9.9799995,2500,35,12,8.3999996,24000,.66149998,12,10,9.5,1,4
22172,3041,4,7,7,2,1,1632,0,0,38,12,2.3896999,2.3,1960,31,12,5.1020002,13900,.72149998,12,12,7.5,0,19
13800,1034,3,7,7,1,1,778,0,0,47,8,3.2133999,7.25,2058,51,8,7.4101,31810,.69150001,12,12,5,1,11
12791,1205,5,7,7,3,1,1984,0,2,34,12,3.3770001,3.1400001,2410,49,10,5.3527002,19840,.69150001,7,7,7.5,0,14
18000,2398,2,12,12,1,1,225,1,2,40,17,1.7778,0,1278,38,17,19.562,25490,.66149998,16,17,14,1,8
10300,1120,4,10,9,1,1,1960,0,1,31,12,3.1633,3.1800001,2875,35,12,5.0783,20800,.69150001,12,12,7.5,0,13
25600,3371,2,12,10,2,1,444,0,0,46,12,2.7026999,0,2340,49,12,.51279998,2400,.80150002,10,16,7.5,1,24
12800,875,1,7,3,4,1,384,0,3,36,14,1.6927,0,3060,43,17,5.402,32650,.58149999,10,10,14,1,1
18100,2636,0,7,9,0,1,1170,1,2,39,13,.2137,0,1920,47,12,7.8646002,16370,.72149998,12,16,11,1,1
36525,6873,1,12,12,1,1,1330,0,2,36,17,6.7669001,4.5,3390,38,12,6.0531001,35500,.55150002,7,7,14,0,3
28000,4440,3,7,7,3,1,1350,0,4,37,8,1.7407,2.0999999,2400,41,12,5,15100,.75150001,7,7,3,0,4
21200,3070,2,7,7,5,1,480,0,4,39,12,2.5,0,1640,40,11,7.6829,14100,.75150001,7,9,3,0,21
9100,381,1,7,10,1,1,1984,1,3,36,11,4.4858999,3.26,1656,38,8,6.0386,19600,.72149998,7,3,14,0,10
16221,1648,3,3,7,1,1,1944,0,2,49,12,2.572,2.7,1920,53,16,5.8509998,19434,.72149998,7,7,5,1,13
20967,2572,1,10,12,4,1,50,1,1,45,12,3.46,5,1780,46,10,6.7416,23882,.72149998,7,7,9.5,1,9
17165,1618,0,3,7,0,1,460,2,0,32,17,4.7825999,0,1850,31,17,8.1080999,17300,.72149998,7,7,7.5,0,14
35700,6931,3,7,12,0,1,680,0,5,36,10,2.3118,0,3430,43,12,5.3060999,19772,.72149998,7,7,7.5,0,2
34550,5998,3,16,12,1,1,2450,0,1,40,12,5.3060999,6.5,2008,40,8,7.2708998,35641,.62150002,7,7,5,1,21
16100,1825,2,7,7,0,1,2144,0,2,43,13,5.8674998,0,2140,43,11,8.1775999,34220,.58149999,7,7,7.5,1,22
7000,190,3,12,7,2,1,1760,0,1,33,12,3.4091001,3.21,3380,34,12,7.1005998,30000,.58149999,12,16,11,1,14
24000,3237,1,7,12,1,1,490,0,1,30,12,4.0816002,2.46,2430,33,11,6.5844002,18000,.69150001,12,12,7.5,1,7
18500,2285,2,17,16,1,0,0,0,1,49,12,0,0,2550,54,15,7.8529,21025,.66149998,14,12,7.5,1,2
13700,1381,6,7,7,1,0,0,2,0,30,16,0,0,1928,34,16,11.929,23600,.66149998,14,7,9.5,1,5
38350,7131,2,7,12,0,0,0,1,0,30,12,0,0,1100,39,17,18,22800,.66149998,12,12,7.5,0,12
9400,0,3,3,7,8,0,0,0,4,41,12,0,0,3193,40,16,10.022,35910,.58149999,7,7,7.5,1,1
15000,2011,4,14,7,3,0,0,0,1,45,12,0,0,2250,46,16,9.3332996,21700,.66149998,7,7,5,1,12
15000,1816,3,7,7,5,0,0,0,5,43,12,0,0,2012,44,13,6.085,21823,.75150001,7,7,7.5,1,4
17149,1422,2,7,7,1,0,0,0,1,42,13,0,0,3856,46,15,5.7054,31000,.66149998,10,7,11,1,9
21650,3392,4,7,7,3,0,0,0,0,60,12,0,0,1645,58,12,9.1184998,15300,.72149998,7,7,7.5,1,9
29800,4924,1,7,14,0,0,0,0,0,57,12,0,0,1554,57,12,7.2072001,12925,.72149998,9,3,7.5,1,6
15875,2159,6,7,7,2,0,0,0,2,38,10,0,0,2352,41,8,5.3146,15830,.75150001,12,7,5,0,5
20960,2789,5,7,7,8,0,0,0,0,56,12,0,0,1980,58,12,8.2827997,30200,.69150001,12,12,7.5,1,5
6740,1,2,3,9,8,0,0,0,3,32,12,0,0,2352,37,7,7.0577998,16600,.72149998,10,7,5,0,8
19772,1921,3,7,7,6,0,0,0,1,49,7,0,0,1784,58,6,6.1659002,11000,.75150001,7,7,7.5,1,2
14800,1779,8,7,3,5,0,0,0,0,55,12,0,0,2500,58,12,2.7,15000,.72149998,7,10,3,0,6
12200,1299,0,7,10,2,0,0,1,1,36,9,0,0,2088,39,14,7.6627998,20528,.72149998,7,7,11,0,0
12900,1623,5,7,7,1,0,0,0,3,44,12,0,0,4640,50,12,1.8491,13126,.75150001,9,9,14,0,3
3305,0,8,7,7,8,0,0,0,1,44,10,0,0,3900,60,12,3.8462,15550,.72149998,7,14,7.5,1,7
18550,2720,2,7,10,2,0,0,1,2,35,14,0,0,1988,34,17,9.0543003,18010,.72149998,3,12,7.5,1,3
30800,5192,1,16,12,1,0,0,2,3,44,14,0,0,1920,45,10,9.375,18874,.72149998,10,10,14,0,10
27100,4206,1,7,7,0,0,0,0,1,45,12,0,0,2400,45,12,8.3332996,24800,.66149998,12,12,14,1,3
17748,2335,3,7,10,2,0,0,1,0,34,12,0,0,1867,38,12,9.3732996,17500,.69150001,12,17,5,1,2
14000,1436,1,7,12,1,0,0,2,0,30,17,0,0,3570,32,17,4.4818001,16150,.72149998,12,12,7.5,1,12
17870,2573,4,7,7,3,0,0,0,1,39,8,0,0,2805,44,12,5.3476,15189,.72149998,7,3,3,0,15
10400,622,5,12,9,4,0,0,0,2,36,12,0,0,1110,39,15,3.2026999,6000,.78149998,7,7,14,0,5
14697,434,5,7,0,3,0,0,0,2,38,17,0,0,2695,42,16,12.801,37250,.55150002,10,12,9.5,1,4
7220,373,0,7,12,1,0,0,0,0,53,12,0,0,1950,54,16,6.9102998,27760,.62150002,10,10,7.5,1,10
15740,2141,7,7,7,2,0,0,0,2,36,12,0,0,2128,42,12,4.2293,9090,.77149999,7,7,3,0,1
13509,1160,2,3,3,1,0,0,1,1,32,12,0,0,3260,31,12,4.4478998,14500,.72149998,12,7,7.5,1,8
12160,1475,0,7,14,5,0,0,0,3,51,9,0,0,1987,51,12,8.0523005,19700,.72149998,7,7,14,1,20
26800,4135,3,7,7,5,0,0,0,0,38,11,0,0,2185,46,11,7.5057001,16788,.69150001,10,7,14,1,4
12060,1266,7,3,3,8,0,0,2,0,33,12,0,0,2475,36,12,7.4747,18520,.69150001,10,10,11,1,7
19350,2453,2,7,12,1,0,0,0,0,54,12,0,0,2610,53,12,6.3218002,20950,.69150001,16,10,9.5,1,10
26400,3801,7,12,7,2,0,0,0,3,38,9,0,0,1920,44,12,2.1354001,7574,.80150002,7,3,11,0,3
10180,737,2,7,12,6,0,0,2,2,30,11,0,0,2352,31,14,4.2091999,10027,.77149999,7,7,3,0,5
22000,3020,5,7,7,8,0,0,2,3,34,12,0,0,3160,30,12,.75950003,5000,.94150001,12,12,7.5,0,10
20460,3119,5,7,7,2,0,0,0,1,34,9,0,0,1040,37,13,4.8077002,7040,.79149997,12,7,3,0,0
14800,1584,3,7,3,1,0,0,0,2,50,12,0,0,3120,49,12,12.788,40800,.52149999,10,7,7.5,1,3
25500,4309,1,7,12,1,0,0,2,0,30,17,0,0,2240,30,16,7.1429,16050,.72149998,12,12,11,0,10
5380,226,4,7,3,2,0,0,0,2,38,12,0,0,1980,42,16,15.152,33100,.58149999,10,7,11,1,2
21700,2421,4,7,12,5,0,0,0,0,54,14,0,0,1960,58,14,7.9081998,33856,.72149998,12,12,9.5,1,10
25900,3442,5,7,12,2,0,0,1,2,30,12,0,3,2940,31,17,6.9727998,20500,.69150001,12,12,7.5,1,4
16000,1806,0,10,12,2,0,0,0,0,55,12,0,0,2467,56,11,4.9180999,28600,.58149999,7,7,5,1,0
50750,11486,1,17,16,2,0,0,0,1,51,10,0,0,2256,56,12,8.3112001,18750,.69150001,10,10,11,0,10
23000,3481,2,12,9,2,0,0,0,1,44,12,0,0,1680,46,12,7.1429,20300,.72149998,7,7,9.5,1,5
65000,18155,4,7,10,1,0,0,0,0,53,12,0,0,2250,55,12,5.6889,13420,.72149998,7,7,5,0,0
20500,2705,1,7,12,4,0,0,0,2,42,10,0,0,2400,49,9,7.0833001,18400,.72149998,3,3,5,0,0
30000,5247,1,16,16,2,0,0,0,2,38,12,0,0,2196,42,11,5.6922002,16682,.72149998,10,7,7.5,0,19
19800,2993,3,10,12,5,0,0,1,3,38,13,0,0,2400,40,12,11.4,32685,.62150002,7,7,7.5,1,2
17100,2426,3,10,12,4,0,0,1,4,41,12,0,0,3825,41,11,1.4152,7050,.80150002,3,3,9.5,1,12
32300,5603,2,16,16,3,0,0,0,3,35,8,0,0,2860,44,9,2.7507,10867,.78149998,12,7,9.5,1,5
31000,5810,5,7,7,4,0,0,1,2,33,12,0,2.75,2750,34,12,6.6181998,18220,.72149998,12,12,9.5,1,5
16860,1954,5,7,12,1,0,0,0,0,48,13,0,0,2103,50,16,9.2725,26613,.69150001,7,7,7.5,0,5
23000,3481,8,7,7,2,0,0,0,0,47,12,0,0,1880,51,12,12.287,25000,.62150002,12,10,7.5,1,10
12700,1205,0,10,10,6,0,0,0,5,34,12,0,0,3185,41,13,2.8548999,15700,.75150001,7,7,7.5,1,0
16000,1806,1,7,10,0,0,0,2,1,33,13,0,0,2677,37,17,7.9709001,40250,.52149999,12,10,5,1,4
28550,4574,3,7,7,2,0,0,3,1,31,13,0,0,3600,36,17,19.444,73600,.44150001,12,16,11,0,3
37996,6724,2,7,10,0,0,0,0,0,58,8,0,0,4334,58,8,1.4806,10592,.75150001,12,7,7.5,1,2
21100,3049,4,16,12,2,0,0,0,0,49,12,0,0,2874,52,8,1.8918,8000,.75150001,7,7,3,0,1
18300,2461,8,3,7,3,0,0,0,1,55,8,0,0,1936,56,9,6.9215002,13400,.72149998,7,3,7.5,1,0
25700,3395,3,7,7,8,0,0,0,0,44,14,0,1.5,1964,49,8,10.692,23700,.66149998,12,12,14,1,1
6719,445,3,7,7,3,0,0,0,0,44,9,0,0,1900,48,8,9.9474001,18900,.69150001,7,7,11,1,1
14000,1271,4,7,7,1,0,0,0,3,36,16,0,0,2500,37,17,19,48300,.46149999,7,12,9.5,1,6
40800,8942,3,14,7,0,0,0,0,3,38,12,0,0,3173,46,14,7.4882002,24470,.66149998,14,14,9.5,1,12
11431,984,7,7,7,1,0,0,0,3,37,16,0,0,2916,38,17,9.2589998,28630,.62150002,16,7,7.5,1,6
52600,12588,3,10,12,2,0,0,0,0,47,12,0,0,2208,51,12,11.322,25320,.62150002,12,7,5,1,9
17500,1888,3,7,7,3,0,0,0,3,47,12,0,0,2094,47,10,6.447,13530,.75150001,12,10,7.5,1,14
6634,428,3,9,9,3,0,0,1,1,32,12,0,0,2250,33,12,6.5777998,14800,.72149998,7,7,9,1,13
45420,10574,4,16,10,1,0,0,1,2,43,12,0,0,2000,46,12,6.0999999,17400,.75150001,12,7,7.5,0,8
15800,1964,0,7,3,4,0,0,1,4,42,11,0,0,2600,48,10,4.2308002,15980,.78149998,10,10,3,0,0
10400,642,3,12,7,2,0,0,0,0,56,12,0,0,4368,57,8,2.217,16576,.72149998,7,7,7.5,0,1
26201,3994,2,7,7,3,0,0,0,5,38,13,0,2.25,3068,40,16,6.5188999,21850,.69150001,12,7,11,1,3
14319,1657,4,7,7,2,0,0,0,2,52,12,0,0,2218,51,11,6.4923,14600,.72149998,7,7,14,1,13
13120,1465,5,7,7,0,0,0,0,0,50,12,0,0,1848,56,12,11.364,21600,.66149998,12,12,7.5,1,3
24885,3905,3,7,12,2,0,0,0,0,33,16,0,0,2430,33,17,9.8765001,24000,.66149998,12,12,7.5,1,8
35200,6180,2,7,12,1,0,0,0,2,44,16,0,0,2640,44,17,7.6575999,20883,.69150001,7,7,7.5,1,8
9200,562,4,7,14,2,0,0,0,1,41,12,0,0,2108,42,16,8.3016996,19500,.69150001,7,7,14,0,18
15370,1482,5,7,12,2,0,0,0,1,45,12,0,0,1998,45,12,14.114,42800,.62150002,14,12,11,1,2
16302,2258,6,7,7,6,0,0,0,0,53,14,0,0,2500,55,16,16,41500,.52149999,7,7,7.5,0,3
24000,3957,4,7,7,5,0,0,0,0,53,14,0,0,1665,56,17,11.291,18965,.69150001,12,12,14,1,5
23450,3097,1,7,12,2,0,0,0,1,42,12,0,0,2990,46,12,2.3395,16100,.72149998,12,10,9.5,1,2
16486,1880,7,7,7,2,0,0,2,0,32,13,0,0,1795,35,16,7.7993999,14700,.72149998,12,17,7.5,1,10
25503,4309,3,7,7,3,0,0,0,0,56,12,0,0,2500,53,12,6,18800,.72149998,7,7,7.5,1,30
15250,1658,6,7,7,1,0,0,1,3,37,11,0,0,2205,40,11,6.6893001,14750,.75150001,10,7,11,1,1
35000,8688,2,7,12,6,0,0,1,2,40,12,0,0,2460,42,14,8.5366001,21000,.69150001,12,7,14,1,5
31875,5461,3,7,7,2,0,0,0,3,54,15,0,0,1880,55,16,13.83,35400,.62150002,0,7,7.5,1,8
16225,2038,8,7,7,5,0,0,0,0,53,7,0,0,3481,53,9,1.48,10700,.75150001,7,7,7.5,0,0
30100,5004,2,7,7,2,0,0,0,1,48,12,0,0,2450,51,12,8.5713997,24500,.66149998,7,7,9.5,1,4
42700,9774,2,14,16,4,0,0,1,2,36,12,0,0,2062,38,14,8.2299004,17045,.72149998,7,7,9.5,1,2
18200,2018,0,14,7,2,0,0,0,0,57,12,0,0,2146,52,14,8.3877001,18800,.69150001,7,7,7.5,1,30
9600,466,8,7,9,6,0,0,0,0,51,12,0,0,1575,49,7,7.3650999,14000,.72149998,10,7,14,1,25
12900,1623,6,9,9,6,0,0,0,4,33,13,0,0,3096,37,12,3.4414999,18214,.72149998,7,0,3,0,3
15700,1946,1,7,16,0,0,0,0,0,52,12,0,0,3280,49,11,3.3536999,20177,.75150001,7,7,7.5,1,20
25633,3853,2,12,12,1,0,0,0,0,56,10,0,0,1680,60,8,2.9762001,8300,.78149998,0,7,7.5,1,20
22200,2626,2,12,12,1,0,0,1,2,36,12,0,0,2625,38,11,5.1810002,14200,.75150001,14,9,7.5,1,0
7534,270,1,9,16,1,0,0,1,0,36,14,0,0,1846,50,16,10.293,21768,.69150001,12,12,7.5,0,15
15495,2085,2,7,7,0,0,0,0,1,46,12,0,0,2178,47,10,13.243,29553,.58149999,10,7,14,1,10
34550,6568,0,16,16,1,0,0,0,3,31,10,0,0,960,33,9,3.6458001,4350,.94150001,7,7,7.5,0,4
48000,11549,1,7,12,1,0,0,0,0,52,11,0,0,2210,51,12,10.407,24000,.66149998,7,7,11,1,3
20495,2467,2,12,10,2,0,0,0,2,46,12,0,0,2192,55,12,8.2117004,18300,.69150001,7,7,7.5,1,10
14640,1937,8,7,3,3,0,0,2,0,35,12,0,0,1960,44,16,8.6735001,17200,.72149998,7,3,7.5,1,9
11306,1138,1,7,12,6,0,0,0,0,59,12,0,0,1920,56,10,8.3207998,16476,.69150001,7,7,14,0,7
36550,7542,2,7,12,2,0,0,0,1,36,8,0,0,2286,40,12,4.2870002,13400,.75150001,0,0,14,0,12
31800,6051,3,7,7,0,0,0,1,3,51,7,0,0,2000,52,7,10.5,44988,.52149999,3,3,14,0,0
20000,2164,3,7,12,3,0,0,1,0,31,16,0,0,2256,31,12,7.9787002,18200,.69150001,12,12,9,1,16
7400,565,5,7,7,3,0,0,0,2,31,14,0,0,2370,36,17,11.814,28000,.62150002,12,12,14,1,4
34000,6117,3,12,10,2,0,0,1,1,32,12,0,0,1800,39,13,6.1111002,11550,.75150001,12,12,7.5,1,7
12590,1173,7,7,9,6,0,0,1,2,35,16,0,0,2250,38,16,12.578,28450,.62150002,12,7,14,1,7
12000,725,6,7,12,5,0,0,0,3,40,12,0,4.0999999,1080,43,12,11.244,15096,.75150001,7,10,7.5,1,14
14350,1114,8,7,17,6,0,0,1,2,33,10,0,0,2840,38,12,2.7407999,8009,.78149998,7,7,14,0,2
12800,875,5,10,10,5,0,0,0,0,54,7,0,0,2250,52,11,4.4443998,10040,.75150001,0,0,3,1,20
18000,1784,1,12,12,3,0,0,1,1,36,12,0,0,2746,37,12,5.8267002,16700,.72149998,12,12,7.5,1,5
24400,3089,1,16,14,3,0,0,0,1,50,10,0,0,2300,60,8,2.3478,8400,.78149998,12,7,3,0,10
16500,2093,5,14,7,3,0,0,0,0,54,8,0,0,2860,49,8,4.4755001,13000,.72149998,0,0,3,0,20
23500,3599,3,12,7,3,0,0,0,1,48,11,0,0,1765,49,12,8.4986,17970,.72149998,7,7,7.5,1,10
30750,5436,3,7,14,3,0,0,0,4,41,15,0,0,2520,42,16,7.1824999,18450,.72149998,14,17,5,0,8
17700,2120,7,7,7,8,0,0,0,4,50,12,0,0,2208,53,12,10.87,31000,.66149998,12,7,14,1,11
33000,4181,1,12,7,3,0,0,0,2,46,12,0,0,2119,51,8,7.1222,24135,.72149998,10,7,7.5,1,3
25000,3952,5,3,3,1,0,0,0,1,42,13,0,0,2580,47,17,10.6592,31700,.58149999,12,12,7.5,0,6
10000,351,5,7,7,3,0,0,1,2,31,9,0,0,1984,34,12,3.2762001,10190,.79149997,3,3,14,0,4
6114,346,4,7,7,5,0,0,0,0,53,12,0,0,1880,58,8,7.7521,21574,.72149998,10,10,14,0,4
36200,7088,3,12,12,8,0,0,0,1,51,12,0,0,2185,57,12,11.945,26680,.62150002,3,3,7.5,1,9
31850,5751,8,10,10,5,0,0,0,1,47,12,0,0,2080,57,12,4.6153998,17700,.75150001,7,9,11,1,10
21152,2831,2,7,12,2,0,0,0,1,50,12,0,0,1920,50,12,13.021,29400,.62150002,12,12,14,1,3
16000,1611,3,12,10,8,0,0,0,1,37,6,0,0,3000,52,5,2.6666999,22159,.75150001,7,7,7.5,0,2
14700,1178,3,10,10,2,0,0,2,2,30,12,0,0,2100,31,12,8.8332996,35000,.58149999,12,12,11,0,2
19394,2236,6,10,10,8,0,0,0,0,49,12,0,0,1690,39,12,2.3669,8630,.79149997,16,16,5,1,0
30000,4977,1,14,14,2,0,0,0,2,52,12,0,0,2600,49,16,5,17080,.75150001,7,0,14,1,8
11520,1003,7,7,7,5,0,0,0,2,47,12,0,0,1984,49,16,7.4597001,32500,.72149998,10,7,14,1,6
26450,3801,1,7,14,3,0,0,0,0,49,12,0,0,2064,53,12,7.7519002,16000,.72149998,7,7,11,1,15
18180,1999,4,16,10,1,0,0,0,4,44,12,0,0,2553,31,16,5.4053998,18850,.75150001,12,10,14,1,15
57500,14995,7,7,3,4,0,0,0,0,53,8,0,0,2776,59,9,6.1238999,17500,.69150001,9,9,9.5,1,9
22900,3698,5,7,0,4,0,0,1,0,30,12,0,0,2315,31,13,8.3368998,19392,.69150001,7,12,14,0,8
30700,5436,1,14,12,1,0,0,0,2,54,12,0,0,1880,55,12,7.1276999,14450,.72149998,7,10,7.5,1,18
34700,6928,8,12,9,2,0,0,1,1,47,7,0,0,2160,51,7,6.1204,21800,.69150001,0,0,7.5,1,3
29090,4194,1,7,7,3,0,0,0,0,56,15,0,0,900,56,12,3.1111,7700,.75150001,7,7,14,1,10
13200,1289,3,7,7,3,0,0,0,1,49,12,0,0,2467,52,16,12.161,31800,.58149999,7,7,11,0,6
26100,4180,5,9,7,1,0,0,0,0,48,6,0,0,1820,55,12,5.3846002,17258,.75150001,7,7,9.5,1,20
37000,7350,5,9,10,2,0,0,0,1,49,12,0,0,2223,53,10,3.9837999,13399,.75150001,10,12,9.5,0,8
13000,1080,8,7,7,5,0,0,0,1,56,12,0,0,2142,60,12,7.4696999,16073,.72149998,12,16,11,0,3
28200,5034,5,3,7,2,0,0,0,0,46,12,0,0,1928,46,11,11.411,23260,.66149998,7,7,7.5,1,4
19700,2972,8,7,7,4,0,0,0,2,45,12,0,0,2783,49,17,12.936,37300,.55150002,12,12,14,1,13
38300,7453,2,7,12,1,0,0,0,2,32,12,0,0,1960,35,12,5.6121998,11000,.75150001,12,7,11,1,4
90800,30285,3,16,12,4,0,0,1,1,43,12,0,2.7,1920,41,12,6.8098998,13075,.75150001,7,7,14,1,17
27200,3989,3,9,3,2,0,0,1,1,34,12,0,0,1587,39,12,8.5066004,13700,.72149998,7,7,9.5,1,4
39100,7716,2,12,14,1,0,0,1,1,30,12,0,0,2496,51,10,5.5079999,25100,.66149998,7,10,5,0,0
24500,3354,2,10,10,3,0,0,2,0,38,17,0,4.8000002,2280,39,12,7.2284999,18600,.69150001,12,16,5,1,15
38700,7584,1,14,14,1,0,0,1,1,33,16,0,0,2750,36,17,9.4545002,29000,.62150002,16,16,9.5,0,11
10400,310,5,3,3,8,0,0,0,0,52,12,0,0,2115,55,12,8.9834995,19237,.69150001,7,7,9.5,1,23
22000,3020,0,7,12,3,0,0,0,3,43,11,0,0,2590,45,12,5.9846001,19855,.72149998,12,14,7.5,1,1
11000,1253,6,3,7,1,0,0,1,1,33,12,0,0,2372,34,12,3.9628999,9450,.75150001,12,7,9.5,0,5
22679,3387,1,7,10,6,0,0,0,0,45,10,0,0,2295,48,12,7.0574999,30000,.58149999,7,7,7.5,0,1
28900,4952,2,12,12,4,0,0,2,1,36,10,0,0,2096,38,12,7.1564999,15000,.72149998,10,10,14,1,5
19625,2516,1,7,12,8,0,0,1,1,34,12,0,0,3315,39,17,4.0145001,24701,.66149998,12,12,9.5,1,3
28500,4574,2,7,14,0,0,0,0,2,37,14,0,0,1777,50,16,3.8829,15900,.72149998,10,14,11,0,3
24400,3331,1,3,7,2,0,0,0,1,46,10,0,0,1880,51,12,7.9787002,16240,.72149998,7,7,11,0,19
16310,2056,4,12,10,3,0,0,0,0,47,12,0,0,2184,55,10,5.0366001,21100,.75150001,12,12,9.5,1,20
43500,9549,5,7,3,3,0,0,2,1,31,16,0,0,3250,32,16,7.0769,23000,.66149998,12,12,7.5,1,5
13900,1828,1,7,3,8,0,0,0,0,57,5,0,0,1520,58,5,3.6184001,6340,.77149999,7,7,14,0,0
12500,1354,2,7,7,1,0,0,1,1,30,12,0,0,3119,30,13,13.466,42250,.49149999,10,10,5,1,3
21800,2978,0,10,10,6,0,0,0,0,30,12,0,0,640,43,17,14.531,14694,.72149998,12,10,11,1,3
22275,2845,8,7,7,4,0,0,0,3,44,12,0,0,2250,45,12,6.8000002,21417,.72149998,12,12,9.5,1,7
15000,1816,1,7,16,3,0,0,0,0,53,13,0,0,3000,53,13,6.6666999,20200,.66149998,7,12,7.5,1,7
15700,2141,1,7,9,6,0,0,0,0,51,8,0,0,2028,54,8,5.9172001,12090,.72149998,7,7,9.5,1,1
15762,1946,4,7,7,3,0,0,1,3,39,12,0,0,2412,36,14,10.24,24760,.66149998,12,7,5,1,13
14090,1631,4,7,12,1,0,0,0,0,52,8,0,0,2452,54,12,8.1566,23000,.69150001,7,3,3,0,0
23000,3721,1,7,9,1,0,0,0,4,46,8,0,0,2304,50,12,6.6774998,19365,.72149998,3,3,11,1,0
20100,2839,6,7,3,6,0,0,0,5,47,12,0,0,3120,49,12,.96149999,5550,.94150001,7,7,3,0,12
23600,3382,1,12,14,3,0,0,0,2,52,8,0,0,1670,54,8,16.907,68035,.44150001,7,3,7.5,1,0
35100,6749,2,17,14,2,0,0,0,2,45,12,0,0,2137,46,15,13.57,29300,.62150002,10,14,7.5,1,5
23150,3745,2,7,3,3,0,0,0,0,60,11,0,0,2071,52,11,8.9329004,18500,.69150001,7,7,7.5,1,45
32700,6024,8,7,7,2,0,0,0,2,41,13,0,0,1960,54,7,4.7371998,22582,.72149998,17,7,11,0,10
31800,5751,3,16,7,1,0,0,0,3,39,8,0,0,2068,45,12,8.5106001,21500,.72149998,7,7,7.5,1,2
78000,23943,8,14,12,1,0,0,0,1,49,12,0,0,2190,51,12,5.2511001,28070,.75150001,7,7,7.5,0,3
38500,7841,2,7,7,5,0,0,1,1,32,15,0,0,2295,37,13,21.785999,50300,.44150001,12,12,14,1,1
34700,6928,2,7,12,1,0,0,1,3,33,12,0,0,2970,34,13,7.9124999,23500,.66149998,12,12,14,1,5
42000,8343,1,12,10,1,0,0,0,4,36,10,0,0,2068,37,8,7.1083002,15500,.75150001,7,9,14,0,10
21800,2542,8,3,12,2,0,0,3,3,37,13,0,0,2419,39,14,5.0433998,13440,.77149999,7,0,5,0,4
20130,3056,6,7,3,1,0,0,1,2,30,12,0,0,2150,34,11,2.2442,8100,.78149998,12,12,11,0,7
24000,3471,3,7,3,2,0,0,1,1,44,11,0,0,1152,37,10,8.5068998,9800,.75150001,7,12,9.5,1,9
12039,1093,6,7,9,1,0,0,0,1,48,12,0,0,2640,49,12,7.5757999,20300,.69150001,7,12,5,1,5
30000,4977,2,10,10,2,0,0,0,4,40,11,0,0,2550,45,11,5.8824,15000,.75150001,7,7,14,1,4
42000,9020,0,16,7,1,0,0,0,0,47,13,0,0,1360,49,16,40.441002,56100,.44150001,9,9,5,1,11
9380,935,5,7,7,5,0,0,0,2,36,12,0,0,2420,40,12,6.2339001,22846,.72149998,12,7,5,1,9
26800,3653,5,16,12,2,0,0,0,2,40,11,0,0,2205,42,14,9.2971001,22225,.69150001,7,12,5,1,4
21600,3392,4,7,7,4,0,0,0,1,46,12,0,0,3268,46,12,.70380002,17635,.94150001,12,7,7.5,1,2
42045,9020,1,12,7,3,0,0,0,0,52,12,0,0,3672,54,12,2.5425,18500,.69150001,3,12,7.5,0,23
22762,3411,7,7,7,4,0,0,0,1,44,12,0,0,1800,45,12,5.0833001,13390,.75150001,12,12,11,0,3
24100,3500,3,12,14,1,0,0,0,1,45,10,0,0,1926,46,14,7.6842999,15150,.72149998,7,7,7.5,1,15
28000,4980,1,7,7,3,0,0,2,1,30,7,0,0,1920,35,7,4.0625,16200,.78149998,7,3,7.5,0,8
21180,2831,2,14,12,2,0,0,1,3,40,12,0,0,2080,44,12,6.5106001,33920,.66149998,12,12,14,1,3
23100,3505,2,7,7,4,0,0,0,1,43,12,0,0,2856,43,12,2.951,14000,.72149998,7,12,7.5,0,25
16000,865,2,7,7,2,0,0,0,2,49,12,0,0,2115,53,10,5.6738,16736,.75150001,12,3,11,1,2
26220,4496,1,7,7,4,0,0,1,4,46,12,0,3.45,1880,48,12,12.766,30650,.66149998,12,12,11,1,0
19900,3014,6,7,7,1,0,0,0,0,52,11,0,0,2000,52,12,6,12400,.75150001,7,7,11,0,19
28000,4177,6,7,3,2,0,0,1,1,31,12,0,0,2044,33,15,9.2954998,19022,.69150001,7,10,9.5,1,3
62500,17500,2,10,12,2,0,0,1,1,42,10,0,0,1677,47,11,5.1324,11203,.75150001,7,7,5,0,7
26800,4657,1,12,7,1,0,0,0,3,33,11,0,0,2184,38,8,9.0658998,19876,.69150001,7,14,7.5,1,1
19500,2930,8,7,12,3,0,0,0,0,57,16,0,0,3185,57,13,11.931,57000,.44150001,7,12,14,1,9
15500,2104,4,7,3,8,0,0,0,0,49,10,0,0,2680,51,10,6.7164001,18290,.69150001,10,10,11,1,3
18107,2419,3,7,7,1,0,0,0,1,45,14,0,0,3615,47,14,4.5851002,20220,.69150001,14,12,11,1,8
36000,6922,3,10,10,1,0,0,0,0,56,11,0,0,2139,56,12,9.2566996,22150,.69150001,7,7,14,1,0
29000,4979,0,7,10,8,0,0,1,3,41,12,0,0,3080,43,12,8.5656004,30623,.62150002,10,10,7.5,1,5
33552,6566,3,10,12,1,0,0,0,0,56,5,0,0,1261,53,6,6.7406998,9380,.75150001,3,3,14,1,20
24600,3378,1,10,12,2,0,0,0,1,48,10,0,0,2227,48,10,9.8788004,22000,.69150001,7,7,5,1,3
24200,3284,4,7,12,1,0,0,0,2,52,16,0,0,1920,53,16,9.375,23675,.66149998,12,10,7.5,1,12
37300,7448,2,7,12,3,0,0,0,0,51,12,0,0,2350,55,12,6.277,33671,.72149998,7,7,14,1,5
23300,3792,3,9,9,4,0,0,0,3,35,11,0,0,1785,39,10,6.4240999,12367,.75150001,7,7,7.5,0,1
16640,1917,5,7,7,8,0,0,0,0,45,12,0,0,2598,51,12,8.3718004,21950,.66149998,7,7,5,0,0
19175,2846,3,10,12,2,0,0,0,0,54,12,0,0,2455,58,17,12.22,32000,.58149999,7,7,9.5,1,7
24750,4121,2,7,16,2,0,0,0,2,54,12,0,0,2450,54,13,3.5611999,22610,.72149998,10,10,9.5,1,13
18500,2720,1,7,14,7,0,0,1,0,31,12,0,0,1218,32,8,8.8669996,12092,.75150001,7,7,3,0,3
24400,3571,3,7,14,1,0,0,0,3,53,6,0,0,2040,54,4,1.8515,3777,.94150001,7,7,11,0,0
21300,2437,6,7,7,5,0,0,2,2,35,14,0,0,2600,34,14,8.0768995,36000,.55150002,16,14,3,0,2
18880,2566,1,7,7,8,0,0,1,3,36,12,0,0,2450,40,16,8.9796,26900,.66149998,12,16,7.5,0,0
17930,1962,7,7,3,3,0,0,0,0,59,12,0,0,2717,60,12,6.6617999,32242,.66149998,7,7,11,1,2
35000,6419,1,14,12,3,0,0,0,0,54,16,0,0,2701,54,17,11.107,35020,.58149999,16,17,5,1,1
26000,3707,2,7,12,2,0,0,1,1,37,12,0,0,2600,47,17,14.077,37600,.55150002,7,7,9,1,10
13100,1270,4,7,7,3,0,0,0,0,44,12,0,0,3640,54,10,.41209999,1500,.94150001,7,7,7.5,1,10
24500,3834,1,10,12,6,0,0,1,2,34,17,0,0,2940,40,16,23.809999,96000,.44150001,12,12,5,1,1
39000,3328,8,7,7,3,0,0,0,0,49,12,0,0,1880,50,12,9.5745001,18150,.69150001,7,7,11,0,3
14252,1863,7,7,3,5,0,0,0,0,49,12,0,0,3500,51,12,1.9286,15500,.72149998,7,7,3,0,32
32500,5963,4,7,9,2,0,0,0,0,60,9,0,0,3320,60,8,2.5783,14000,.72149998,7,7,3,0,0
32011,6112,2,12,12,0,0,0,0,0,51,12,0,0,1605,55,12,7.2273998,14756,.72149998,7,7,7.5,1,7
18000,2180,2,7,7,8,0,0,1,1,30,12,0,0,2500,30,14,8.8000002,22000,.66149998,12,10,5,1,5
15500,1519,0,7,0,2,0,0,0,2,47,12,0,0,2400,49,9,7.75,24466,.66149998,7,7,11,1,2
26060,4442,6,7,10,5,0,0,0,4,36,12,0,0,1634,45,17,14.688,24400,.66149998,12,12,7.5,1,5
16200,1843,5,3,12,1,0,0,1,3,35,12,0,0,2260,38,12,10.487,24000,.66149998,7,7,9.5,1,3
18916,2587,7,3,7,2,0,0,0,0,58,12,0,0,3478,53,12,4.0253,15500,.72149998,12,9,11,0,25
16234,1843,4,7,3,2,0,0,1,3,41,14,0,0,2550,42,16,11.765,30800,.62150002,14,12,7.5,0,0
19120,2194,6,7,7,6,0,0,0,1,51,10,0,0,840,52,8,9.5237999,10660,.75150001,7,7,14,1,3
25561,4309,7,10,7,5,0,0,0,0,47,12,0,0,1520,52,12,6.9078999,13350,.72149998,7,7,11,0,10
22000,3020,4,7,12,2,0,0,1,2,45,9,0,0,1920,35,9,5.151,10090,.75150001,12,3,11,0,10
12487,1157,7,7,12,1,0,0,0,0,60,14,0,0,2703,55,17,20.496,55600,.44150001,16,14,14,1,7
20800,2986,1,10,7,1,0,0,1,1,30,16,0,2,1896,46,16,13.555,25700,.66149998,12,12,9.5,1,5
28000,4710,7,3,10,6,0,0,0,0,55,11,0,0,1960,57,13,14.796,29000,.58149999,7,3,5,1,15
39900,8300,3,7,12,0,0,0,1,2,32,12,0,0,3060,50,8,1.6905,7286,.78149998,10,7,3,0,1
28400,4817,2,7,7,3,0,0,0,2,36,12,0,0,2805,38,12,7.2296,37752,.52149999,7,7,3,0,5
18370,2461,4,3,10,3,0,0,0,0,55,12,0,0,1944,53,7,4.1152,13072,.75150001,3,3,14,0,9
18300,2461,2,16,17,2,0,0,0,0,47,12,0,0,1960,47,12,2.9990001,7044,.77149999,3,3,14,0,18
34000,6417,0,9,16,4,0,0,0,1,47,12,0,0,2112,52,8,8.0492001,18200,.69150001,7,7,14,1,1
37330,7126,3,7,10,3,0,0,0,1,37,11,0,0,2544,39,12,8.5769997,27000,.62150002,12,7,3,0,0
17800,1944,3,7,3,6,0,0,0,2,50,12,0,0,1700,53,17,9.3234997,30300,.58149999,10,12,3,0,6
32300,5903,2,9,10,5,0,0,0,3,30,12,0,0,2550,31,12,4.7059002,12000,.75150001,3,7,14,0,1
16308,2258,8,12,0,2,0,0,0,1,48,17,0,0,2080,45,17,9.1345997,31500,.66149998,16,17,3,0,2
14700,1178,4,7,10,1,0,0,0,2,43,10,0,0,2060,49,12,7.7670002,27092,.72149998,10,10,5,1,15
20200,2206,2,7,7,2,0,0,1,0,48,11,0,0,1955,46,8,4.1269002,20968,.75150001,7,7,3,0,25
20000,2164,0,7,10,3,0,0,1,2,41,14,0,0,2500,44,17,10,27000,.66149998,17,7,14,1,1
14592,1919,4,7,12,2,0,0,0,0,50,12,0,0,2750,52,10,4.0727,11225,.75150001,7,10,7.5,1,0
19800,2776,2,14,12,6,0,0,0,0,58,8,0,0,2040,59,5,7.8529,37700,.58149999,3,3,7.5,0,0
9400,772,8,9,7,7,0,0,0,5,38,13,0,0,3275,43,15,7.8168001,28200,.66149998,12,16,7.5,1,0
19640,2516,8,7,3,7,0,0,0,1,37,12,0,0,2400,39,12,9.1667004,34000,.66149998,7,12,5,0,8
25380,3324,2,12,7,3,0,0,0,0,50,16,0,0,2024,51,17,29.643999,63200,.44150001,12,7,9.5,1,22
18900,1242,5,7,9,2,0,0,0,4,42,8,0,0,1840,44,6,4.0760999,7500,.79149997,3,3,7.5,1,5
13600,1753,4,7,7,5,0,0,1,3,37,9,0,0,2033,37,17,8.3620005,17410,.72149998,10,10,9.5,1,10
18100,2636,8,7,7,7,0,0,0,2,41,16,0,0,1946,40,17,12.062,51000,.44150001,16,17,9,1,1
20900,3227,4,7,9,2,0,0,0,2,31,12,0,0,3660,31,12,2.3250999,12916,.75150001,10,7,3,0,1
16120,2216,3,7,7,8,0,0,0,0,51,12,0,0,2088,55,11,10.01,21900,.66149998,7,7,5,1,6
13300,1697,8,7,9,7,0,0,1,2,36,12,0,0,2048,41,12,5.2733998,17640,.75150001,7,7,5,0,4
23300,3792,2,7,12,8,0,0,0,0,54,15,0,0,1920,52,15,10.417,20000,.69150001,14,16,14,0,6
11050,1253,8,7,7,2,0,0,0,0,49,12,0,0,2000,54,12,7.5,15000,.72149998,7,7,14,1,0
16100,2216,8,7,3,7,0,0,1,1,48,9,0,0,2204,47,8,6.3520999,14060,.72149998,10,12,5,0,1
22055,3246,3,7,12,2,0,0,0,2,42,9,0,0,3157,45,10,3.8071001,15825,.72149998,7,14,9.5,0,3
17200,2028,2,3,7,5,0,0,1,2,41,12,0,0,1665,44,14,9.9098997,16510,.72149998,3,16,9.5,1,15
28800,4655,3,16,9,6,0,0,0,0,55,16,0,0,2304,56,11,2.6701,13000,.72149998,12,12,7.5,0,33
13400,1326,3,7,7,4,0,0,0,0,42,9,0,0,2275,46,8,4.3955998,10000,.75150001,7,7,5,1,2
21000,2810,2,10,12,1,0,0,0,1,32,15,0,0,2760,33,17,7.9710002,22000,.66149998,12,12,7.5,1,1
26200,3994,6,7,3,5,0,0,0,2,43,12,0,0,1750,44,14,15.429,29800,.58149999,7,7,7.5,1,10
20628,3161,2,14,12,2,0,0,1,3,33,12,0,0,3366,37,13,1.9854,15000,.72149998,7,7,5,1,0
9300,581,4,7,9,6,0,0,0,1,48,15,0,0,2205,51,16,7.2561998,22300,.72149998,10,14,9.5,1,14
14901,1798,7,7,10,4,0,0,0,2,43,12,0,0,1990,48,9,7.0352001,14550,.72149998,3,16,7.5,1,15
27000,3942,2,7,12,8,0,0,1,3,47,17,0,0,1930,57,16,8.1346998,19730,.69150001,14,12,7.5,1,15
24500,4074,4,12,12,2,0,0,0,0,54,12,0,0,1350,60,12,11.981,35000,.55150002,12,12,7.5,1,10
16700,2342,1,3,7,4,0,0,0,1,51,12,0,0,3340,52,12,5.9921999,21014,.66149998,7,3,7.5,1,6
16615,2321,8,7,12,2,0,0,0,1,51,10,0,0,960,57,10,4.1458001,10876,.75150001,14,7,7.5,0,18
22650,3627,7,14,7,0,0,0,1,1,43,13,0,0,2732,42,13,8.5101995,27850,.62150002,12,10,7.5,0,15
19150,2846,2,12,12,1,0,0,0,0,53,12,0,0,1624,59,8,2.9631,9560,.75150001,0,3,3,0,30
21400,2677,6,7,12,8,0,0,1,1,34,11,0,0,1804,36,12,8.8149004,30300,.62150002,7,7,7.5,0,15
37300,7771,2,17,14,3,0,0,1,1,31,8,0,0,2805,31,10,2.4955001,7720,.78149998,7,7,7.5,0,10
15000,1621,3,7,14,3,0,0,0,0,56,12,0,0,2160,59,8,4.8843002,10550,.75150001,10,7,7.5,1,0
15652,2122,3,12,10,6,0,0,0,1,42,16,0,0,2052,55,15,10.2,24106,.66149998,12,7,9.5,1,0
22457,3340,0,7,3,3,0,0,0,2,32,12,0,0,2250,35,16,10,22995,.66149998,12,14,9.5,1,4
17000,2188,2,7,7,6,0,0,1,3,35,12,0,0,1120,37,12,5.3571,6000,.80150002,12,12,9.5,1,0
47000,10077,2,12,12,7,0,0,1,1,30,12,0,0,2450,36,14,9.7959003,24350,.66149998,14,14,9.5,1,3
23750,3406,6,7,7,5,0,0,0,0,51,10,0,0,3432,50,11,1.3741,7608,.77149999,7,7,7.5,0,20
24126,3260,3,7,10,1,0,0,0,3,47,12,0,0,2700,48,12,3.4630001,28200,.72149998,7,7,3,0,3
57300,15066,2,10,12,0,0,0,0,1,54,12,0,0,2817,55,13,5.0408001,16150,.72149998,3,7,3,0,1
25600,4335,3,10,3,1,0,0,3,0,31,15,0,0,3000,34,17,16.667,51200,.44150001,7,10,7.5,1,5
17000,2405,0,12,12,4,0,0,0,0,47,10,0,0,2125,45,11,4.3294001,12646,.75150001,7,7,5,1,7
28007,4877,3,7,12,8,0,0,0,3,47,14,0,0,1864,42,16,10.193,19000,.69150001,7,7,11,1,6
15620,1732,3,12,12,4,0,0,0,3,40,12,0,0,2400,39,12,7.5833001,19000,.72149998,7,7,7.5,1,2
23300,3792,1,16,16,2,0,0,0,0,48,8,0,0,2160,50,7,4.1204,14400,.75150001,3,3,7.5,0,0
16200,1843,2,7,7,4,0,0,0,7,34,8,0,0,1040,51,7,4.8077002,7232,.94150001,3,7,11,1,10
30080,4947,2,7,7,3,0,0,0,3,38,12,0,0,2450,42,16,3.1531,21943,.75150001,7,10,9.5,1,6
19600,2951,4,7,7,3,0,0,1,3,32,12,0,0,2500,34,16,19,47500,.46149999,7,10,7.5,1,4
10100,565,8,7,7,2,0,0,0,1,48,16,0,0,2131,45,17,6.0535002,28900,.62150002,12,7,7.5,1,8
21000,3028,4,10,12,3,0,0,0,2,41,12,0,0,2165,46,7,3.7874999,12400,.77149999,7,7,7.5,0,18
21660,3192,3,7,10,3,0,0,0,2,49,5,0,0,2230,43,3,2.9287,6531,.78149998,0,0,7.5,0,7
26219,3994,0,12,14,2,0,0,0,0,59,8,0,0,1995,55,12,9.2972002,22422,.69150001,3,7,11,1,15
19500,2930,1,14,7,7,0,0,0,0,58,13,0,0,2025,57,16,9.3827,22200,.66149998,7,7,11,1,7
27000,4441,5,3,3,2,0,0,0,3,41,12,0,0,2450,48,15,26.531,77000,.44150001,7,14,14,1,8
12800,1605,8,7,3,3,0,0,0,2,45,12,0,0,2160,45,12,40.508999,88000,.44150001,10,10,14,1,8
30018,5517,3,16,7,4,0,0,1,1,30,14,0,0,1715,32,17,15.16,26040,.62150002,12,10,11,0,3
14300,1687,3,10,10,6,0,0,0,1,41,12,0,0,3018,42,16,18.964001,63500,.44150001,7,7,7.5,1,10
42200,9091,2,12,12,7,0,0,2,0,30,12,0,0,2216,33,16,5.4152002,12100,.75150001,10,10,7.5,0,9
7800,318,2,7,9,2,0,0,0,1,53,12,0,0,2499,54,12,1.9988,17505,.75150001,12,7,7.5,1,24
23591,3599,6,7,10,6,0,0,0,0,31,12,0,0,2250,37,14,8,18000,.69150001,10,7,7.5,0,12
27641,4602,1,7,7,1,0,0,0,2,43,14,0,0,2116,44,17,11.153,28069,.66149998,12,12,11,1,2
35000,5236,1,7,12,6,0,0,1,1,31,12,0,0,2016,30,14,5.9524002,14000,.75150001,12,14,14,1,6
30200,5301,5,3,14,4,0,0,0,0,51,12,0,0,2470,60,10,2.1194,8117,.75150001,10,3,7.5,1,18
38640,6906,0,17,12,1,0,0,0,0,43,9,0,0,1640,45,12,3.8383999,11895,.77149999,7,7,5,1,17
29000,4709,4,7,3,1,0,0,1,2,31,14,0,0,2016,34,16,17.361,45250,.49149999,16,16,5,1,7
30800,5192,0,12,12,3,0,0,0,0,48,11,0,0,2185,48,12,8.0092001,31106,.69150001,7,10,9.5,1,6
22650,3627,3,16,12,1,0,0,1,1,31,12,0,0,800,33,14,3,4000,.80150002,12,7,9.5,1,10
20000,2600,8,7,12,2,0,0,0,1,44,12,0,0,3022,46,12,10.589,40500,.58149999,7,7,7.5,1,5
33570,6566,1,7,7,3,0,0,0,1,48,11,0,0,1512,50,14,10.913,21620,.72149998,10,7,7.5,1,7
28300,4790,0,7,7,0,0,0,0,1,53,12,0,0,2677,53,12,5.6033001,23426,.72149998,0,0,7.5,1,11
30000,4707,0,12,12,1,0,0,0,3,42,10,0,2.75,3150,44,12,7.9365001,26000,.66149998,3,3,11,1,14
45500,10604,5,7,10,2,0,0,2,6,39,12,0,0,1430,34,12,2.9475999,7840,.94150001,7,0,9.5,1,5
32600,6293,0,7,7,4,0,0,1,2,32,10,0,0,3307,36,4,2.0562,6800,.79149997,7,3,7.5,0,2
16100,1825,0,7,12,3,0,0,0,2,36,12,0,0,3120,39,12,1.3013,5330,.79149997,7,12,14,0,4
32000,4701,8,12,7,5,0,0,0,2,40,13,0,0,3020,43,16,9.2714996,28200,.62150002,10,10,9.5,1,5
18500,2720,4,12,12,8,0,0,2,3,31,12,0,0,2056,33,12,4.8638,10000,.77149999,12,12,7.5,0,14
13000,1642,6,7,12,2,0,0,0,0,43,12,0,0,2383,43,12,1.0898,9952,.75150001,10,3,7.5,0,4
17200,2447,2,7,10,2,0,0,0,0,60,12,0,0,1705,55,8,12.44,24984,.62150002,12,12,14,1,15
18700,2327,4,10,7,8,0,0,0,3,39,9,0,0,3120,48,12,6.0897002,28363,.69150001,7,7,11,1,12
